Timestamp,Voltage (V),Current (A),Power (W),Reactive Power (VAR),Frequency (Hz),Power Factor
2020-01-01 00:00:00,232.48357076505616,26.284259565025106,6317.047881191446,1445.8920134780042,49.91924086599017,1.0
2020-01-01 22:58:20,229.3086784941441,12.640393765609662,3071.68585133536,885.9148767047107,49.977652749476306,0.9681357454586479
2020-01-02 21:56:40,233.23844269050346,23.952821358779172,6070.252543671459,1619.6704315704776,49.89551636860969,0.9582629495190524
2020-01-03 20:55:01,237.61514928204014,14.439923951652593,3101.8493915334357,944.0980349164396,50.17839225952018,0.9453358300358721
2020-01-04 19:53:21,228.82923312638331,42.329408400368884,9015.501588799912,2859.093836069162,50.1681492457418,0.9409756234611224
2020-01-05 18:51:42,228.8293152152541,47.90752103857883,11809.337012092943,2381.9328325956417,49.91161311048592,0.9473839881254609
2020-01-06 17:50:02,237.89606407753695,12.892659010317544,3041.66718399014,1071.2788218295927,50.01472980003891,0.9558565768717336
2020-01-07 16:48:23,233.83717364576455,48.20460829166806,11417.64287530783,3911.717084955139,49.9319505952236,0.9123912891187383
2020-01-08 15:46:43,227.65262807032525,30.903063973469806,7264.548343080001,1985.0907006178707,50.06149446390314,0.9186122080925063
2020-01-09 14:45:03,232.7128002179298,21.982627118154955,5298.846723638392,1115.8692264779918,50.05096830772423,0.9372623522212208
2020-01-10 13:43:24,227.68291153593768,13.07448301104654,3233.8804648118066,1135.0484114946887,50.08117055716133,0.9541427887355713
2020-01-11 12:41:44,227.6713512321487,30.02497072281671,7515.23757054222,2938.721164603235,50.03319184477079,0.9452145370569629
2020-01-12 11:40:05,231.20981135783018,41.780621779629946,10085.43784334746,2501.4943676016346,50.293540620638844,0.9795624245219896
2020-01-13 10:38:25,220.43359877671102,38.283459090667925,8079.8342919753295,2138.7719120691845,49.89720762349893,0.9203520642600845
2020-01-14 09:36:46,221.37541083743483,12.00904045855895,2860.421093427555,677.2406719490414,49.82893966455635,0.9349730906079325
2020-01-15 08:35:06,227.18856235379513,12.916073414716141,2669.832349609674,842.031015074825,49.96069097992985,0.980401834819822
2020-01-16 07:33:27,224.93584439832787,26.114931305305483,5558.248007596073,1283.7789761777374,49.84320117344397,0.9526223864935028
2020-01-17 06:31:47,231.57123666297636,21.811619761917733,5452.378344027403,1478.89649752599,49.850753772999404,0.9676968516560231
2020-01-18 05:30:07,225.45987962239394,19.295372922241913,4138.202862745826,1404.516822475938,49.8998685345802,0.9910249388653892
2020-01-19 04:28:28,222.93848149332354,21.240179956348545,4470.695858477035,1394.9608127967444,49.907781109456835,0.9361239116419635
2020-01-20 03:26:48,237.32824384460778,42.139309731875386,9277.037560644121,2572.453057139445,49.904538189804995,0.9480137132441593
2020-01-21 02:25:09,228.87111849756732,47.16912214527416,11571.018694834429,3286.7469387692445,50.05182189504454,0.9445514619813825
2020-01-22 01:23:29,230.33764102343963,26.204107781102657,6035.86269949937,1885.737361781518,49.94938109389147,0.9109081399103345
2020-01-23 00:21:50,222.8762590689327,46.244440085299885,10667.305235570355,2145.973215613253,49.98204854251275,0.9437920639248806
2020-01-23 23:20:10,227.27808637737408,22.85982804991528,4924.399872049053,1062.2027716433195,50.089423277450095,0.9676212437476133
2020-01-24 22:18:30,230.55461294854933,29.057479453751665,7045.0758214286425,2650.721145412952,49.92336774752186,0.9608117908362448
2020-01-25 21:16:51,224.24503211288848,19.04115991263999,4491.924298183253,968.3501643200742,49.973545410129525,0.9623816633877602
2020-01-26 20:15:11,231.87849009172837,35.61904168703376,7949.728167941057,2713.7249251875496,50.036575998609294,0.94248982038721
2020-01-27 19:13:32,226.99680655040598,49.15924460699236,10959.653189726709,4208.5904779349585,49.80584321993798,0.9368780552798871
2020-01-28 18:11:52,228.5415312510336,34.13972384173515,7349.325454553363,1867.7334715556651,49.76150944910494,0.9753851134379724
2020-01-29 17:10:13,226.99146693885302,24.312563364541955,6044.748121113049,1656.8551078334044,50.034611732879775,0.9400536570728466
2020-01-30 16:08:33,239.26139092254468,35.91269783962113,8842.740707289258,2774.713036400113,50.04920142805669,0.9558816407758642
2020-01-31 15:06:54,229.93251387631034,14.916827138615503,3727.9488076418816,1402.982941938639,50.20642201348524,0.9532666936135508
2020-02-01 14:05:14,224.7114453552205,45.546363210615944,9832.327608433936,3818.690383718549,50.01580948758668,0.9792343403251423
2020-02-02 13:03:34,234.11272456051594,30.123358031193455,7449.855103759809,2591.8988284509446,50.08197397172581,0.9694282471534471
2020-02-03 12:01:55,223.8957817501449,27.97398968158568,6596.28655940144,1433.531064741165,49.9804527356414,0.9240948275866575
2020-02-04 11:00:15,231.04431797502377,33.434591538140765,8020.9754897351,2677.648914026906,50.02972272215851,0.9262489366644991
2020-02-05 09:58:36,220.2016493806011,34.9913545115761,8422.717977982566,2375.718102526519,50.166725684174956,0.9615781963613826
2020-02-06 08:56:56,223.35906975550785,12.871032249060521,2813.6590505490376,827.6102355739082,49.787600718187434,0.9487132470524167
2020-02-07 07:55:17,230.98430617934562,37.304688848936095,7980.390849800809,1674.5228428787796,50.04136162575717,0.9408965643209247
2020-02-08 06:53:37,233.69233289997706,19.67726721262118,4756.344593053838,1133.0203932942377,50.21355867300774,0.9703125576798893
2020-02-09 05:51:57,230.85684140594987,38.55810530026359,9309.638161889077,3333.806762015386,50.028203421920935,0.9537491876417782
2020-02-10 04:50:18,229.4217585880588,42.90139177536787,9990.269677192984,2905.088168336986,50.16505729632328,0.9510491477377888
2020-02-11 03:48:38,228.49448152205355,42.15834030210081,9068.106504762849,2360.722368067923,49.937078785047056,0.9655965728151009
2020-02-12 02:46:59,222.60739004816287,32.100038696315565,7152.07400430894,1979.721368074502,49.99679525058363,0.9424978201011287
2020-02-13 01:45:19,226.40077895802645,30.806795692430047,6712.699148856236,2489.6052069481425,50.00335247023886,0.9813703797094511
2020-02-14 00:43:40,227.69680614520107,15.715038453576469,3526.35528118396,1233.5183843623054,49.778240892064126,0.9342390475353398
2020-02-14 23:42:00,235.28561113109458,41.01384601612543,9930.238741631816,2526.8791297324524,49.88318221721498,0.9631385813268417
2020-02-15 22:40:21,231.7180914478423,20.856375217868575,5069.814195216868,1133.1053385379325,49.890312492061604,0.9786766567731968
2020-02-16 21:38:41,221.18479922318633,29.867816912717863,6252.505902625991,1565.6252541813606,50.08220660780325,0.9224540902145579
2020-02-17 20:37:01,231.620419846974,21.37096371710067,4856.224612394465,1865.5249504054884,50.0872153105684,0.943133296482951
2020-02-18 19:35:22,228.07458859791842,15.353134519987726,3339.996308087955,1056.5001758662606,50.03240364427065,0.9728441478577111
2020-02-19 18:33:42,226.61538999847022,35.182307875669466,7492.299286926964,2297.85853489903,50.08241028968557,0.9731448909546204
2020-02-20 17:32:03,233.05838144420434,12.173281392916152,2997.883999145931,957.160565771401,49.983585058727826,0.9465700879922352
2020-02-21 16:30:23,235.15499761247975,39.945809365048,10162.31619925705,2776.402234727765,50.12019316695395,0.9353065781264628
2020-02-22 15:28:44,234.656400595581,22.703471810444668,5189.24698122693,1875.504929989405,50.000878844263205,0.9691187164466152
2020-02-23 14:27:04,225.8039123838868,10.005387720179414,2372.796360175168,722.8896135689033,50.00578640474268,0.973670982051632
2020-02-24 13:25:24,228.4539381207439,30.44516556948919,7507.5636651985915,1676.8111956027478,49.97344073667376,0.926706733029752
2020-02-25 12:23:45,231.6563171570178,11.874076341104125,2941.121899923319,664.1436330148825,50.068445047763646,0.9259217270206723
2020-02-26 11:22:05,234.8777256356118,21.04678231283598,4629.823010883158,1423.0771681928147,49.95788011833871,0.9545051336396719
2020-02-27 10:20:26,227.60412881077355,38.27905949822865,9507.558036069597,3682.410747846492,50.09764313771981,0.9625872126685778
2020-02-28 09:18:46,229.0717051166809,12.507584864874634,2794.466092316121,731.2291281667988,49.8867850859284,0.9440186182953989
2020-02-29 08:17:07,224.46832512996986,43.5735396942401,9466.40593163762,3539.567122065927,49.89010837452718,0.963585876399647
2020-03-01 07:15:27,224.01896687959663,10.152796906343324,2075.3761668215197,732.232387276167,50.06874267551265,0.9357972678632523
2020-03-02 06:13:48,234.06262911197098,19.87295476807609,4638.6533472945985,1157.6338730171947,49.9911455785417,0.9077061280185252
2020-03-03 05:12:08,236.78120014285412,39.63616224608286,8651.208953772933,1793.1200721986438,49.95461085838469,0.9415219785533481
2020-03-04 04:10:28,229.63994939209834,22.65080598917227,4939.9344109585145,1088.6106441394772,50.08900577324754,0.951264642930262
2020-03-05 03:08:49,235.01766448946012,14.07569552264054,3186.924968518034,1101.7160951420733,49.93927385859139,0.9444832008020708
2020-03-06 02:07:09,231.80818012523818,24.409356752017114,6007.774257775371,1441.468994006544,49.97997987456996,0.9268279347268102
2020-03-07 01:05:30,226.7744012269744,20.81573145538102,5074.971997061811,1391.8323043900093,50.13992279500712,0.9136870204824236
2020-03-08 00:03:50,231.80697802754207,43.708476086422195,9731.650276606328,2922.8022208491834,50.153914234581066,0.939718223912642
2020-03-08 23:02:11,237.69018283232984,22.533916703405726,5740.334721244565,1980.952967551347,50.157239821027034,0.9679531154329948
2020-03-09 22:00:31,229.82086980445024,41.55729887104029,10233.098146101554,2278.3608733830642,49.97178742230661,0.9751239487882736
2020-03-10 20:58:52,237.82321827907003,45.67488579242939,11437.505081706777,3217.064581420532,50.12307029049845,0.9737542676827691
2020-03-11 19:57:12,216.9012744795513,27.35269678306118,5513.614888698457,1637.6240205303795,49.90510471722313,0.9336818092970289
2020-03-12 18:55:32,234.10951252187613,46.39772575417568,11275.611981079548,3474.753620657824,49.909309712527794,0.9269258735273926
2020-03-13 17:53:53,230.43523534119086,25.092722158527714,6296.895178322505,2290.0052710505915,49.764954414737566,0.9599326922995979
2020-03-14 16:52:13,228.50496324767067,48.563136659604325,11502.045093656707,2695.339086928276,50.16728682018985,0.9627020002319585
2020-03-15 15:50:34,230.4588038826775,13.571580981022917,3022.360249474792,1092.7835835502171,49.913602015092394,0.9580033921040099
2020-03-16 14:48:54,220.06215542699553,37.48077066012971,8249.054832058107,2792.9293948156005,49.987346742025295,0.9097187345152447
2020-03-17 13:47:15,228.90164056081244,29.75256161827715,7008.89962862596,2180.9884743658113,49.908967565807174,0.9326623083023307
2020-03-18 12:45:35,231.78556285755874,25.505952218225882,5924.40975528506,2013.7398989583678,50.06951652483301,0.9494062241942803
2020-03-19 11:43:55,237.38947022370758,35.30847514994404,7744.759947106445,2187.1476858473184,49.96243663392826,0.9597443638926085
2020-03-20 10:42:16,227.40864890863176,38.15428366537325,8350.484546464777,1901.2342898719264,49.86951831095671,0.9653461472520497
2020-03-21 09:40:36,225.95753198553408,10.174530786012363,2438.05427798387,812.2452140291616,50.044166256418606,0.9528850704456407
2020-03-22 08:38:57,227.49121478207732,16.67812354988795,4068.379750166771,1240.5891876319695,49.85662699751898,0.9566156761307647
2020-03-23 07:37:17,234.57701058851038,38.52184202537275,8380.842605769873,2747.868435042876,49.916259427468454,0.9516973091672221
2020-03-24 06:35:38,231.64375554829843,36.655416543128254,9259.241382804348,2477.770736688154,49.78931108853739,0.9637123874843696
2020-03-25 05:33:58,227.3511989811648,48.64190020514709,10680.191239649472,4073.1399428970576,49.857604188780236,0.9562573130298182
2020-03-26 04:32:19,232.56633716556678,40.44151161003132,9710.657216984564,3082.8809340614534,50.017852916972046,0.9513147532009457
2020-03-27 03:30:39,230.4853877467402,48.03090830925352,11627.984679142974,2524.2086916076005,49.80354639618971,0.9446326240172523
2020-03-28 02:28:59,234.84322495266446,38.10162006139228,9506.160531105974,2756.413894854875,49.85188542753783,0.9516258285008495
2020-03-29 01:27:20,226.48973453061325,21.922088345577727,5407.768832552182,1899.593506341388,49.999763108386716,0.9596918275767855
2020-03-30 00:25:40,228.36168926701117,14.214596890034258,3124.6141335307775,1121.195641808941,49.945639310390696,0.9553495077779611
2020-03-30 23:24:01,228.0394592343392,41.272954533797424,10086.704904858894,3015.111884579971,50.19920366359593,0.957616528366905
2020-03-31 22:22:21,222.6824252593394,35.76596885903663,7377.770240942681,2795.8024484355215,50.183389654602436,0.9768544372270237
2020-04-01 21:20:42,231.48060138532287,11.92744049573185,2874.193502248195,728.7048770377947,49.91320775372488,0.9553032784549317
2020-04-02 20:19:02,231.30527636089946,24.402018636039134,5917.475402197884,1669.4366186559648,50.05571376184035,0.9370200295905368
2020-04-03 19:17:22,230.0255672832123,48.271992619371446,11498.47288421547,4366.193018846513,50.074928255687944,0.9676721357198833
2020-04-04 18:15:43,228.82706433312427,30.01604582840805,6528.23921277256,2475.84349079062,49.94025211419756,0.9226760332466216
2020-04-05 17:14:03,222.92314628974793,27.309165440788185,6542.050860239159,2205.603733881128,49.850445846350176,0.9283717323852142
2020-04-06 16:12:24,227.8967733861732,28.30798420637176,6024.039697771903,2239.7145226499974,49.998770155069195,0.9567169452944013
2020-04-07 15:10:44,228.28642741736616,18.35530896020655,3816.1899451188788,830.9931187745217,49.98271543251859,0.9603279333557315
2020-04-08 14:09:05,225.98861365389192,24.74828683459181,5836.080021634381,2176.8519842189385,49.95642355030294,0.92509897552992
2020-04-09 13:07:25,229.19357144166995,24.792530239487064,5654.417738154391,1493.4673249914795,50.044231686816445,0.9423436503802649
2020-04-10 12:05:46,232.02025428407268,12.094200807498897,3002.020305831807,707.475025462202,49.92492703929944,0.9378783233556068
2020-04-11 11:04:06,239.43092950605265,40.70270514071673,9518.216207128062,2359.3180125793037,49.88480024524208,0.940266473542368
2020-04-12 10:02:26,230.87288906415918,26.66017727615516,5746.755652603312,1629.743707728458,50.01090829703498,0.9688719555254589
2020-04-13 09:00:47,231.28775195361382,42.887195472656934,10586.736094431284,2649.207911241989,50.03859700925689,0.964130109270945
2020-04-14 07:59:07,229.62777042116917,44.01392004479582,10205.682479671146,2695.4586951660413,49.882335505609994,0.9496175564029258
2020-04-15 06:57:28,220.4061439235048,18.47976218794632,3819.8687146881457,867.0937621578363,50.09280906109911,0.9390807614577014
2020-04-16 05:55:48,229.86743062275391,36.29413928680514,8710.566256276437,2258.08671924955,49.82295188622239,0.9230070065955971
2020-04-17 04:54:09,230.30115104970514,28.89127216651927,6668.482583486994,2096.9494467143663,49.94218865412844,0.9784036987756389
2020-04-18 03:52:29,242.31621056242642,45.2062695168594,11182.745225744993,3224.7765340756123,49.974199146380236,0.9618422780056983
2020-04-19 02:50:49,229.03819517609438,18.629627167058164,4233.527636854333,1140.2742189524924,49.93637762873481,0.9358666179185371
2020-04-20 01:49:10,231.50773671166806,37.11252801240177,9156.680189596338,3198.340722076857,49.94349395264488,0.9643919899524978
2020-04-21 00:47:30,229.82644115147377,34.310084890108904,8405.109147224133,3183.031596183617,50.18710744823081,0.9485955275885074
2020-04-21 23:45:51,224.15660981190234,21.812059102873313,5094.070896024748,1789.841770167407,49.91491159109611,0.9442578099027531
2020-04-22 22:44:11,235.71411407257511,15.464036146046904,3357.4219567934006,894.4176807508245,50.24412217224719,0.958704230565792
2020-04-23 21:42:32,233.75966516343388,36.065590419091066,9002.034058645355,3140.705561642159,50.043712677973105,0.9351700350017454
2020-04-24 20:40:52,233.95515973521523,39.54389832529323,9567.924334608913,2204.4118441761384,50.009205513731196,0.9431248696097978
2020-04-25 19:39:13,225.4530627260263,22.625093750534,5301.896663392133,1198.565833926665,50.047624035338764,0.9524292212839909
2020-04-26 18:37:33,237.0139715546805,35.79330416089255,8251.035798531735,2220.5633708115074,50.2529927749252,0.9400109761422957
2020-04-27 17:35:53,222.9907446860386,25.80523630446013,6190.828719556304,2238.235148537584,49.90064069960685,0.9633817042053504
2020-04-28 16:34:14,232.93428546900134,38.52827533130471,9379.078306904308,2337.919561711696,49.88795820810636,0.9873813300735652
2020-04-29 15:32:34,240.9522781290499,17.968610995762123,3994.1138146641624,849.351025794196,49.92451338034281,0.934914037347857
2020-04-30 14:30:55,225.04731837434656,45.608600105446975,10074.778179499484,2280.344506165698,50.00321431469646,0.9166974940739191
2020-05-01 13:29:15,227.16851135198613,21.49638385862319,5260.663882433387,1955.6465045196692,49.82742288751874,0.9099651966504747
2020-05-02 12:27:36,230.4982568254382,24.711439510246116,5180.11530911223,1692.637161018218,50.00223392393186,0.9469906371701003
2020-05-03 11:25:56,227.482621729419,12.323678083213991,3062.1317555969845,767.4934157012582,50.16935471334137,0.9367367081974763
2020-05-04 10:24:17,222.24668284466935,14.460488492851056,3328.9539745942943,1035.5016438792327,50.01514073906248,0.9541572100213416
2020-05-05 09:22:37,230.34281487403013,30.634476108493125,7241.8405753420175,2212.4976183491085,49.97073145410247,0.952651953440522
2020-05-06 08:20:57,224.68848143136947,20.70370706911886,4438.418133615411,1469.5034131500802,49.938183955131635,0.917935663067718
2020-05-07 07:19:18,232.3679621531759,43.41920902968778,9582.333479490899,2363.362877845152,50.089851170455155,0.9137023234103718
2020-05-08 06:17:38,225.40287882883098,10.587735546198154,2597.5009974234226,968.5577237673315,49.917416722676194,0.9559186648069219
2020-05-09 05:15:59,237.7496720250877,25.163761946877447,5741.302034425759,1503.496077856622,50.18463959205992,0.9527085766943991
2020-05-10 04:14:19,226.08373353831882,23.493821870763707,5604.244150502056,1898.8654823953398,50.193335974771436,0.9414836400326689
2020-05-11 03:12:40,228.38969241897163,10.77310523670404,2407.8721509860547,489.3396475860419,50.025675079866176,0.9168571282973539
2020-05-12 02:11:00,234.06758608684834,14.974735960020409,3252.2101656184764,892.8338943500854,49.998848491192334,0.9594278252552998
2020-05-13 01:09:20,223.84567841783021,26.54570699674541,5360.6619762400405,1449.2118848084262,50.103065980824155,0.9754379909084788
2020-05-14 00:07:41,231.13729967302064,29.714583377897867,6928.941755999742,2138.94274138885,50.10947985022273,0.9555596488043784
2020-05-14 23:06:01,236.53571377141213,26.171589890194763,6779.57894394501,1454.5400345501928,49.919400826894055,0.9330505221886987
2020-05-15 22:04:22,221.96258382719387,31.237507136483753,6752.087443599908,2417.424714186062,49.94734448668633,0.9508910433114229
2020-05-16 21:02:42,230.92316929266153,33.80526699622726,7583.456086860453,1846.997446725214,49.86776525653167,0.9226777183813263
2020-05-17 20:01:03,231.29941397124213,10.396952845113425,2329.8231209239543,781.4402951551788,50.040906493833404,0.9711592142767758
2020-05-18 18:59:23,233.90911435888654,28.563806378140157,6708.786703046066,2419.4731030382873,50.06666278834569,0.9516368866905908
2020-05-19 17:57:44,223.8152464456096,48.53996963550353,10735.062099980523,3353.3692235562416,49.86500743621387,0.9146368617649353
2020-05-20 16:56:04,223.39771693457863,30.761291205181948,7394.157057247995,2574.4727697655776,49.954480109518386,0.9439865127911263
2020-05-21 15:54:24,232.60970782808448,37.10169069835813,8639.742555451918,2871.609052132119,49.86527460824186,0.9592660302046846
2020-05-22 14:52:45,231.48492336616593,22.474554316675327,5210.59254610135,1412.6226914117053,49.91012001897562,0.9433390475804895
2020-05-23 13:51:05,231.25246425172938,40.959655126110505,8786.950799791204,3178.8701972540275,50.05510170602263,0.9444820855711965
2020-05-24 12:49:26,231.73224104748488,40.9168592750446,10397.199155504946,2692.253597920982,49.92665179333217,0.9255119558590545
2020-05-25 11:47:46,226.59987639210755,30.851841906165557,6641.4344801707075,2087.0215295289095,49.96991740439677,0.961330819741633
2020-05-26 10:46:07,231.161268485805,49.04055293116854,10368.983850177572,3619.6001938590143,49.83726882720527,0.9370306159996172
2020-05-27 09:44:27,231.4653623664934,15.022008590506136,3590.5289995723792,990.2362366627045,50.01869902097247,0.9068710924598993
2020-05-28 08:42:47,226.42824290986817,10.67790659558324,2463.894601793432,641.9764151599835,49.995572668015534,0.9425748525865921
2020-05-29 07:41:08,239.3288725557238,40.80632847028384,9600.392827211694,2802.0589936966344,49.927104074996684,0.969622994311407
2020-05-30 06:39:28,232.36916460455893,42.2862214945953,9673.105923719068,3517.070689258763,49.98109857023175,0.942261411068001
2020-05-31 05:37:49,224.04348251398676,14.80828916482305,3506.8520271908474,1353.590009481422,50.018029488050345,0.9847596997024703
2020-06-01 04:36:09,233.28276804316914,20.623313318344245,4518.274447851388,1396.2221808247718,49.91851318510906,0.9585793589709704
2020-06-02 03:34:30,225.12659164886338,10.702094534665157,2563.644999910445,851.8819059596321,49.85237374559982,0.9567751632456073
2020-06-03 02:32:50,233.93542301871227,21.732344431222586,5235.210217469226,1992.8075027569657,50.18055744326868,0.9474320346816478
2020-06-04 01:31:11,235.792977895037,40.92567495674686,9493.598648209407,2085.832580713722,49.93667272952897,0.9486342758447142
2020-06-05 00:29:31,225.89658840824146,30.718421108503158,6880.937078011768,1695.571033892661,49.99032398968131,0.9447315272976099
2020-06-05 23:27:51,234.81688064622162,23.923823726731523,5344.300204249757,1826.5749304905487,50.10108397350203,0.9439546121583494
2020-06-06 22:26:12,232.0639046346825,24.86957179625321,6062.336936831083,2211.2306829584127,50.35290551875705,0.960617343241343
2020-06-07 21:24:32,234.11030079997244,10.054145028618727,2359.8397763363037,876.4581933731308,49.87555135501111,0.9312833754041886
2020-06-08 20:22:53,239.48396491326974,21.992021102609435,5078.034029628194,1437.1924799280864,50.04498272137265,0.9284821234255147
2020-06-09 19:21:13,228.77305941998566,35.858349665517224,8361.012330590476,1821.5968710533048,49.92924477147059,0.9275360989824925
2020-06-10 18:19:34,226.23131917821254,48.967777752654285,12176.398667639993,3501.4000929097106,49.94612096954233,0.9909130909535431
2020-06-11 17:17:54,225.55242785187238,43.88243307935598,9769.637257678565,2404.7661013601187,49.92797879789932,0.9606068580334115
2020-06-12 16:16:14,225.92094857517282,10.943798585821165,2680.4596480260934,692.1999990585582,49.88743450321994,0.9560898440336029
2020-06-13 15:14:35,229.61449145292949,45.94242418699358,10222.061457500156,3623.2455770253273,49.99587086382154,0.9288497065941314
2020-06-14 14:12:55,231.7057598740832,41.32793653194504,8723.152059195043,1876.397263037352,49.85254973129518,0.9624668460134965
2020-06-15 13:11:16,231.3834539966501,41.215044942839214,8972.38164021734,3279.551232345981,50.09468075665119,0.9476685730709333
2020-06-16 12:09:36,234.1359162451801,28.31983036014286,6522.867978542866,1862.499392775608,50.00550029360334,0.9542833788226349
2020-06-17 11:07:57,230.06500945938953,25.920211718180113,5628.951655374133,1796.8333414103286,50.042243497290144,0.9304675936827288
2020-06-18 10:06:17,237.26767038578657,22.116629153327704,4723.043247780169,1029.2949226332537,49.953381138805376,0.9532053771483515
2020-06-19 09:04:38,228.67671583381022,12.627794358174631,3127.3610811477542,836.4809466348373,49.96327960657882,0.9415233292358703
2020-06-20 08:02:58,243.6008458329481,19.129414539747962,4980.433154325728,1085.4365170721505,50.02875639051673,0.9346877768593962
2020-06-21 07:01:18,233.12833673882503,19.864145399120986,4855.301162909536,1904.7771037605107,49.883594936759415,0.964682126716145
2020-06-22 05:59:39,225.7142122179186,29.363082788408065,6187.342377650111,2236.429318075629,49.96420095655866,0.9192458438293999
2020-06-23 04:57:59,224.64553750969444,39.897776263867755,8282.331968620414,2417.832604770396,49.914038648612156,0.9612955252862829
2020-06-24 03:56:20,232.4123620762159,28.952393135917866,6146.985708483401,1504.2934754818955,49.9109431189409,0.9636897226710599
2020-06-25 02:54:40,228.88268607337073,12.313777977886424,2944.6918264312258,1138.685889040193,49.789016175937434,0.9324071264889752
2020-06-26 01:53:01,233.57000247046045,48.31159203952816,12251.884370438494,3294.7684031464187,50.133932658948,0.9335934307773506
2020-06-27 00:51:21,232.36618812286773,47.70897276376449,10931.93682740799,2538.3616929621094,49.93134612468462,0.9455394863746719
2020-06-27 23:49:42,229.63585543671564,41.40758172593634,8784.372664409337,2746.283704782612,50.11633760551636,0.9556407242092444
2020-06-28 22:48:02,225.76603140965798,49.65311606256882,11237.771632331624,4368.737933854266,50.10687923213943,0.9469429001637154
2020-06-29 21:46:22,222.42576387657067,31.779293312010516,6854.826242397017,1376.2164436469266,49.87140002934835,0.9586712492038375
2020-06-30 20:44:43,227.7674252396649,48.510734010128246,10772.548969475587,2667.5521008555975,49.89115887643271,0.985259593050748
2020-07-01 19:43:03,234.28199397161737,13.024201624670031,3125.380025010659,1211.6771069735469,50.256050295935566,0.9398456646170057
2020-07-02 18:41:24,231.070468720651,24.627229930454853,5939.554140619714,1391.1457006936198,50.17509259419271,0.9156964005859316
2020-07-03 17:39:44,223.77130610644005,19.015250720270632,3923.6858962146976,873.6035260505059,49.99684814866719,0.966518471660613
2020-07-04 16:38:05,230.8659046292559,17.833323365370802,3734.7014510802396,1172.8360946630344,50.02573731064174,0.9836662915185506
2020-07-05 15:36:25,231.9265868986442,15.632117955707043,3983.9430380204317,1483.4959475393562,49.93691535970528,0.9578553672610225
2020-07-06 14:34:45,225.58071281899433,34.896545662639866,7451.195818433113,2201.2468993934963,50.04323527142003,0.9282450264929266
2020-07-07 13:33:06,230.76862552972764,41.2528742298922,8670.374086647693,3458.723649062244,49.92828180992775,0.9475221527352959
2020-07-08 12:31:26,230.29104359223,33.131935976814425,7156.738601863772,2403.4785842481497,49.79676462357016,0.9276295303157673
2020-07-09 11:29:47,224.28514851084688,15.878508383528388,3232.930471528017,694.4818992448568,49.86784442134889,0.9628571098792589
2020-07-10 10:28:07,231.78893680174141,42.444950797338834,9625.391291566759,3836.3578091692216,50.002109274785056,0.9229741919460313
2020-07-11 09:26:28,232.80392263184117,35.438188286549135,8749.121214753974,2463.567467028684,49.88689327644974,0.9439974242634359
2020-07-12 08:24:48,235.41525621587638,25.52662824507982,5818.553950080213,1498.1642197299816,49.99327225350865,0.9299132434741219
2020-07-13 07:23:09,235.26901026017453,36.96521182144252,8599.683998179926,2679.4537372224704,49.89253389605671,0.9525364937026992
2020-07-14 06:21:29,223.11165316021453,20.396199169713313,4710.4357928090085,1228.7714330691044,49.9217646077498,0.9426731664572447
2020-07-15 05:19:49,225.3108748004244,23.80768833976842,5373.672878359106,1167.6534479002416,50.08531653064132,0.9535352420650053
2020-07-16 04:18:10,232.57517633604328,46.69943372527961,11646.270680342583,2332.581110093414,50.02474805476401,0.9504470110993273
2020-07-17 03:16:30,232.56892975456105,21.620180226856817,5396.2809879035885,1564.4718175490298,49.999033557868664,0.9302668194455177
2020-07-18 02:14:51,232.57523843153024,28.799530726317464,6041.52843495022,2219.492519300386,50.08789639730706,0.9625375412705804
2020-07-19 01:13:11,249.2636574532736,45.605645495840584,11999.986625479061,3773.552239719709,50.04806085933473,0.9490246869631377
2020-07-20 00:11:32,232.85445255346585,38.3088540107011,8850.332930428896,3538.7300385185886,50.144656329125134,0.9302294198426819
2020-07-20 23:09:52,235.677828200903,12.48812904658811,3230.923796927438,831.5406900835578,49.954014073768484,0.9948185311241158
2020-07-21 22:08:12,234.77000881746602,15.892121771158813,3718.4813649305547,952.2696593882425,49.95703650214725,0.9595286033343424
2020-07-22 21:06:33,233.25695625652898,10.313663630876672,2640.00219164753,612.3482233559305,49.869889073360866,0.9469347889320139
2020-07-23 20:04:53,228.42365377679826,35.236871609166535,8458.737406892556,1969.3016436123132,49.95710192826276,0.9783040905340364
2020-07-24 19:03:14,233.79484610246635,27.906937016416734,6196.452657174563,1592.7195795623184,50.09647698943024,0.9868363121877322
2020-07-25 18:01:34,226.13587392731213,15.370994036091021,3502.624845891975,1255.9292174570298,50.12999873722622,0.9470930115537223
2020-07-26 16:59:55,228.81590696629996,48.31736484227082,12143.970493904526,4628.6908468094425,50.09603051680867,0.9569479497286952
2020-07-27 15:58:15,227.57318226085448,31.186388957824796,7604.678007289817,3003.980392391259,49.82058081334505,0.9302399436399411
2020-07-28 14:56:36,230.4093706969316,19.675731764515568,4168.407712787604,1027.3371397048045,50.108314521266074,0.9470561449846397
2020-07-29 13:54:56,241.57329283336753,30.0241428461883,7552.39555207227,2841.6606431240693,49.81614813767279,0.9460187489248025
2020-07-30 12:53:16,220.66367403704126,37.18481330940431,7951.923199553097,2112.436491869785,50.08981173241224,0.953696540672433
2020-07-31 11:51:37,233.43130095187257,13.049568718942579,2745.8138648620884,611.1305993030275,49.9632215473429,0.9566552095727402
2020-08-01 10:49:57,221.93642064405174,20.98815260191568,4568.11765054795,1708.4987738466568,50.07025333139339,0.9611965689765611
2020-08-02 09:48:18,227.64034067105283,42.278619635359746,9113.757745169532,2982.2140799297586,49.86675516521054,0.9547528531259991
2020-08-03 08:46:38,235.44475298483684,28.38659481610645,7109.705751653159,1656.1787901991324,50.117116763270616,0.9257851474674167
2020-08-04 07:44:59,230.32140009547732,31.863085681291796,7099.992490165519,2030.3582381092476,49.85350252538951,0.9312306578851782
2020-08-05 06:43:19,224.61127611035346,27.31264008837877,6536.580630225611,1682.8527428884622,49.93315450891468,0.9390718476107265
2020-08-06 05:41:39,226.42348145370016,11.755997705720205,2395.9688584173164,832.2611400195933,49.9001905372231,0.9443551881615354
2020-08-07 04:40:00,233.39798874467337,16.629991192806237,3732.2200972957617,1084.893853134349,49.82457151471775,0.9710154858094422
2020-08-08 03:38:20,226.34816684141433,27.821665549675636,5971.386640024119,2375.751937495236,50.00945275675885,0.9267412202629417
2020-08-09 02:36:41,231.08229294790988,18.367418616317114,4018.216658996715,847.63877174174,50.18060891178369,0.9428516990365859
2020-08-10 01:35:01,230.22785919951906,11.999161146387149,2523.9607336757613,684.0010650518198,50.266690522232004,0.969060189964281
2020-08-11 00:33:22,226.7419982619709,43.74598656207295,9298.366257163669,2755.8501020681233,50.00971557870862,0.9440024505100677
2020-08-11 23:31:42,240.71972044662664,49.24770116656463,11986.599697308788,3603.4920424721786,50.11166812750675,0.9592083129968564
2020-08-12 22:30:03,233.16959511159007,41.72571495986958,9323.191425568024,2453.7443151727152,50.02320946379285,0.9472091591414419
2020-08-13 21:28:23,219.87428706671196,44.15139686818668,9547.374634872796,3301.9408983670473,50.04988831947682,0.9551356651464944
2020-08-14 20:26:43,230.93227157384715,19.679085212681816,4432.619275326757,1662.0080028619316,49.96578513488728,0.9454305491238092
2020-08-15 19:25:04,226.69106767615807,48.42507902052799,11802.834599161175,4576.476651089185,50.01950769254226,0.9633413094545671
2020-08-16 18:23:24,234.2621666739811,17.877028178137135,4527.382610703335,1634.4696729635875,50.05374787046064,0.9190988718518712
2020-08-17 17:21:45,226.0373963078365,48.05719241447329,10847.421354532456,4014.804630107699,49.942154027112366,0.9427337598322291
2020-08-18 16:20:05,229.42631779266551,49.79277175863804,11035.72032802601,3422.2768587154574,49.992250570010704,0.9559314535338861
2020-08-19 15:18:26,232.52493639490228,38.46891222984195,8241.549293991095,3009.6295646829135,49.99415698810025,0.9606739049601238
2020-08-20 14:16:46,234.32877597085061,49.24574927167288,12586.122440792322,3281.2119605175117,50.08264033173305,0.9798590524550765
2020-08-21 13:15:07,223.99851796472112,32.781591182684146,6697.174683943587,1873.1713123261197,49.89339678283723,0.9421795066626885
2020-08-22 12:13:27,228.32749382079527,20.381671327043613,4465.361117878413,1176.0984335066812,49.99484577913923,0.9795896352372174
2020-08-23 11:11:47,227.62527344419522,27.479835426624835,6002.481628092812,1761.5931044644474,50.19120054690527,0.9368195234668065
2020-08-24 10:10:08,226.73335383713143,33.74243741515144,7375.730716525376,1896.4178128060432,50.11640601525859,0.9765729282308928
2020-08-25 09:08:28,238.8272712014055,12.923262481080599,2879.196648670717,1129.5730181066272,50.13491790488887,0.9663493425339674
2020-08-26 08:06:49,232.02490855480477,34.89373058468985,8554.721793010027,2246.2041100072465,50.00244318401781,0.9317308284073555
2020-08-27 07:05:09,223.6955802283248,49.24711347049178,10184.621609193084,2236.6336261402234,50.0320997563686,0.9561407847450364
2020-08-28 06:03:30,234.58930973527387,17.604305991349104,4241.2090091632135,1295.1101439996119,50.10022361667029,0.9489752832893561
2020-08-29 05:01:50,240.61078098506317,41.703804651535336,9279.490249245962,1961.8681181837815,50.156025552953096,0.9625116918734999
2020-08-30 04:00:10,235.16232630275573,46.31595175118478,9956.241808250976,2211.3672604537815,49.80483970871171,0.9455345682313337
2020-08-31 02:58:31,222.40315017022994,47.74806371280883,11488.892350007562,2801.8866850434297,49.86845586929501,0.9438550754867653
2020-09-01 01:56:51,227.57882963566874,48.40542417621789,10333.338394790606,3026.3253321056704,50.130944410140266,0.977381891655257
2020-09-02 00:55:12,236.3345557459331,30.858385548858877,7761.472072616481,2224.827416833611,49.97231106442312,0.9480255821108865
2020-09-02 23:53:32,226.4616526719061,49.09231631966015,11216.764070934385,4037.3438032931826,49.93282792107419,0.9665284464838353
2020-09-03 22:51:53,232.21909714073115,40.292408285377554,8566.695506760527,2980.309940310571,49.87458390130044,0.9454929702991159
2020-09-04 21:50:13,233.8731702671467,16.466857449478475,4201.956577290123,1198.665507348691,49.94449832984559,0.9833332651845504
2020-09-05 20:48:34,225.36534764210958,29.0760042587188,6221.105090739104,1659.4228070577828,49.85976307165762,0.9364333074132901
2020-09-06 19:46:54,229.702373219691,38.73324701488016,9537.080231770247,2511.0536832431067,50.20910942727325,0.9377171293750562
2020-09-07 18:45:14,213.79366329965464,19.893612632763332,3971.4096122153537,1409.0522283404487,49.99775639480194,0.980490343622318
2020-09-08 17:43:35,224.87806179332856,35.624607341955496,8578.293574479725,1804.9971924350684,49.994204945823725,0.9411010721820949
2020-09-09 16:41:55,228.7371592430342,36.66401916186477,7569.969716287462,1533.40584295912,50.05880766751678,0.9820214861232878
2020-09-10 15:40:16,223.76108409017576,16.507989752342635,3702.548720862604,1329.6181183160068,50.09623451692666,0.9678368115918962
2020-09-11 14:38:36,238.16205651965817,32.60341249811025,8183.334479156186,2417.596573878359,50.09458881565546,0.9469070058687833
2020-09-12 13:36:57,222.84929311019684,40.8650764391443,9898.66850857411,2238.8435026281436,50.10736219439076,0.9137341305596568
2020-09-13 12:35:17,227.79977756651508,29.955826581437677,7382.404030466402,1824.2893870914868,49.93691544492091,0.9496136339145632
2020-09-14 11:33:37,230.65370288643047,10.484124671044297,2572.785687965604,994.3837024931798,49.97021331950431,0.9520326010706684
2020-09-15 10:31:58,237.2063664453306,10.361538763171687,2648.644083270265,985.0323108424677,50.07690316554423,0.9733443546660874
2020-09-16 09:30:18,222.8206892441028,24.281173758800488,5084.882646021977,1738.8112660623385,49.94726109383604,0.9817689435248022
2020-09-17 08:28:39,235.8158187607748,47.04776273727128,10615.728619399082,3146.980159617471,49.999489336797275,0.936300256417125
2020-09-18 07:26:59,230.05116530509792,19.14707118414435,4218.895494961031,1282.817299484331,50.03987637644248,0.9660236352797636
2020-09-19 06:25:20,225.09245674476026,35.37454755486749,7766.751123094439,3068.246542560568,50.078518508231035,0.965308043120267
2020-09-20 05:23:40,232.31051737131637,18.88303482773282,4293.132958662479,1687.8627763608408,49.82223190376298,0.9714682540482089
2020-09-21 04:22:01,230.99529847786735,22.866799586381944,5329.192538459863,1295.280546204621,50.0714745649889,0.9599737982427109
2020-09-22 03:20:21,226.99891561420603,43.92168358405936,9291.96292039092,3365.743295011939,49.976627594214825,0.9111500461807646
2020-09-23 02:18:41,230.3490104249501,39.15445769079788,9364.168604603004,2242.236437322475,50.070745771086436,0.9468915513494448
2020-09-24 01:17:02,228.0734320156912,13.815971092528425,2941.5526572605095,713.9368785509508,50.07769316923548,0.9268858485016617
2020-09-25 00:15:22,230.56758672625625,27.148080839457343,6021.9939057742085,2018.6844074499368,50.16079150611191,0.9459478845416385
2020-09-25 23:13:43,233.31065337260523,11.166790545810578,2607.074232944229,732.5884322771865,50.135345364762124,0.9696000847226778
2020-09-26 22:12:03,237.93008408072677,29.23560586412036,7368.440058805147,2846.493836936944,50.13465716626103,0.9561030167174994
2020-09-27 21:10:24,223.81092250586576,36.49736046804272,8559.729180821947,1864.3256811977078,50.14436703191662,0.9729618173279486
2020-09-28 20:08:44,240.66516687328132,14.740104943926063,3650.684399097993,1103.6206151479626,50.02913789848159,0.9568350784142707
2020-09-29 19:07:04,220.2395610023875,21.55539755636663,4420.518243611276,1696.171885216969,50.00321850870368,0.9240334812066219
2020-09-30 18:05:25,229.2410745248221,25.913465020086278,5996.3244876812705,2283.536673932336,50.08728170831783,0.8995830598685453
2020-10-01 17:03:45,232.9415860324229,46.78124098624199,9998.152915818957,2312.6311854684795,50.0732080951433,0.9529761752335918
2020-10-02 16:02:06,231.40495933867516,49.73020061691856,11225.55867567269,3068.25433816383,49.96909337632617,0.9457214706729766
2020-10-03 15:00:26,226.88650240089703,11.796451959824633,2630.1618903645076,851.7102804552894,50.04048234088083,0.9304610852123623
2020-10-04 13:58:47,228.95938874821363,40.44031693981568,8406.995560961417,1949.4055299349104,49.99649035332154,0.9159874550069724
2020-10-05 12:57:07,227.53499532670583,24.86896265609373,5402.77895332494,2126.55775416111,49.91460670915399,0.9353051357305457
2020-10-06 11:55:28,227.05317621527894,25.698327449179203,6366.619489600505,2438.0960787954014,50.129046074137634,0.9461101703027044
2020-10-07 10:53:48,234.2480104851051,40.17059893388091,10263.608822325248,2395.4240305504413,50.00551992425301,0.9633175564741278
2020-10-08 09:52:08,231.78507742982524,46.73705728581635,10513.005642189531,2357.342738001669,50.20487082576989,0.9537726216313596
2020-10-09 08:50:29,226.53545202369673,48.037143780101935,9887.708549866013,2146.4405471120767,49.83745077298002,0.9821613449434545
2020-10-10 07:48:49,234.49799937716625,33.08490344153283,7260.405317615873,2772.666986411899,49.94432212271566,0.9292879188790921
2020-10-11 06:47:10,231.53649760438304,24.284846372020112,5501.620106138336,1313.3729502272297,50.003263883669085,0.9676211778411486
2020-10-12 05:45:30,234.0643105941948,41.50196343435117,10584.086361098722,2998.016399127197,50.11373810976289,0.9509459748625745
2020-10-13 04:43:51,233.14814420961807,20.04005533049201,4337.016464353669,1256.738445446807,50.03994693726022,0.9638933824823717
2020-10-14 03:42:11,225.85502494538963,32.56296115334071,7742.114300930573,2475.945254550358,50.031047275418075,0.9412697027346891
2020-10-15 02:40:32,227.19909479901514,24.343138460994926,5097.884072940231,1092.7165078594244,49.88727362074459,0.9714336074778117
2020-10-16 01:38:52,233.73646802561632,36.26524294831505,9292.386712933723,2279.9030952619,49.88430586027705,0.9559044951669048
2020-10-17 00:37:12,233.05185132716733,19.615956515740276,4463.296118434377,1724.1627093457112,50.03225046602899,0.936411100301645
2020-10-17 23:35:33,229.89549203017927,17.66371782939303,4284.344085590628,1635.2571111914947,49.86358940061817,0.9497595194217362
2020-10-18 22:33:53,230.5866369165439,46.729563467017485,10435.989965913977,3717.9062645404433,49.94681222497107,0.9452088828212579
2020-10-19 21:32:14,236.38832447894214,14.072147317981475,3411.4292088203997,695.5230369619758,50.050091732908584,0.9597835670127558
2020-10-20 20:30:34,227.04214305582084,30.238316309397266,6442.487299173776,1709.8448503907548,49.90176757277232,0.9264044650125098
2020-10-21 19:28:55,232.7354869058502,18.834111318520357,4073.042177584074,1326.1489184836187,50.16053559623618,0.9494129659576861
2020-10-22 18:27:15,228.98903673783053,11.557198533026698,2878.336634305988,734.0853404512013,50.12239363442379,0.9579061450529865
2020-10-23 17:25:35,228.9115939838639,11.440752731657057,2837.6779848555043,1083.7584249454171,49.84285800016617,0.9506604661438606
2020-10-24 16:23:56,235.49388425993595,17.008870884233094,4315.885282534852,1410.3358963222852,49.9067628756818,0.9769388248877798
2020-10-25 15:22:16,234.12708174494014,44.67081418024001,10721.020207758222,2298.386715436279,49.771422275550506,0.965480455481421
2020-10-26 14:20:37,234.0675481800032,21.299149759081068,5292.810281964776,2020.8008817835662,49.921740863745185,0.9498503840651851
2020-10-27 13:18:57,236.52739403577164,48.01836682301183,10378.71285337362,4063.8195958239758,50.07663884765724,0.9543337819499534
2020-10-28 12:17:18,230.10501920816378,33.26489171956774,7401.499783668728,1595.3376463166917,49.95861050577251,0.95591331102964
2020-10-29 11:15:38,233.40976485647482,27.464567590750644,6171.64710420354,1891.4373212156981,50.0460797243616,0.9580659920833364
2020-10-30 10:13:59,228.44866621703272,33.20355338677818,7791.089780054616,2030.925627769409,49.84776656817183,0.9134868400867078
2020-10-31 09:12:19,231.6208317624422,30.66793540905071,6898.696736076773,1921.7548781604876,50.07979752545819,0.943969474084613
2020-11-01 08:10:39,229.34928472816156,40.351050150293005,8603.906782476139,2029.921823024441,49.944489077207166,0.9203112186361314
2020-11-02 07:09:00,230.4849798249636,21.29984263891409,5004.010843968843,1579.337982206964,50.00121696822829,0.9755656189491897
2020-11-03 06:07:20,232.97578512718457,24.122015664012096,5973.203352942585,2339.081767563726,49.990712549860696,0.9487830095999414
2020-11-04 05:05:41,225.90889658383264,45.76377210133003,10094.711346108255,3034.61680639725,49.87284514791077,0.9461331810064075
2020-11-05 04:04:01,240.4619363784273,47.85826052601622,10661.713053459252,2309.1449056469805,49.88469156682602,0.9679359466406646
2020-11-06 03:02:22,224.96991309250149,45.70232909945898,9657.939906731286,3129.1751055098725,50.09677944690034,0.9584464959489974
2020-11-07 02:00:42,223.92905693606133,26.777919758292544,5681.525694855383,1522.9022759621685,50.03989921575017,0.9274273097124158
2020-11-08 00:59:02,235.79055436750033,41.21462012027527,9329.098362530345,3462.8217294389997,50.105004904155344,0.9485818927494526
2020-11-08 23:57:23,233.95831346981467,29.05342933204395,6991.415265898751,2006.0861415582247,50.032465823550254,0.9432966605354722
2020-11-09 22:55:43,233.12059908526078,29.90159408584409,7111.409210998011,1696.5541164550302,50.01429906348092,0.9151093422278789
2020-11-10 21:54:04,233.1417275463214,18.187204362291357,4406.479662781017,1049.71654052253,49.82739893813332,0.9361944753352559
2020-11-11 20:52:24,229.93876613576543,33.64521213034066,7523.592323728422,2661.492122511903,49.972963330323886,0.9463291935596706
2020-11-12 19:50:45,225.51372814257084,17.445435910133916,4189.118650446328,1060.3393223685873,49.997261567959626,0.9477009813701631
2020-11-13 18:49:05,230.37902279096863,23.26258796268775,5042.040874261451,1782.09260154212,50.195310719827255,0.9203553715264537
2020-11-14 17:47:26,226.61419144243945,44.201208064797406,9954.599606508946,2400.8250698502643,50.068695663209866,0.9730333116609494
2020-11-15 16:45:46,234.87559866708875,18.28303236843421,4552.698682140295,1203.4479577978489,50.153606118170956,0.9479579388221712
2020-11-16 15:44:06,229.2647130924893,12.846331406937313,2756.810463500241,808.0139639490106,50.059753770589474,0.9507510615332112
2020-11-17 14:42:27,225.87251401603743,12.760303704512651,2657.3112241467475,1032.7352284211565,49.92886967730505,0.9580128327667967
2020-11-18 13:40:47,228.39307079173503,47.63138082012431,11713.472147912713,4525.456448220334,50.01171242161499,0.9342384749219266
2020-11-19 12:39:08,232.0646572713781,30.276817518473386,6805.4584108660365,1642.6632710860554,50.023622364626426,0.9591271194626538
2020-11-20 11:37:28,227.18137723598014,26.376482872680732,6212.604698933797,1687.6155995616143,49.906084443022934,0.9426585070796363
2020-11-21 10:35:49,225.88889802216784,42.435143240316734,8675.661426431847,1994.3599875945495,49.96156126234071,0.9320682891870561
2020-11-22 09:34:09,231.21843605745957,43.43303711642064,10424.228809612941,3148.085993173088,49.979423300632284,0.961468949867108
2020-11-23 08:32:29,231.2248328555436,23.287641324624182,5186.633819155731,1515.1013706203396,50.160561983256514,0.9798334771760361
2020-11-24 07:30:50,227.46528412314436,37.744722298951814,7822.766474076687,2973.8405748160294,49.7919259474609,0.9644965874697166
2020-11-25 06:29:10,227.6448084719084,40.84491263407546,9502.34303095597,3667.9146302721088,50.1205818420716,0.9684595513028086
2020-11-26 05:27:31,231.16024968678818,36.18602747463818,7931.147794106549,2194.6554922370474,49.906320476504064,0.939587387868754
2020-11-27 04:25:51,222.75957829251337,16.063802992003975,3497.3569574218586,1043.428014733527,49.862792081273035,0.9180476054166309
2020-11-28 03:24:12,222.96268112811723,45.03532334068228,9198.902346811783,3488.6584164759875,50.11799421300385,0.9798027504419968
2020-11-29 02:22:32,226.40777889373783,31.563782109440346,6641.991351138215,2400.0275266153167,50.07318980692344,0.9910902977880951
2020-11-30 01:20:53,228.93276424144076,21.298897054800147,4679.00215676162,939.2220090858053,50.125451870238116,0.9808561354753936
2020-12-01 00:19:13,231.55453782799003,27.009127417507756,5740.9501421251125,1515.6792285226707,50.080070194754555,0.943284281220405
2020-12-01 23:17:33,237.37678108474776,11.502843615956294,2954.8608705945685,840.2290148632627,50.20598450017374,0.9269073132254231
2020-12-02 22:15:54,234.28829811601008,15.114672048896702,3191.3544585529494,784.8921089375291,50.05587238369445,0.9286863460436087
2020-12-03 21:14:14,229.20030735018287,40.62187002063443,9280.491061854793,2226.522731875394,49.98435226238768,0.916325348647719
2020-12-04 20:12:35,229.90491896048655,10.000465390214647,2125.9135977267756,441.24803881638564,50.034292637732136,0.947852427631799
2020-12-05 19:10:55,224.98735317681096,26.662633139291685,5768.018044061846,1895.7972454534665,50.124346912834596,0.982113559161649
2020-12-06 18:09:16,229.90743432003805,30.900407243423537,7709.598655465301,1946.6895276040245,49.922062467473985,0.9471667473625551
2020-12-07 17:07:36,228.5567068053993,12.185376800038892,2596.6101032840884,546.5070631354503,49.93481114174686,0.9560464580069654
2020-12-08 16:05:57,231.61359280169046,48.92312651889331,12386.954633226977,3049.6169747904296,49.96910399854021,0.9775119392860842
2020-12-09 15:04:17,225.86384528223837,19.045013249986877,4048.470125676005,1458.998961419164,49.78954172012347,0.941918093763352
2020-12-10 14:02:37,232.59673257120585,22.167948785451234,5405.304724488444,2001.5726441786644,50.01380784084176,0.9907106291343919
2020-12-11 13:00:58,237.6636945650129,22.157700490201094,5315.242212768933,1576.5712621568327,49.811387129604896,0.989841888149949
2020-12-12 11:59:18,229.45619925771572,19.216666484693995,4748.446066576429,1344.8270409792744,50.005305931293265,0.9473777732263903
2020-12-13 10:57:39,232.0085586104947,10.058952883452456,2358.9646537329227,933.1373906451626,50.086528975613525,0.9384493147196157
2020-12-14 09:55:59,233.45071995855557,39.17379176351986,9208.359738558245,2211.046254977334,49.95231235393562,0.9639447609278062
2020-12-15 08:54:20,227.99389764057082,48.67381999197141,10421.413079716485,2533.1522253791727,50.16771158701869,0.9430495011496228
2020-12-16 07:52:40,231.1204624090521,18.971739331401803,4092.0565276034513,1057.2787029176886,49.85394991005815,0.9268688956586533
2020-12-17 06:51:00,230.06296200390898,36.5218876721369,9102.22981816671,2134.9413263862684,50.11912606816318,0.9756247730704596
2020-12-18 05:49:21,230.48838049274417,39.6758530783486,8829.945276765231,2435.944549759101,50.06751370564069,0.9743289477455416
2020-12-19 04:47:41,226.13495108072266,43.93701516362099,9681.504440468156,3699.9500107199674,49.82839667516893,0.9531102320752711
2020-12-20 03:46:02,230.12255087129472,26.905167880544365,6513.224765964858,2104.224712245977,50.271079429904056,0.9247427049254364
2020-12-21 02:44:22,232.48999145622724,22.11723622561717,4976.28096801127,1405.2485475416813,49.993625471449604,0.9254094749756522
2020-12-22 01:42:43,237.2557180389752,23.011805360921244,5953.30588138852,2303.227832068451,49.91225159778444,0.952144585768383
2020-12-23 00:41:03,234.79635413042604,38.50485332394051,9471.010612407923,1986.0031745017284,49.859291280521596,0.9400025793098993
2020-12-23 23:39:24,240.7659122875578,42.67117866022544,10473.958292017385,2535.2764418332617,49.97799819723403,0.9431781413571678
2020-12-24 22:37:44,226.16326218555974,17.264558710264104,4202.058246252852,1315.9910251562444,49.987259312761005,0.9704392631012
2020-12-25 21:36:04,234.3616031836034,24.83764032631061,5296.641376967624,1711.4005741347157,50.01026455285397,0.9646635863484511
2020-12-26 20:34:25,230.91671002869177,46.077607869966,10123.114670122197,2104.7119690239283,49.970220384377605,0.9775628536099522
2020-12-27 19:32:45,240.94901466608837,42.26774078778957,10113.153909748153,2837.8293800113415,50.06332253101151,0.9301875355324548
2020-12-28 18:31:06,225.95850857322424,49.39433611049903,10551.628164634256,3480.251884625538,49.961237016733676,0.9431361686262657
2020-12-29 17:29:26,225.80139078909613,40.16993038728323,9512.890947123225,3230.711985691502,49.80650358827595,0.9651796339092023
2020-12-30 16:27:47,227.0030367727799,25.72780804111689,6329.949895695967,2073.8687010136523,49.98506385043503,0.9589615668202578
2020-12-31 15:26:07,219.38052137845096,33.625513359785515,7264.316401108857,1918.597817885252,49.76325223466267,0.9806476076517524
2021-01-01 14:24:27,227.3712248915962,36.44057016989281,8023.933836326606,1754.8666240882637,50.035377063089136,0.9584107341180813
2021-01-02 13:22:48,226.20433669223152,13.138232652684959,3246.264053124025,926.5567669153941,49.90206997697174,0.9869621820821111
2021-01-03 12:21:08,230.75196893238103,31.779878364154605,7252.3871104365435,1637.2328264832277,50.01633603549158,0.9608003560344628
2021-01-04 11:19:29,231.7087798788858,38.37283313890438,8871.84750674723,3455.8040197857,50.13140749815246,0.9712433489517731
2021-01-05 10:17:49,239.38085419607944,16.692852160042413,3877.3892939845587,1143.9623445428138,49.9051251304732,0.9435297010643108
2021-01-06 09:16:10,234.75211919093024,41.22526869702229,10470.418214211382,2758.450890404639,50.10612562585121,0.9502857442376798
2021-01-07 08:14:30,227.11548172168798,33.35091122056447,7678.969043360292,2712.678856656658,49.95666104333139,0.9682188880767895
2021-01-08 07:12:51,225.5079266432582,48.08887142790378,11413.048046297508,3419.231851605022,50.17531948020656,0.982259563411861
2021-01-09 06:11:11,232.45959585753252,11.696891928275669,2888.618679433403,756.8377504911342,49.96348473868018,0.964584738986215
2021-01-10 05:09:31,223.3988339648968,20.61304550221868,4459.27550095298,1616.0126724320767,49.91595070144933,0.9483365645613075
2021-01-11 04:07:52,239.15729382927177,34.06215517199296,8038.184834842608,3001.702820904195,50.06872384503953,0.9775467005905668
2021-01-12 03:06:12,235.89720060360642,21.862396488237227,5516.711302279094,1845.9006119539931,49.956421027037635,0.9061604268744023
2021-01-13 02:04:33,227.65412173947647,38.57696656284969,8542.021523296755,1788.6385260664501,49.9158550485871,0.9215553099698625
2021-01-14 01:02:53,221.43432735454562,40.36021130087724,9462.523908049689,2964.2735402602116,49.95221601492962,0.9636326844733677
2021-01-15 00:01:14,236.76936187082705,14.100638562658979,3633.058517033244,1281.2307196146219,49.9955393467817,0.9502821671250624
2021-01-15 22:59:34,229.4273007737369,30.554178568270707,7182.702740570175,1632.632659911801,50.13421801312449,0.9621102730224833
2021-01-16 21:57:54,236.1890815598673,30.355622223642236,7516.143948449749,1846.9732465313186,49.80659122545404,0.9512881504486388
2021-01-17 20:56:15,222.02786170602818,24.77123080862164,5835.504557534241,2197.061753032202,50.00230806589504,0.9614189138920775
2021-01-18 19:54:35,227.00312488523113,47.31699450278688,11482.327074156563,2342.6742531537525,50.06249035946541,0.9337119435801361
2021-01-19 18:52:56,230.0262184985909,43.10025279492885,9706.09597555878,3402.4275637410733,50.01934485749918,0.9614097217215938
2021-01-20 17:51:16,230.23490296882372,37.888375276385474,7940.340317007783,2340.4522985363155,50.13098651694335,0.9698882905641516
2021-01-21 16:49:37,227.74967264260377,38.573065429399904,8612.599573578073,2492.0938556573255,49.99256546702415,0.9744110120786246
2021-01-22 15:47:57,233.1142496617375,28.468645752524765,6867.071795235624,1383.1608386750474,49.98154485578141,0.990271085892974
2021-01-23 14:46:18,224.66189785308703,46.83978084386303,10418.620348718105,3791.123886313845,50.059232954701336,0.9548819688700477
2021-01-24 13:44:38,229.28810257489354,37.783817090131414,9094.752191501188,2473.4540990244595,50.009931381495136,0.9554782217369435
2021-01-25 12:42:58,230.6014781585595,39.159242466232655,8771.884338259693,2703.0835820268085,49.96095912617195,0.919536550716523
2021-01-26 11:41:19,232.57219417029376,44.46763615149381,10620.638758220253,3562.800935697187,50.05161440395864,0.9393717719772314
2021-01-27 10:39:39,233.55807439044446,20.962863573687642,4588.985434820741,1562.6684654337205,49.934747170678335,0.9461383585198677
2021-01-28 09:38:00,224.37678954081065,42.28283615466812,9960.454913409914,3896.490237493193,49.93888228479807,0.9710063910455271
2021-01-29 08:36:20,222.3294291463219,17.80962411825968,3995.791147713383,1223.782925856534,49.94720059782344,0.9377799775182074
2021-01-30 07:34:41,236.38838410949253,23.813678089795513,5296.096184047431,1482.6098745304498,50.13530691601664,0.9659268003949766
2021-01-31 06:33:01,231.66157005989797,23.424418170793707,5200.697127483478,2032.1241676498958,49.67789836440143,0.9499675656607324
2021-02-01 05:31:21,226.25756731721722,49.14101873556562,11671.359899990592,3833.131909688199,50.039559883476294,0.9464566376977047
2021-02-02 04:29:42,237.7557598776126,44.26148894991707,10486.805023973759,2722.6899356148615,50.00342718142002,0.9549778793826651
2021-02-03 03:28:02,230.5783731714643,38.04679446361039,8274.529914864317,1864.1924193233817,49.83191295407619,0.9421768725549431
2021-02-04 02:26:23,235.89648592031912,39.082270464615604,10080.959487971533,3714.943456730016,50.0309726779136,0.9414192550381466
2021-02-05 01:24:43,230.33759240705055,32.48291177610284,7803.950308218375,2126.079507794964,50.04757519918315,0.9159042818841977
2021-02-06 00:23:04,240.30373962440993,47.88362668434076,12558.62942293436,4170.644779723793,50.05896392313574,0.9450409158534422
2021-02-06 23:21:24,238.77670421221603,29.85035011529446,7023.655467691548,2066.101557169959,49.734817193695505,0.9404006370770255
2021-02-07 22:19:45,228.75517925760462,25.220708394795782,5740.636611974563,1376.5240378155995,50.136638941185446,0.9396803802130184
2021-02-08 21:18:05,234.85785475477178,16.52141347726364,4189.011597552913,1341.8967558312645,49.92622632953152,0.9583374612518007
2021-02-09 20:16:25,233.22687974792575,41.44822609044232,9715.270037227134,2060.9644877541373,50.06865677467532,0.9631726390558102
2021-02-10 19:14:46,236.84315778766174,39.377757283023655,9712.983616244956,2745.554431374447,50.07410737806823,0.9546438900928466
2021-02-11 18:13:06,225.17538269709948,25.374201540965394,5430.446275852602,1679.761867854916,49.91233029143807,0.9699083038089894
2021-02-12 17:11:27,233.4302572999922,11.007736558369174,2542.161096218211,730.1325499892264,50.06604599523516,0.9615112385166072
2021-02-13 16:09:47,235.29212243424794,43.55989310872043,9477.424666890045,3314.581761605603,49.961450675908765,0.9440988762038871
2021-02-14 15:08:08,221.20630256788442,10.456719338162944,2177.0731633726123,795.9052726399403,49.79286228206618,0.9407428742857123
2021-02-15 14:06:28,224.08370743667112,38.14799118516204,7695.121893944989,2725.9862716982266,50.116774192552775,0.9562564447353369
2021-02-16 13:04:49,219.8038391111995,48.81028438904228,9740.071604017054,2023.6224989733967,49.92249550369838,0.961475342198038
2021-02-17 12:03:09,228.65296582777722,27.50645312592814,6889.8009250314335,1645.4619014450616,49.914550653726195,0.9779568861406299
2021-02-18 11:01:29,233.5877112789798,19.39893619983811,4297.855831297173,1320.8235088208673,49.95969341319633,0.9738234608988019
2021-02-19 09:59:50,237.51178526048014,38.19484040173527,9368.026692022317,3625.0929038381228,50.02722367253274,0.9391705398698565
2021-02-20 08:58:10,230.37047390209887,42.68512568062341,10500.292727527718,3853.516656081492,49.99427295891779,0.9479598743974548
2021-02-21 07:56:31,238.14307772785645,31.857212643113893,7663.442537991039,2824.0314658039206,50.05480669247072,0.9634203560983553
2021-02-22 06:54:51,223.09949270892554,48.681411010245846,10107.372589796634,2634.402155280984,49.866051063347136,0.9713599555611794
2021-02-23 05:53:12,221.48308780322424,12.066748866318445,2794.5127207148585,798.9220663971078,49.925761362956926,0.9687793893740958
2021-02-24 04:51:32,229.7222615055169,30.191823932181126,7074.797496849356,2080.989350934451,49.98840029276785,0.948722443343373
2021-02-25 03:49:52,231.92032724469652,38.738157892902,9399.685003648776,2175.7856631326786,50.18978872926587,0.9249195469514296
2021-02-26 02:48:13,229.83652625952953,44.505618845967156,10780.865383843411,2223.1613427473217,49.98861874615862,0.9300212724750881
2021-02-27 01:46:33,219.66278949980062,17.170224476311603,4130.276601688293,1608.2494982801738,50.10852222636616,0.9554526702863883
2021-02-28 00:44:54,229.55439980243605,42.00013927054726,9783.166138825121,2427.6194712154766,50.00385551687843,0.9568445115884868
2021-02-28 23:43:14,223.47765249747573,32.10828302874181,6948.223393521983,1723.0883959248945,49.951634136256246,0.9280264125313122
2021-03-01 22:41:35,233.3483627441502,25.862147279598528,6214.08317052753,1346.4415090652976,49.97532755758856,0.9508913922177854
2021-03-02 21:39:55,231.83299123048425,15.268601143163743,3234.241739363641,1247.4520532045824,49.983158028797114,0.9626244871394356
2021-03-03 20:38:16,225.30060106836322,44.6118303563565,10849.926021281157,3428.006166033731,50.060364573896074,0.9269754668498571
2021-03-04 19:36:36,227.43066541331655,16.290928327188613,3423.0136851455436,1141.2579951164207,50.13746112675766,0.9720999440360882
2021-03-05 18:34:56,224.70393239055525,22.39151436836397,4858.220909953137,1857.3725609368987,50.03596808476863,0.9424493770288035
2021-03-06 17:33:17,229.68660451363414,21.601821278497475,5274.972529961644,1419.6218853428024,50.11870776787418,0.975152262251533
2021-03-07 16:31:37,234.7757116025062,44.85656136763417,10736.194944440496,3481.7637192428006,49.90352102623703,0.939330951084482
2021-03-08 15:29:58,225.07136976832228,36.90811976835592,8130.2479533408605,1689.139428148228,49.958536949118596,0.9294674903423163
2021-03-09 14:28:18,232.5202325775892,41.86725588765489,9683.263389786202,2298.3661949249013,49.92756974657923,0.9408372602031656
2021-03-10 13:26:39,227.3487119081378,20.01871595169996,4873.954581494096,1785.081776311994,50.03144445908749,0.9480970375384535
2021-03-11 12:24:59,226.03563583868828,34.994963984279956,7656.992388250186,2705.6263712567857,49.964104161482055,0.9422304018645703
2021-03-12 11:23:19,229.4648482002272,32.86983932574995,8100.087221853999,2188.064721272506,50.07297729370342,0.9456799715685377
2021-03-13 10:21:40,224.82378838790314,43.31321507153084,8935.704806529096,2460.554668856475,49.90689982883676,0.9566793029935238
2021-03-14 09:20:00,227.2317534732641,46.24348241925042,11089.706505838729,3401.3337157673914,50.00430309733213,0.946576412604072
2021-03-15 08:18:21,224.01061053705575,10.486270859095473,2512.3163134038923,502.5843586811925,50.068685791101224,0.9486777521209598
2021-03-16 07:16:41,239.82362566458195,36.960796762351706,8299.994021859564,2060.464113756535,49.79346972249594,0.915815472015948
2021-03-17 06:15:02,230.17631775985865,12.073431964789162,2740.304462753808,662.184603434039,50.21216313073302,0.9578339603202094
2021-03-18 05:13:22,226.50137246003706,31.954346603094237,6753.500680585685,1689.027486387064,49.97168481151201,0.9482159340461666
2021-03-19 04:11:43,231.06989955367112,21.505309161747128,5174.56229968345,1868.9544579103247,49.797496008632386,0.9822058596096573
2021-03-20 03:10:03,229.43835975154585,22.27106398088565,5145.960652003335,1317.0302626370715,50.01580938985768,0.9312086966549208
2021-03-21 02:08:23,228.89515200233387,24.11834013809426,5669.9835642165235,1351.1812624875768,50.00334434679731,0.9138340934300097
2021-03-22 01:06:44,233.07083350021713,34.85169796198441,7629.832222059111,2295.455564724965,49.99181056204275,0.9623613698786008
2021-03-23 00:05:04,233.78753855023652,23.36199862675077,5146.870083969363,1920.4465250025496,50.099119111292666,0.95693054036626
2021-03-23 23:03:25,227.34749426194736,39.30796202361122,8117.078726764888,2015.226654699053,50.0747444971427,0.929831339589377
2021-03-24 22:01:45,227.1209087967766,26.181095422954787,5734.667141301884,1237.0092704494107,50.029787619102386,0.9194050208999182
2021-03-25 21:00:06,228.62474151424178,12.734128012398344,2946.1240905794334,799.227333772546,50.045015563394664,0.9807479346136858
2021-03-26 19:58:26,218.49039417632207,41.35039369936429,9681.428142109888,3383.953111390614,49.98956415505619,0.9782822078121356
2021-03-27 18:56:46,222.42404468900725,21.43033298370824,4925.757327968637,1527.6650627884123,50.177549084924,0.9002508648258774
2021-03-28 17:55:07,236.83437133722262,27.310675183970506,6384.533894745444,2319.8757695592417,49.852080398164226,0.94083553941487
2021-03-29 16:53:27,238.22483856750642,37.41775532887606,9721.646647131345,3810.0924863100445,50.01396516742159,0.9832838410956779
2021-03-30 15:51:48,228.7548198022181,23.29824628594848,5563.283366898711,1994.617867875144,50.00650246311888,0.9404787488444426
2021-03-31 14:50:08,232.88278481527882,12.263426245868626,3101.646131009848,994.885922879482,50.08132804060646,0.9401877553194669
2021-04-01 13:48:29,231.55625077271768,24.956841880512542,5810.7984350050165,1735.5013925565358,49.91561461225751,0.9443448134474126
2021-04-02 12:46:49,245.3944040422762,47.777943307772134,11159.097455134042,2321.2464589265064,49.825632739760344,0.9275820605246368
2021-04-03 11:45:10,235.59787455717287,35.66937589194232,7652.053408484209,3036.8275523028233,50.01568230160982,0.9159044851154391
2021-04-04 10:43:30,229.36041204259618,36.85916594668828,8836.29927024243,2444.9706467608057,50.02812304922186,0.9710509462146949
2021-04-05 09:41:50,225.22229779699788,35.291286145505595,7346.378677346798,1692.9409564312512,50.14895994094476,0.9131412618750464
2021-04-06 08:40:11,221.96776839871214,17.959685558377473,3829.225065409822,1276.4406651649253,49.87296379536749,0.954945429042175
2021-04-07 07:38:31,231.01731817933612,26.733354564091204,6215.975084723271,1596.6208013238504,50.11546937667167,0.967731589855153
2021-04-08 06:36:52,226.21824627357847,40.03759193453273,9173.92105208907,2909.560932727949,50.23674143640271,0.9209754740219768
2021-04-09 05:35:12,222.88873145201163,14.054915902126366,3195.7014177961223,1014.1672905624694,49.96222351124775,0.9315146319480985
2021-04-10 04:33:33,226.76713557878736,21.11411104358849,4468.393488325527,1292.0179435200823,49.87090577805068,0.9742635837678317
2021-04-11 03:31:53,224.59225998192804,21.052764338634145,4614.560686438427,1694.5761557863814,49.95930256336266,0.9606578344045408
2021-04-12 02:30:14,238.43570817536283,27.28075710378024,6657.169453050004,1684.2200162602642,50.00140049673714,0.9376542858624222
2021-04-13 01:28:34,234.40819878474724,49.214749637687405,12620.338925072876,3656.446856824498,50.05637878750069,0.9740449800672234
2021-04-14 00:26:54,229.96013679341692,12.700101867352878,3053.4772915904805,939.0615992219922,49.9408605270162,0.9741307144690861
2021-04-14 23:25:15,237.39972069445014,30.748039775223802,7916.541707708311,2634.0308975857843,50.15551985341473,0.9553810538603141
2021-04-15 22:23:35,230.3868415382381,17.174587280488417,4164.302996013739,1485.7998643729202,49.8885467684992,0.9319967954425267
2021-04-16 21:21:56,225.69357899335867,48.827061816389765,11222.097694823362,3130.532718782183,49.82607948478272,0.941731025930564
2021-04-17 20:20:16,237.6156203863483,14.532140189098568,3240.3709335914587,1066.760534595531,50.110671042428734,0.9557277348791078
2021-04-18 19:18:37,232.6945502184233,26.144040094463648,6286.384605307634,1446.6365964136567,49.77253789687938,0.9462281034170502
2021-04-19 18:16:57,224.81376922836773,39.51539939338424,9102.816967722438,3518.508384450923,49.97958702311273,0.968779143564697
2021-04-20 17:15:17,229.04830660958197,38.18217712109781,8924.793129664073,2468.7027466935133,50.3117681129208,0.9194045183978132
2021-04-21 16:13:38,225.62190873307622,26.909145475757292,6058.890167460417,2095.79606760504,49.998795644704,0.9201147294186752
2021-04-22 15:11:58,223.08600134517832,23.860966718108727,5353.555747097011,1092.4905725819028,49.887923234930376,0.9536174222296486
2021-04-23 14:10:19,234.6308877376582,25.904495142114822,5876.743203324403,1416.5150701599562,49.99426025362132,0.9401691117238619
2021-04-24 13:08:39,239.54708320235065,20.571050526345573,4946.7687188768905,1471.2506825295466,49.99491992113805,0.9374590277060452
2021-04-25 12:07:00,223.0071621309043,18.21331754827199,3816.0128081554294,1433.4870947632355,50.01606499403531,0.914638865616512
2021-04-26 11:05:20,232.81484618345286,29.3215879023556,7243.155641709555,2212.4293511390442,50.06622629821596,0.9503909168959636
2021-04-27 10:03:41,226.74678715439086,20.741350242704293,4407.4741624192475,1701.170857505169,49.89608888316322,0.9489448978399846
2021-04-28 09:02:01,227.5643730811765,21.498466595890005,4486.192428138882,1331.3196804691424,50.168754805523676,0.9630695796390347
2021-04-29 08:00:21,227.03803037880564,36.27024253898228,8129.725146591848,2423.388300289872,50.024511428437265,0.9513781226624194
2021-04-30 06:58:42,225.68004615160092,48.741493267995686,11348.258261480376,2541.435148673456,50.07267940464018,0.9473479184351901
2021-05-01 05:57:02,230.24260813972413,34.145488022375005,7763.815315264659,2799.0980313012947,49.93718506002443,0.9735400127358067
2021-05-02 04:55:23,225.8452494179448,13.079178682598652,2821.982500704282,703.7829145931095,50.12863821369955,0.923750653931029
2021-05-03 03:53:43,231.35228412889919,13.02334455416268,3048.0342382596846,1158.0167814065055,49.97429475911869,0.9607277843769515
2021-05-04 02:52:04,229.7488094527543,48.05692883382264,10703.172063716964,4090.376082742809,50.027755251349355,0.916577056704093
2021-05-05 01:50:24,228.80525976566796,21.891631612293345,5442.5604234595185,2115.3165410789875,49.90668939228129,0.9332327623999838
2021-05-06 00:48:44,225.462181689792,13.682679443299017,3345.6926187634035,1017.2447852422575,49.900306837359786,0.9257468573475337
2021-05-06 23:47:05,227.11614334715833,33.961783486015264,7716.928183763788,2588.402458922397,50.06882053064529,0.9656388507090383
2021-05-07 22:45:25,233.7769561291288,34.94595113161064,7888.335742954288,2805.9060772204443,49.95563931697926,0.9486917953280921
2021-05-08 21:43:46,232.5045859381219,35.940192804747525,8752.567650933628,1979.8563927866198,49.91461769124956,0.9497299351081404
2021-05-09 20:42:06,225.11222377600726,20.696081114301652,4227.255445152819,1353.531004001951,49.9356816657973,0.9278653402454109
2021-05-10 19:40:27,230.49666152714613,10.604427368579001,2431.9507573178266,503.0723128733655,50.06989530717174,0.9440061300813422
2021-05-11 18:38:47,233.75693561685895,48.60061477817887,10988.833609118436,3291.300901803579,49.93709621387964,0.9347306939338177
2021-05-12 17:37:08,221.65297359439313,20.0357218276441,4814.495386906269,1111.9969526526102,49.98823450683978,0.9576691002970843
2021-05-13 16:35:28,232.71680096189968,37.041051522101895,7778.760912137907,1840.3349237091338,50.00150277502871,0.9301781772933677
2021-05-14 15:33:48,226.68688120527077,38.26519479514838,8765.843212429792,2393.158589427229,49.80826511139897,0.9765958873041015
2021-05-15 14:32:09,232.8529933429658,34.40029668317943,8395.765318195336,2405.281256962481,49.85288735946265,0.9164883910075181
2021-05-16 13:30:29,226.1837042172874,22.51629576854593,5077.5590460767025,1648.3507655051324,50.033627788924754,0.9338696033508688
2021-05-17 12:28:50,220.9755894966774,20.84385015056263,4224.0568321666915,907.689340315853,49.92629706388473,0.9835440101993219
2021-05-18 11:27:10,221.86228781058418,33.90673130810812,8233.454951156,2476.115675314585,50.10567249112804,0.9412972250407593
2021-05-19 10:25:31,230.24042473330692,44.64382534446766,10315.838481375808,2439.9539655414037,50.096680710425055,0.9237024267119117
2021-05-20 09:23:51,231.29861250860742,47.869349156935826,11324.970665507793,3565.044537094395,50.07191686663555,0.9543814312507534
2021-05-21 08:22:11,225.47841687447794,14.236232176150306,3040.8685180049515,995.8264273322275,50.18197717873126,0.9404921551557092
2021-05-22 07:20:32,233.19296229388686,16.193144503908794,3763.664669335482,1171.7863258630962,49.99169106722568,0.9332825948876339
2021-05-23 06:18:52,221.6923996886552,47.78945035132318,10444.43196584888,3631.1018391462467,50.06488819259038,0.9280825837840256
2021-05-24 05:17:13,229.66960100676343,39.461409133391705,8292.534974529497,2215.117274034517,49.941559902340394,1.0
2021-05-25 04:15:33,223.9449190011877,45.319752993190924,9349.702584001665,3300.6443321661313,50.24523699128687,0.9449689619963172
2021-05-26 03:13:54,226.7408194609892,18.105305365413727,4382.291007410747,1255.7604595767914,50.1983633652436,0.9114886527933425
2021-05-27 02:12:14,230.23699335658208,33.50343484437607,7312.338372174658,2170.571851694224,50.001188043451776,0.9798741951801107
2021-05-28 01:10:35,225.69793317358022,38.04558377669895,8062.942574732032,2657.710561879944,50.03865862299052,0.9622214181022114
2021-05-29 00:08:55,228.07722227885088,37.20447541787891,8493.828627094588,1729.9523189308784,50.13592975993648,0.9346706713796042
2021-05-29 23:07:15,235.03146404607222,26.326067634667925,6520.026333097212,2156.8171756901284,49.98528604951859,0.9313376182262771
2021-05-30 22:05:36,227.11554065238425,10.615795667652339,2199.7817173304516,712.1068037742846,49.93433759292003,0.9634694559231646
2021-05-31 21:03:56,234.1784605603257,33.317042272170525,7921.98680090235,2075.3183140238966,50.08739897510069,0.9450616334502109
2021-06-01 20:02:17,224.35146572671192,20.12406156718435,4171.020194655358,905.7739779114288,50.007843924608366,0.9114804436310979
2021-06-02 19:00:37,232.6490208895764,28.010169845715613,5912.404699545013,1290.0103761932235,50.018299444964526,0.9857447992920934
2021-06-03 17:58:58,237.2078431032895,48.30324060335269,10432.983831784612,4012.992451440222,49.916572865693205,0.9413201907556809
2021-06-04 16:57:18,217.64177749936354,25.961412705697388,6027.912698302821,2036.5656542795189,49.828232785163664,0.9799114347296485
2021-06-05 15:55:39,226.01552372264763,43.59206426657707,9099.69929526145,2051.258972043389,50.02361424098791,0.9755686991593142
2021-06-06 14:53:59,232.8853606359027,17.541624229970047,3713.559094207434,1007.6543327418045,50.09049620414942,0.9299798091103437
2021-06-07 13:52:19,228.98477306978504,36.89841992100115,8344.237351736127,2657.611215943655,49.9774193250924,0.9706637972872629
2021-06-08 12:50:40,231.85572936685654,49.08027817755774,12162.441443295418,4465.006675626989,50.14364295195589,0.9369711490027264
2021-06-09 11:49:00,226.9800740664209,14.07572403491747,3043.092166241163,635.1912792757066,49.92960836745844,0.9126659882639211
2021-06-10 10:47:21,230.4329489373645,10.33279768908768,2343.736323896564,579.668397912043,49.89452955450341,0.9415080366795571
2021-06-11 09:45:41,229.2216138230396,27.343311705304572,5690.9545488218,2150.8951224905795,49.99327696928039,0.9579527500355255
2021-06-12 08:44:02,235.83891030829903,13.705019322054689,3199.259373389751,645.71646914552,49.99174074246487,0.9407452670400732
2021-06-13 07:42:22,231.27210421650608,39.93537398704925,9379.303894415343,2253.6574567163616,50.076996873133524,0.9438590331814979
2021-06-14 06:40:42,231.68801331037602,46.58194655394236,10945.531226009472,4288.512058123915,49.9225037175936,0.9728713208985722
2021-06-15 05:39:03,227.94061516938766,27.360838908350352,6027.627357169045,1944.9970216408185,50.13680942368149,0.9521298796058018
2021-06-16 04:37:23,227.56196887963753,20.348465686217637,4459.700831920347,1125.3353686806738,50.196691696250824,0.9331340337743009
2021-06-17 03:35:44,227.8372090609019,27.37613276026439,5746.580250249145,1226.30999004938,49.996085597303164,0.9640406064733464
2021-06-18 02:34:04,231.9722607118915,38.93791271400004,8791.886389270345,1807.9482903287128,50.12497104201843,0.9539535113390849
2021-06-19 01:32:25,227.8950775958987,10.36216646321484,2172.329125230118,540.799197996436,49.894350292937474,0.8995679039707591
2021-06-20 00:30:45,231.44887428448206,33.578159579387886,8186.004096137316,3080.3701251958196,50.10752215411819,0.9585670582754289
2021-06-20 23:29:06,240.3770039932272,34.53166739549516,9074.691787258465,2569.796002024146,50.10472764085595,0.957836574154322
2021-06-21 22:27:26,234.35562351715845,35.50752987583742,9103.72381472696,3132.2879724291834,50.08634372801899,0.9504024225916171
2021-06-22 21:25:46,228.3698823391608,19.68088319923509,4822.684923646391,1850.2568638766816,49.99844369111297,0.9678340116213915
2021-06-23 20:24:07,236.00606961081974,38.56210893512507,9284.351454077228,2614.5485014163364,49.7045751058758,0.9365521283134699
2021-06-24 19:22:27,227.95962313489224,13.655659453271056,3237.995514470668,771.4701567819002,49.93582728563479,0.9567299957764179
2021-06-25 18:20:48,219.80937732411073,17.970813458672033,3780.459314183146,1147.0805224844607,49.93740839823154,0.9186608125766529
2021-06-26 17:19:08,224.95956844541297,45.09880186617928,10410.750832599873,3972.916766745723,49.90217450619395,0.9581418076679766
2021-06-27 16:17:29,220.6460403948707,39.548926029062656,8648.910739275781,3121.174649622001,50.012224300454704,0.9890611939107978
2021-06-28 15:15:49,228.24243257979344,10.549822160453811,2399.256922271704,511.43992593056254,49.95810365544788,0.9301028729506491
2021-06-29 14:14:09,230.09209189594776,19.93505041479201,4823.37638158422,1632.783133601216,49.9175387990235,0.9348039573602445
2021-06-30 13:12:30,238.38218656137641,18.57625931972658,4235.105336289598,1331.4303170932628,49.894119985175216,0.9357996911421689
2021-07-01 12:10:50,231.63463686882082,20.832253121478903,4649.86245748773,1773.8882825467085,49.92844870145148,0.9525999645160319
2021-07-02 11:09:11,228.90449735595567,19.902390811195456,4942.65885804669,1109.608543597584,50.112149921184994,0.9287392745429256
2021-07-03 10:07:31,234.14702790591744,12.50105182971383,2667.290366716813,818.3439493892967,49.93389749453725,0.9584249475738196
2021-07-04 09:05:52,218.94432345496057,28.357620663872815,6190.901489626092,2327.1136777918887,49.94850612935667,0.9669367989093832
2021-07-05 08:04:12,231.17807279054284,39.30933899144661,9837.719154414855,2774.2836030019625,49.954330238497676,0.9606869442690756
2021-07-06 07:02:33,233.85432596943483,34.269268988697455,8190.907000585783,2427.776509298139,50.03389935138094,0.9146316914872386
2021-07-07 06:00:53,222.60706877110078,36.91486674392319,8293.780401820562,1775.6331578707557,50.045624948852854,0.9699033533031721
2021-07-08 04:59:13,235.71877021603464,13.245967141449565,2966.047179639714,758.2068679855859,49.69553434607568,0.9687473482850736
2021-07-09 03:57:34,231.69248203747208,48.059628407071486,10786.027394416393,2857.233000404586,50.102163521382764,0.9666032274469261
2021-07-10 02:55:54,227.923560430496,43.53967335372099,10622.443166614861,4132.390532779858,50.14363680342438,0.9574568449731164
2021-07-11 01:54:15,233.16390933053142,42.20361273982651,9956.904873431158,2554.2793786326697,49.89498134626383,0.9544037862841026
2021-07-12 00:52:35,241.35346428902199,42.9193522016707,10389.276432653742,3035.4738245075346,49.90277017552652,0.9706477879625279
2021-07-12 23:50:56,230.9093312752925,47.30842032531045,10049.12100679317,3359.0280783172307,49.954974661222174,0.9884702697520691
2021-07-13 22:49:16,231.24110293150167,31.77015864454791,6635.460256281649,1542.324315624769,49.924399598054336,0.9309391907327029
2021-07-14 21:47:36,227.70319550229877,18.011280714705038,4481.561740279137,1332.316666268843,50.022392687394664,0.9715625079158954
2021-07-15 20:45:57,225.75077815267605,34.671344314101646,7634.515063769829,2654.580497166149,49.805347471364115,0.9482756580398509
2021-07-16 19:44:17,234.15167908272122,39.715259746717564,9491.358556565392,3543.7984400066302,49.888207239196326,0.947406538959428
2021-07-17 18:42:38,225.71958087045567,39.51669573416102,8169.9295787438305,2657.284750154209,50.15391972001749,0.9192693861923592
2021-07-18 17:40:58,230.35783118609697,30.857960966675204,7368.701890667065,2459.7515587881007,49.9071780032652,0.944304211809692
2021-07-19 16:39:19,227.6117127661744,12.738348773343123,3150.233938675831,709.6112839811158,50.124342827810295,0.9300547008406317
2021-07-20 15:37:39,232.39489912873196,24.844517537205114,5861.113433619974,2280.883353366517,50.035533819559014,0.9407229114098811
2021-07-21 14:36:00,231.66831052643474,46.83066433853429,10037.91238836827,2273.73587262525,49.81907322854117,0.928036272324437
2021-07-22 13:34:20,235.1876997212895,33.377956390297044,7978.388968714024,2831.8061970173153,50.06353291952162,0.9410218322537398
2021-07-23 12:32:40,227.44991800572626,31.533277730228537,7554.3027377344415,1910.9610804682322,49.988233269780714,0.9418777928595319
2021-07-24 11:31:01,228.65062532353315,20.754140575287742,4656.628143310414,1800.8048501342612,49.95445329437503,0.951935098368776
2021-07-25 10:29:21,225.10618142108845,24.737956796663156,5991.704976410111,2061.0980262528306,50.0244957093172,0.9177050027541733
2021-07-26 09:27:42,227.77853369961943,45.81384356612677,10745.723629585036,3769.199491488386,50.04746334855668,0.9210896370450935
2021-07-27 08:26:02,231.88650246522425,36.65852190107343,9179.388812013427,2238.0436268736466,50.07075918219746,0.9572382854146105
2021-07-28 07:24:23,233.78494308322675,41.49548107009331,9940.644146485321,2868.9493793765255,50.1178252847548,0.934051237658598
2021-07-29 06:22:43,225.38917337911187,28.173816922706205,5881.803625744226,1903.131902742423,50.04081359127784,0.9714905958045986
2021-07-30 05:21:04,234.3480296005283,35.20988877824632,7937.307310417785,2809.7649078075747,49.862436591121366,0.9545053944403009
2021-07-31 04:19:24,236.77818929402474,19.9353443497283,4438.733976395296,980.0363980844941,49.95263545423488,0.9621352430041281
2021-08-01 03:17:44,232.0671745161185,38.21843321133945,9594.440186619095,3765.559330603765,50.294304833526866,0.9782138464084178
2021-08-02 02:16:05,239.38397906279033,27.10405334813349,6826.1856478521595,2580.599442522599,50.07244910603817,0.9438057837638685
2021-08-03 01:14:25,226.13105400448214,27.701820592589822,6485.242298761306,1647.7036826507538,50.23692873008115,0.9385102658916744
2021-08-04 00:12:46,223.77672648344293,35.97289298307527,7729.456139088792,2817.7890701186475,50.13954340821992,0.9674340517119763
2021-08-04 23:11:06,221.1063987554786,47.451224858757065,9828.78356373435,2984.655443839695,50.024180207155574,0.9601902712785937
2021-08-05 22:09:27,237.48022155744593,12.560253864344837,3135.8009404147197,916.7868279173023,50.03014070697811,0.946253393803574
2021-08-06 21:07:47,233.2718282817703,42.989729493880304,9976.462459339326,2622.6805023805487,49.99634199601231,0.9778291593391188
2021-08-07 20:06:07,229.72207664544771,21.695324416487725,4710.567763637123,1489.4519319019448,49.82621953841535,0.9457551138032013
2021-08-08 19:04:28,231.3998431315991,27.75677818025511,6572.724706725829,2274.016988765317,50.00180472524682,0.9506554727511156
2021-08-09 18:02:48,224.3725547635081,10.87653315100036,2216.042087547701,625.3373400206826,50.12106745525422,0.9504244530166851
2021-08-10 17:01:09,242.22875989808412,22.041843113372522,5153.547068661977,1679.2515592671434,49.94003600051788,0.9313081221020305
2021-08-11 15:59:29,230.64610590987613,30.105249705205217,6899.992712891459,2345.0493545787785,50.04119529990618,0.9515517077897278
2021-08-12 14:57:50,230.54697397302448,12.24704309389756,2624.719478261611,898.2429525596842,50.08515910458932,0.9779352035479698
2021-08-13 13:56:10,233.62883311949346,29.643829175326605,7596.962988032315,1598.3495024334693,49.90903195606875,0.9588993663075235
2021-08-14 12:54:31,232.40504615868358,47.08442515433709,10306.008391151412,3833.315298163145,49.954869713565635,0.9506212685279786
2021-08-15 11:52:51,231.11942012139565,14.215728724312209,3042.6337308323923,887.3861447204563,49.89820885095229,0.9467646543766866
2021-08-16 10:51:11,226.04762772277343,40.57762912302017,8628.61290350586,2178.5799384234533,49.91778343933106,0.956617340568127
2021-08-17 09:49:32,232.35734178567998,26.386842135039707,6461.108755772568,1604.6351063769164,49.871239471634695,0.9649953325697836
2021-08-18 08:47:52,239.41012248237516,36.20694858097352,8539.161986830653,2532.7395476660895,49.9099551538622,0.962184776617795
2021-08-19 07:46:13,236.72710023077488,20.409463919409173,4894.684283002489,1847.088936182421,50.141945568079784,0.9433627027635604
2021-08-20 06:44:33,237.96593313319698,16.37969050165433,3524.4054346343423,971.5711415394849,49.90845229709097,0.9564956318822022
2021-08-21 05:42:54,227.44392161784407,16.41850457084906,3386.5754518564295,1185.1156523076613,50.01264592190607,0.9595987948229655
2021-08-22 04:41:14,225.0519758987071,12.819677825725787,2853.8341507303626,626.0277503304126,49.94971312463291,0.9298561002494604
2021-08-23 03:39:34,229.37106539950176,17.42586819604972,4250.123518808034,1254.6846609812906,50.117886593703695,0.9533646108236739
2021-08-24 02:37:55,230.27862456144348,36.56877539955873,9069.827182944642,3612.8498192056268,50.131116229660364,0.9067739222739527
2021-08-25 01:36:15,235.47095759235475,45.26762447374032,9778.134512270963,3462.3157962625846,50.086406998213896,0.9596506741964237
2021-08-26 00:34:36,221.5376768514259,42.56502742364647,9502.108238896935,2300.5145446862007,50.030613455310274,0.9632068610912536
2021-08-26 23:32:56,237.64775159730306,37.405372394979366,9623.96739616593,2889.964758024004,49.97689404631591,0.9649509225157291
2021-08-27 22:31:17,229.20996050710505,14.417274536444108,3230.5422624806756,797.0553870018858,49.88081252958087,0.9420990629566086
2021-08-28 21:29:37,227.8655946502629,21.56749785183799,5238.420367370225,1476.7745340842378,50.19435288811222,0.9561809367004807
2021-08-29 20:27:58,224.93947812369916,22.392275012898757,4667.898496152033,1661.8503074833404,49.92403269822474,0.9784790769108233
2021-08-30 19:26:18,221.72571664067115,19.99827785590485,4820.251859628935,1707.549941944897,50.066364634703284,0.9782753929658251
2021-08-31 18:24:38,234.11585291980958,30.600226388388926,7524.237334297905,1848.1037427356987,50.10595655726234,0.9494165460154688
2021-09-01 17:22:59,230.36658983594202,31.4221525951869,7877.544013758446,3028.4797586075438,49.94447195030947,0.9527863926145912
2021-09-02 16:21:19,223.55019550129472,24.275439006844408,5618.471679475029,1789.5598464994384,50.10380125273159,0.9722182228946886
2021-09-03 15:19:40,223.5246061396819,24.15156634945744,5250.987418470849,1449.193018056769,50.076421320333885,0.9199839596947564
2021-09-04 14:18:00,228.32107650354936,43.14222391624325,10713.52036833792,3218.2034873254393,50.17279638353818,0.9435384851464594
2021-09-05 13:16:21,238.34510762644697,41.571713932787425,9463.659144042344,3037.969448887122,49.95306535335733,0.9767114091107351
2021-09-06 12:14:41,228.70204324318198,22.311833267229826,4931.485126130193,1538.5153912377616,49.87141359827203,0.9695040108336953
2021-09-07 11:13:01,222.48428523440947,46.55153775493037,10772.939582848248,3202.5903286945304,49.94945102445555,0.957385275552998
2021-09-08 10:11:22,228.77128467957027,48.11260068010024,11590.83717255617,3488.6862175677225,50.02088535425343,0.9198833518933875
2021-09-09 09:09:42,228.63638215126164,23.069701681201632,5727.557145240782,1347.5932886635198,50.00582127270851,0.9490017953391767
2021-09-10 08:08:03,216.51556678529215,24.176997951722193,4925.642460496617,1785.7748325964958,49.96065621037255,0.9382016920750013
2021-09-11 07:06:23,229.72852566741093,30.225366136878353,7357.466348343889,2268.689934235586,49.80908025410228,0.9566207780563443
2021-09-12 06:04:44,228.8453273489566,47.64483250134694,11423.484997777869,2584.1747662944686,50.04704829961291,0.9338130663041023
2021-09-13 05:03:04,233.4810318240671,45.05277732569246,9601.282633998771,3391.4747016680662,50.19723444790822,0.9294855321005078
2021-09-14 04:01:25,239.24478047472672,14.102718503343592,3297.899927689043,1274.6013713107584,50.0464251238123,0.9087026944463271
2021-09-15 02:59:45,235.6328251477388,25.70922973085665,5794.739736486726,2256.827333628635,50.06091355190535,0.974436093699534
2021-09-16 01:58:05,228.65555654722584,32.13484758999087,7060.497960145642,1933.1893814184598,50.05724453061551,0.9420045897711388
2021-09-17 00:56:26,224.46737045629166,30.1252989020616,7415.298151445347,1684.0392346900119,50.03970466698824,0.9531429156740506
2021-09-17 23:54:46,242.8667990162493,17.75452271747571,4435.114887820502,1346.8553579482798,50.09316659668681,0.9499552376705164
2021-09-18 22:53:07,230.29609217007243,44.352670846726184,10658.926371780142,2371.843971239278,50.039537368118566,0.92865132134079
2021-09-19 21:51:27,230.06964645956472,37.07763131987349,9343.588925419068,3614.0766851028607,49.968732283034676,0.9248187017710361
2021-09-20 20:49:48,229.87937456445,43.516334994072146,9757.825284609418,2309.8326428309274,49.92040110899912,0.9298936974800552
2021-09-21 19:48:08,230.99042380383926,44.350571173978885,10863.001007510948,2721.7593597649634,49.97510263447193,0.9355366312234121
2021-09-22 18:46:29,229.2781979403803,39.93423414662959,9036.161696515943,2542.119021031638,50.031412949645066,0.9573321249402761
2021-09-23 17:44:49,227.1316899655988,27.568424049988693,6724.441789265653,1860.201790761281,49.968391703887704,0.9340856467295877
2021-09-24 16:43:09,227.26570529379805,34.42187020061698,7323.273107099569,2628.5612992413976,50.031433868313144,0.9849298126318924
2021-09-25 15:41:30,229.83623364892,16.414616244789727,4110.468336470256,1197.2288357487535,50.04391501337004,0.970543020717863
2021-09-26 14:39:50,227.28287614433117,36.94581669899631,7924.848167814291,1855.632140044514,50.08331794312702,0.9661671909933142
2021-09-27 13:38:11,226.43577108661418,17.170130229571228,3752.803119004799,951.117849642777,50.1282794968839,0.9476068219505369
2021-09-28 12:36:31,230.53215113845948,37.75798362040627,9150.430618654067,2761.8074653681183,50.00780074184789,0.9802856147144097
2021-09-29 11:34:52,228.72511391289572,19.183926430158746,4294.608547755625,985.5730803867914,49.869222343485234,0.9456398873775774
2021-09-30 10:33:12,237.51996494291345,14.702052006008799,3567.606370839537,1149.9506112068837,49.96548959031808,0.9493747717169151
2021-10-01 09:31:32,216.74515095803494,16.611379605718298,3560.5240680607117,1114.9761938953177,50.00440625674066,0.9533994907949853
2021-10-02 08:29:53,235.45753425961232,10.07968540876281,2488.383022628064,853.367226589325,49.81642312438229,0.9640364608108668
2021-10-03 07:28:13,236.23042596248814,38.74958471414121,8656.468947407511,3354.7359664559426,50.13886645201025,0.9627381615800596
2021-10-04 06:26:34,219.63304883795925,39.29604196233517,7868.545334306448,3009.3323409517448,50.01423779125105,0.9404974944311079
2021-10-05 05:24:54,228.28656202959826,30.597333996530377,6705.463146757775,2609.867667552882,50.038135283458026,0.9393401256114808
2021-10-06 04:23:15,228.14279567002103,16.45451204221535,3734.6894353762827,929.7252380504997,50.136552646252625,0.9627980591430416
2021-10-07 03:21:35,222.96244152641088,13.34217350042759,2777.28855155065,628.5366742922761,49.93698571698577,0.9643047316778246
2021-10-08 02:19:56,226.11091656204562,10.76515865749148,2363.4317298868846,615.5684150091412,50.0574041930884,0.9421329775035425
2021-10-09 01:18:16,224.44712077267084,16.62992707860883,3657.8757894469986,1386.3972344803772,49.989013587689804,0.9182562386064309
2021-10-10 00:16:36,238.76135221711812,45.63422139932587,9931.184297015954,3916.9653000113076,49.98159131329841,0.9458536780798351
2021-10-10 23:14:57,234.67839196573732,19.66147366806727,4691.0010024829235,1744.4190418826233,49.92278076121956,0.9624705159765171
2021-10-11 22:13:17,236.3577754749708,24.170853088688627,6152.117490424521,1365.7918873659858,50.16656032136865,0.9861083369283956
2021-10-12 21:11:38,233.60836032021618,14.213819379253327,3089.1918033423444,1203.195721841141,49.96244999599244,0.9260408407531867
2021-10-13 20:09:58,224.35474114391386,18.89445218992681,4321.982736218225,1230.3457643335453,50.06994642468957,0.9414685749433885
2021-10-14 19:08:19,227.37739866860113,30.768982831208206,7226.680014519335,1458.7925013402,49.8124992612528,0.9422119287694924
2021-10-15 18:06:39,232.4468728061396,34.3101073238261,7846.611497007035,2263.580661873152,50.11799885296898,0.97711610678863
2021-10-16 17:04:59,223.88936095554027,19.81409256664844,4614.584919192453,965.4350029633167,50.105221115595704,0.9493011699908273
2021-10-17 16:03:20,233.56499215086194,12.309286369004688,2823.688683620056,871.8861229747009,50.00974341102973,0.9318534688125546
2021-10-18 15:01:40,228.7983730092093,25.641314765095945,5872.132207292106,1572.0332431427341,49.977305753386204,0.9611739056584363
2021-10-19 14:00:01,228.125895962252,19.368134837053365,3983.033500409784,1173.7481402358326,50.040000000561356,0.941907229599181
2021-10-20 12:58:21,233.55479984101746,18.782156929192077,4554.865204635307,1469.5547090595621,50.22887906608803,0.9255122545328409
2021-10-21 11:56:42,232.22131655743019,48.39451210853821,11600.878779035218,4335.946994942143,49.82367633010965,0.9321445338544769
2021-10-22 10:55:02,228.1951691709046,34.65201943702896,7177.411493270204,2385.6302951306984,50.07820273875741,0.9846808390884524
2021-10-23 09:53:23,235.79664901682125,32.275137726883834,7409.836254369579,2125.213459237459,49.90883826978461,0.9576841844329892
2021-10-24 08:51:43,224.59468336200052,26.631004140932877,6554.217261863963,2384.9850890484818,49.99800816037003,0.9521552011090508
2021-10-25 07:50:03,233.07967803472133,27.15777333720577,6229.578741699738,2374.1947949576665,49.975211988092134,0.945002125283759
2021-10-26 06:48:24,232.96550628984193,31.636200153523234,7373.010968805365,1651.2005029867435,49.95716817422022,0.955842976842376
2021-10-27 05:46:44,228.45226780343006,37.85719228144429,9357.622660285304,2867.050148957268,49.998953487094724,0.9556047189200498
2021-10-28 04:45:05,231.6306651112106,38.08584384727318,9205.179648980666,2364.832670138684,49.88658288547222,0.9558433765641465
2021-10-29 03:43:25,223.7444321180735,16.867756308217984,3836.0141837175097,803.3083212552433,50.102918043612796,0.952296901805555
2021-10-30 02:41:46,234.62013509603452,30.004510083065078,7458.951081369732,2489.1216351672706,49.82058564888014,0.9673759667661109
2021-10-31 01:40:06,229.07548931778504,26.478323801364077,6507.550248137422,2424.4148870155846,50.053976451282836,0.9504620869200145
2021-11-01 00:38:26,227.3863848974048,44.82107865077537,10103.826247521138,2349.95327272414,49.967346414746544,0.9304412232889472
2021-11-01 23:36:47,235.24504612918446,35.25675684873505,8252.687259548817,2991.456620261007,49.882907510619255,0.9377515421819826
2021-11-02 22:35:07,226.4782815472862,31.300162656639273,6927.254464473498,2567.7887739159823,50.02023833705987,0.9104196261302057
2021-11-03 21:33:28,222.9576935181822,14.615785687156695,3562.8730996128993,1364.110413335493,49.84430489132935,0.9905363423208478
2021-11-04 20:31:48,222.2168541323805,34.22551557293646,7905.395454851698,2000.515798470501,50.00397138217196,0.9672550918390537
2021-11-05 19:30:09,233.0300497567282,14.688156227209337,3137.4744776947127,1194.7208297523791,49.85771230921885,0.9333985900974152
2021-11-06 18:28:29,223.5978532375186,23.488263022630083,5633.172545729241,1487.9042344296845,50.046127208431784,0.944363103012058
2021-11-07 17:26:50,238.77397090992181,15.713678592573274,3737.429546966415,1160.3507916735489,49.90756426663696,0.9372624705158713
2021-11-08 16:25:10,219.59035296058138,37.682945880974756,7561.115369485536,1588.6016366938693,49.954900598297066,0.9808509442274823
2021-11-09 15:23:30,238.4822818414502,18.250084553446104,4395.598906882514,917.6965141897957,50.02939493879432,0.9216024567145814
2021-11-10 14:21:51,231.0550873360131,25.67437492752104,5833.915412134119,2007.3023600762176,49.922745788815774,0.9522895211763756
2021-11-11 13:20:11,229.51643444064803,45.826991104751144,11312.684843711791,3268.1893507829,49.99420360003317,0.947829443148703
2021-11-12 12:18:32,227.27540456595526,18.17265533595881,3885.685438349552,976.3113978563476,49.84861694987551,0.9665367726141822
2021-11-13 11:16:52,231.99568057176035,30.312202558351164,7491.459480878308,1783.586894192261,50.06308756035961,0.9479198154455061
2021-11-14 10:15:13,229.81182648787575,26.77086644664088,6223.244899996569,2078.505909044219,50.17649138055508,0.9148358224668912
2021-11-15 09:13:33,235.51650941008262,10.72496164182919,2300.903069866842,460.3653967494867,50.279220886790995,0.9449776433071512
2021-11-16 08:11:54,230.5711382433102,41.71032454291251,10524.762850231451,3801.315257824818,50.00911681466664,0.9305567556411335
2021-11-17 07:10:14,230.7515088073094,12.76183625258399,2952.2428773276374,637.2413925111482,50.07882041407972,0.9515915909311312
2021-11-18 06:08:34,228.18193893893073,28.970200839078146,6333.99586663253,1509.3780591927227,49.82193743270925,0.9786835407304065
2021-11-19 05:06:55,229.71527188139467,32.427131797558,7403.429665144648,2052.580730372093,50.150273432630556,0.9152114951153544
2021-11-20 04:05:15,231.53900884446028,35.13705826458349,8717.877175550093,2588.9632231774194,50.07762285047241,0.9339955452920019
2021-11-21 03:03:36,221.44915803671688,37.54526517231503,7989.945941717955,2165.2675453290512,49.951606655504875,0.93894614092433
2021-11-22 02:01:56,223.25907288947144,20.1308953409086,4218.15768033752,1114.1944324487388,50.1237180800289,0.9423673780917358
2021-11-23 01:00:17,233.71632047011357,10.399151066337975,2250.1464674926438,883.8197354037451,49.97455239233547,0.9648025132821049
2021-11-23 23:58:37,230.8543271906397,38.937746494196475,8625.541027468953,2831.9025780848606,49.95419748169854,0.9465291116487722
2021-11-24 22:56:57,229.0800833182366,31.426263973903144,7602.351751997662,1556.099464257882,50.04753349254275,0.9583160545144088
2021-11-25 21:55:18,230.09216966532696,43.44470812828995,9939.56095349454,2843.0641232403354,49.893664550016965,0.9374845391253644
2021-11-26 20:53:38,231.73790852680835,42.855534516027774,9389.96216727581,3521.252150781778,50.10216247643999,0.9545984869083587
2021-11-27 19:51:59,227.3012015984532,43.73304671151533,9276.911519871808,2414.6987776643114,49.894401018807315,0.9655559526175542
2021-11-28 18:50:19,226.10847637298843,29.403786399181605,6426.027555755496,1406.7298465694466,49.89499452101768,0.9353540090052582
2021-11-29 17:48:40,230.9792262754884,23.345135833474625,5866.677096446506,2063.175133245378,49.909031021159166,0.9656271623961302
2021-11-30 16:47:00,225.10813611192484,41.6623281036548,9084.093319056763,2917.835904200662,50.075950003751615,0.9510474553745514
2021-12-01 15:45:21,232.04126377857236,28.0517645211702,7144.623105463839,2243.858205243221,49.93832246384803,0.970909204809645
2021-12-02 14:43:41,221.4870819788108,17.33768785613738,3828.730663274325,806.7721759751905,49.86520042156328,0.9459716019984605
2021-12-03 13:42:01,235.1457781866282,44.198960782458975,9726.29637770189,2218.566277549347,49.93943200000642,0.957624893103242
2021-12-04 12:40:22,232.36298741206522,45.302395070893894,11350.07490235268,3683.2114359571915,49.99679576293195,0.9491878753664293
2021-12-05 11:38:42,231.28014867156938,28.652390245606803,6574.186235490431,1588.091774683171,49.88190275163356,0.9480757547591884
2021-12-06 10:37:03,234.91345491972757,13.027989092391499,3188.787657991316,959.232021411158,49.88483188909657,0.9551786085645138
2021-12-07 09:35:23,238.32737222231287,25.51304359667725,6668.694099169336,2060.4686767077983,50.21112963340996,0.960736149384498
2021-12-08 08:33:44,235.07185032509065,42.14150637850413,9015.063924631713,2314.1798736033916,49.91394345961861,0.9250087017615198
2021-12-09 07:32:04,220.79562884334177,46.070961141849146,9351.76072582246,3644.2411693594904,49.9676957631227,0.9786726721763576
2021-12-10 06:30:24,223.60211516632148,18.138909699903834,4234.728612450269,1560.4670941258478,49.96327629992007,0.912806739189004
2021-12-11 05:28:45,226.8759071115216,12.678944481010861,2751.0289025727297,947.6598601046801,49.957864319222956,0.936303757805222
2021-12-12 04:27:05,230.13045525105417,45.094018125313546,9722.274032703224,2096.1103549611094,50.06213467399691,0.9481146185847019
2021-12-13 03:25:26,232.58829510234563,25.576197559155013,5400.6823602301265,1194.7713766806462,50.09481429504721,0.9582471193817189
2021-12-14 02:23:46,226.3712809342327,31.67043857070253,6483.67500151653,1935.741818982963,49.96940455684684,0.9815234505548275
2021-12-15 01:22:07,230.9338338223854,48.722632482030356,11869.39048188992,2755.3919958180113,49.87635217134076,0.9128341702354978
2021-12-16 00:20:27,226.22308533823337,12.662589116568913,2655.131772513609,1050.5110973366939,50.12744402278489,0.9398461174322057
2021-12-16 23:18:48,226.94241098504025,35.93272029808382,8102.012709109854,1877.2691319701987,49.99046589088033,0.9074633302440146
2021-12-17 22:17:08,222.9666945157589,12.964216902994682,2951.809414977823,878.1443122398485,50.173032181485716,0.9506324394782049
2021-12-18 21:15:28,225.3838337694455,25.018757138660014,5558.021091352995,1516.3627210167651,49.77544141024348,0.9554336716900006
2021-12-19 20:13:49,223.24157697191833,42.15258180773787,8520.203804444307,2793.581285005509,50.01954032212833,0.981815914843425
2021-12-20 19:12:09,225.12063373511333,27.338889310225376,6503.512813222349,1468.5405503613845,50.19186063338762,0.9524126952178691
2021-12-21 18:10:30,235.2682089830392,49.88729415611802,10587.883433546518,3028.8047226398926,49.964673586456186,0.9708805025888475
2021-12-22 17:08:50,225.25300555584028,32.36237139786409,7671.54229905261,1955.79071559905,49.97745065766654,0.9616767416307811
2021-12-23 16:07:11,243.16191032418695,22.84648610543814,5992.387585419102,2262.427760159721,50.029551169159035,0.9412950360598966
2021-12-24 15:05:31,232.46658950440445,18.804453036190125,4312.690256105968,897.5447722732778,49.9441204181115,0.9218207850641592
2021-12-25 14:03:51,230.92418061847437,24.020821371446473,5586.419230841151,2138.1768150214257,49.968792806794724,0.9555000459658362
2021-12-26 13:02:12,225.70821109909394,24.901330950382032,5594.562194286219,2050.9599419793703,49.96621849058086,0.9201579596570927
2021-12-27 12:00:32,233.50154939704495,12.748547108958439,2910.844623760682,755.405348780209,49.937257926557365,0.9759041414533929
2021-12-28 10:58:53,227.12181086881114,24.782967977070925,6064.895935148915,2170.3723236702226,50.122885655020056,0.9467587579592635
2021-12-29 09:57:13,230.6100490732268,28.569540789568997,7107.503339947524,1465.8707648613654,50.046107803229646,0.9739035482302283
2021-12-30 08:55:34,242.80042269134398,38.909510089552185,9137.028874509964,3594.261465061934,50.02506282321033,0.940395711317352
2021-12-31 07:53:54,229.51970050137675,36.269179388864316,8516.070621486566,2600.1180682997756,50.08085710068901,0.9553770157280198
2022-01-01 06:52:15,235.74636663142837,38.350626209166165,9812.956815535877,2557.808085457501,49.97356441667965,0.9541869771466938
2022-01-02 05:50:35,226.48411787437055,10.334547275074284,2556.910647943333,696.8007049984328,49.92257961816471,0.9490991176397815
2022-01-03 04:48:55,229.8250575475152,18.706695983221444,4306.970943096997,918.595374183489,49.93973756953854,0.9413468097320681
2022-01-04 03:47:16,238.85400317817755,36.46737153599426,8628.194924168532,3432.8990758909317,50.00017830411046,0.9578491203694104
2022-01-05 02:45:36,226.86516471106117,29.359574727189887,6365.85616227654,1323.1966066883815,49.89407882916271,0.9314767347303358
2022-01-06 01:43:57,239.06224278998465,10.212539026733838,2665.493423780001,882.2288107434598,49.949973898341334,0.9258112934208188
2022-01-07 00:42:17,233.53875967727737,42.17978569727289,9146.91509293871,2639.316606452627,49.94838833581286,0.9748565378665365
2022-01-07 23:40:38,227.18766612052866,40.91238293161349,9443.188603432867,3680.7966841290317,50.2124556229829,0.964543359777842
2022-01-08 22:38:58,233.1620386952776,31.936766519742505,7122.59624469464,1774.950614239935,49.72261850600661,0.9513178321720448
2022-01-09 21:37:19,234.86277224813364,12.658533031050885,2841.6156870542823,870.7203905662851,49.98203802785944,0.9833028476508756
2022-01-10 20:35:39,233.10904981108598,40.66060198130339,9298.206013053285,2756.6506824262046,50.17256937928148,0.9446446896255031
2022-01-11 19:33:59,222.14887640054772,33.348543509254554,8147.387148462437,2774.782436360345,50.012184446413244,0.9764540643997796
2022-01-12 18:32:20,226.36431412087566,41.278399086318366,8512.281403448429,1818.2407272282464,50.07534174734211,0.9535114816985164
2022-01-13 17:30:40,228.76240682224247,40.06987969583362,9310.472554748254,2222.9481862478483,50.00998263150998,0.9295049849984721
2022-01-14 16:29:01,229.62783285449976,42.12008287831348,8864.47566287653,2153.2960577398158,49.93326666187835,0.986960803835417
2022-01-15 15:27:21,233.10336048775338,30.720322656184994,6666.214457332777,2317.37713818991,49.77580840654911,0.9698142169324817
2022-01-16 14:25:42,230.88850500466626,15.612980727740599,3561.284378997998,846.9722127380927,50.02054556870363,0.9475795793798086
2022-01-17 13:24:02,223.3232782064495,36.84629893518755,8245.850791213927,2594.955661249802,49.922439339539764,0.9645434251906789
2022-01-18 12:22:22,231.90098925502983,34.818951402078824,7685.020758133636,1867.8347973486912,49.91996645938347,0.9419259313200418
2022-01-19 11:20:43,233.0529287264191,39.69012748796349,8910.349798955784,3317.5458999423695,49.95010127440209,0.9665829807011908
2022-01-20 10:19:03,232.7989522396552,16.79524024202941,3586.929617625839,1393.2965059261971,50.17448614066235,0.9021784286943207
2022-01-21 09:17:24,235.4039036277731,17.799007996011568,4025.0558749480815,1222.4038139717309,50.240483754225394,0.9296039733261081
2022-01-22 08:15:44,234.16961077274453,45.61638068877314,11678.722771627701,3158.6481120576364,50.02172079375284,0.9695851948857392
2022-01-23 07:14:05,232.29590039614217,39.999111938082834,10118.040987793727,2497.2494297865173,49.95352327760883,0.9450068892356216
2022-01-24 06:12:25,229.64917144270677,46.32913954801292,10288.087724832338,2160.047807106285,49.88227735825488,0.9541508458977748
2022-01-25 05:10:46,221.69519533242004,40.34861284655683,9071.85262488883,2301.529149184786,50.046854016154604,0.9230642867576913
2022-01-26 04:09:06,232.14809109566292,33.88621223961208,8511.045702897123,2815.8552652964536,50.178290560006516,0.986957339914042
2022-01-27 03:07:26,231.03843843581555,36.165309481114946,7530.352846044387,2309.7353246852354,49.97526596129748,0.9738105928743535
2022-01-28 02:05:47,231.35789418597687,45.565116957600395,11196.885396247717,4353.441479697292,49.762100395924676,0.9459862956324934
2022-01-29 01:04:07,223.61625712089847,33.15227018047762,8078.173937280442,2255.874118215548,50.06700496718155,0.9419060828627335
2022-01-30 00:02:28,224.59471729795868,35.295652973135496,7279.287267640346,2466.0235721867602,50.098539971145,0.9705920872283939
2022-01-30 23:00:48,235.26576426666452,16.259068640144022,3566.1959979777525,1062.2433643486017,49.841415435961416,0.9896494090033785
2022-01-31 21:59:09,229.80222423071672,28.95684880464411,7267.54153383551,2198.5420944641915,50.01764841836629,0.969075205116227
2022-02-01 20:57:29,233.40750348686313,38.655884478323955,9090.315232134939,2304.8936325910486,50.04512260161361,0.993436053347932
2022-02-02 19:55:49,230.1415918806523,20.837707932654617,4329.677289427893,1259.8934671456552,49.99268926979911,0.9315529734187616
2022-02-03 18:54:10,230.1487806974787,18.090167220981396,3961.613490509552,1165.3363371609184,49.92092290809146,0.9336122633900241
2022-02-04 17:52:30,234.69141902988,22.553072328976622,5240.022796326989,1788.5691438290785,50.101593722356355,0.926221177638933
2022-02-05 16:50:51,227.41977635891314,19.66002511971334,4643.580693458905,1802.303686634949,49.959662025403134,0.9588352129929896
2022-02-06 15:49:11,230.48060388470492,18.596505481455836,4486.005129651804,1192.668413948361,49.851481383730004,0.9535120709960874
2022-02-07 14:47:32,227.6886235564748,26.99403371472348,6755.229727882841,1408.060717554763,49.79505255143303,0.9469609775305602
2022-02-08 13:45:52,227.82751886283842,46.31354055534136,10103.083959568985,3023.439056245355,50.12608495199993,0.9661851725624659
2022-02-09 12:44:13,228.4541393826568,30.282385869548733,6971.018777888324,2153.293789626854,50.06166639764711,0.9746465721042933
2022-02-10 11:42:33,231.11066885816857,17.51681523261292,4075.3037809538423,952.3500391695371,50.00879735471292,0.9194867518142631
2022-02-11 10:40:53,227.60625689168262,13.078866775234964,2920.6562705680885,1028.342398286675,49.95597253631492,0.9380605594419776
2022-02-12 09:39:14,236.2787806278676,37.84624580551701,8350.576419352243,3315.0604414074783,49.94710015857969,0.9664028718824611
2022-02-13 08:37:34,225.52696348890248,25.311950577455512,6253.6421239438305,2433.6357467977996,49.89242633515584,0.9406452263228283
2022-02-14 07:35:55,229.06564177919321,42.873237863414374,10514.7562244851,2517.4556346179397,49.95685443554401,0.9340358784728369
2022-02-15 06:34:15,227.80134470862913,36.380430745630804,8284.748035649232,3107.382383579322,49.78799127848798,0.9703707485530079
2022-02-16 05:32:36,237.23488942176866,41.84965802165474,10133.207213412978,3454.3974423406803,49.926393634653145,0.9242099986055203
2022-02-17 04:30:56,230.98277388255786,20.87784157673795,4559.369314048736,1325.7246820712862,49.96890624836489,0.9439684038441779
2022-02-18 03:29:16,235.15922269734318,37.69435689844232,8941.802925104588,2755.1679791002302,50.06098800471904,0.9565728805160961
2022-02-19 02:27:37,222.57219813481515,20.562479387748752,4755.097711686253,1759.005911918716,49.99600735366266,0.9385236017217976
2022-02-20 01:25:57,231.3352513293463,47.56273917801166,11036.314596926228,3267.0469679503003,50.079492311387554,0.9656631131202634
2022-02-21 00:24:18,234.44815397811718,35.454971261334975,9127.437200289212,2506.772804896283,50.134913510511346,0.9386224604960526
2022-02-21 23:22:38,230.41141994637712,22.980472007013685,5412.873180357864,1616.551861327395,50.10581700938241,0.9781723898689183
2022-02-22 22:20:59,235.32740187532676,20.780474491690907,4764.021812796382,1504.60176633197,50.04705098473786,0.9474850740500845
2022-02-23 21:19:19,227.41355774949812,17.637063402865742,4229.222649551552,1005.7748290870024,50.00118626791808,0.963425402734107
2022-02-24 20:17:40,237.0467372009279,37.785638355749114,8366.631314214437,3180.8388282968194,49.90192119915864,0.9649204790596563
2022-02-25 19:16:00,241.49449061809625,18.748624519917094,4423.11422003573,1481.0240200732994,50.07399440513793,0.9374491999451185
2022-02-26 18:14:20,228.1858071978017,33.812130637099564,7479.292260587382,2443.1391145800426,50.167974738222156,0.9089302690268822
2022-02-27 17:12:41,227.77248739299614,20.585401077014293,4624.839592365768,1016.9987356993926,50.03421060396504,0.9572151150932766
2022-02-28 16:11:01,237.26692238558851,36.478757791754745,9142.974889745026,2933.38440709908,50.191725914842614,0.9514457669424974
2022-03-01 15:09:22,237.89786072865357,42.59758914162157,10101.797625211502,2264.743551151263,49.847442829193895,0.9611165205515025
2022-03-02 14:07:42,227.38569986423366,41.121009725786124,9900.15597761824,2135.855047425726,49.88458366152204,0.9454694505523432
2022-03-03 13:06:03,227.89906591452072,40.43405323723127,9355.850221997245,2857.8583964109393,50.085520150774826,0.9413914460239856
2022-03-04 12:04:23,228.59107695569747,17.508896227690084,3875.9578984728996,1087.4275341102075,50.026429021015325,0.9901694602196339
2022-03-05 11:02:43,223.2777474448286,13.53539787938075,3209.51379656407,1019.8616964378174,50.13137821765718,0.9205529187697844
2022-03-06 10:01:04,225.406740267579,37.95795313949542,8108.140894824417,1766.3133608748421,49.998452835927324,0.9646790095672847
2022-03-07 08:59:24,224.97929616623966,24.73388855177405,5257.872436046108,1504.7852805186874,49.91320245774717,0.9385079628363321
2022-03-08 07:57:45,226.16101217447937,27.293849056133894,6178.363662672292,1451.6519103250305,49.978640675779495,0.9432844276451915
2022-03-09 06:56:05,229.8265755630661,11.245963711735643,2460.998500838923,978.0500664952293,49.846731602907624,0.9436579433485206
2022-03-10 05:54:26,231.1710736626826,20.383057971001968,4249.339629503862,1326.771493061832,49.88714093269029,0.9339313145165749
2022-03-11 04:52:46,237.75250246407037,11.34705615497856,2777.8061432348823,937.4744957285054,50.0972443997918,0.9614244842047247
2022-03-12 03:51:07,225.00822979630604,45.16743090404991,10185.593070590281,2700.034251070891,50.08727874144696,0.9778128719189991
2022-03-13 02:49:27,234.9216119923829,19.735867328741218,4585.861724634348,1004.0642575508676,50.03630042848061,0.9594002732249332
2022-03-14 01:47:47,228.93005577887246,32.293486782920326,8083.404681368891,3194.352756400966,49.827892247903954,0.9520676399242418
2022-03-15 00:46:08,229.75268145173783,11.559172826445216,2693.5684123614938,692.9253415645414,49.96415964244871,0.9302711900180151
2022-03-15 23:44:28,233.374097460833,36.67389565222632,9180.840378245826,2614.351135463692,49.877500011133996,0.960336505316489
2022-03-16 22:42:49,224.3863898921885,22.921093830163755,4772.3069221561,1574.7314028313617,50.117653325378775,0.9931269926345859
2022-03-17 21:41:09,231.91204873092025,45.91676747830663,10796.042720097323,2212.535160197508,49.94162778664374,0.9423861075240981
2022-03-18 20:39:30,230.8322610410653,45.52472755736143,11281.964155073067,4084.655724377954,49.89142522892185,0.9424803284129626
2022-03-19 19:37:50,232.46225632004075,23.011624734469912,5438.2463014142,1671.2581317513743,50.00297961651214,0.93877821738038
2022-03-20 18:36:11,231.44584321953909,46.03843582761871,11120.010455955337,2842.7576970374244,49.93598455431654,0.9402117153101115
2022-03-21 17:34:31,242.27650069955448,49.846306939951155,11767.533374571925,2498.5014795282386,50.14837439102037,0.8950940089265522
2022-03-22 16:32:51,226.81130007874341,43.016626564957924,8961.390942018927,2083.520554108803,49.92651891024658,0.9581007077171142
2022-03-23 15:31:12,227.3450152249909,43.794853910209156,9872.708235323636,3741.823276903892,49.86007717407754,0.9330889564729077
2022-03-24 14:29:32,226.88429736787617,19.960349444363597,4433.115836379074,1494.8681375297872,49.78470864842425,0.917794737624164
2022-03-25 13:27:53,227.22261440419874,33.06809595431025,8065.423986472639,2016.1974652847239,49.99692134975866,0.9650637989946509
2022-03-26 12:26:13,226.81306436346742,12.690236558694714,2730.9391913179334,582.0181782573501,49.943806988614206,0.9283596442991612
2022-03-27 11:24:34,235.94508265553776,13.796717472866789,3559.136610406799,1203.426170485921,49.857109539348826,0.9432266189223248
2022-03-28 10:22:54,237.10252123994928,49.95570448133162,12929.918189285803,4066.2206513928268,50.118922646125576,0.9793288478237716
2022-03-29 09:21:14,227.14626853125262,23.06556997703644,4974.81355756992,1397.4445544292969,50.06672451474292,0.9218156840395096
2022-03-30 08:19:35,225.83822213447885,39.92735648195385,8743.09635484864,2384.437258168704,49.99717821210628,0.9193480353080448
2022-03-31 07:17:55,232.35707778193202,42.26660212107266,10597.890325014949,2579.1328484418336,50.13643262441709,0.9553861237912468
2022-04-01 06:16:16,227.23888477859515,44.320930840289165,11011.350333597089,3676.93489333037,50.06625360333986,0.9729897472802074
2022-04-02 05:14:36,233.16465908877754,49.90513189608626,11504.483266436155,4534.303469891065,49.91771440984816,0.9185131656453607
2022-04-03 04:12:57,231.0146151042565,19.659859410274713,4379.118779299955,1029.7193424306615,49.896077983600925,0.9581537947367434
2022-04-04 03:11:17,222.42127942501384,11.614033074387988,2596.689348945887,829.4431432437427,50.08179815444539,0.9616199907992338
2022-04-05 02:09:38,237.7375260066503,26.44766071978344,6523.725014207435,1858.1983346060872,50.039636695646735,0.9088167903261536
2022-04-06 01:07:58,238.9793883654776,15.203226793157878,3468.652741606243,1003.6121601860928,50.01697477679706,0.9659700267581444
2022-04-07 00:06:18,226.93605654757806,10.897035566482206,2589.8866142779393,649.6198506272224,49.91535021971311,0.9675321175968435
2022-04-07 23:04:39,228.0614922003201,24.417073085659446,5069.266481820275,1850.4190099983293,50.060794756700574,0.9437642885348795
2022-04-08 22:02:59,231.42932695362452,41.34953004300946,8706.889186570592,2586.3911918085973,49.9244501116866,0.9750469272459601
2022-04-09 21:01:20,231.67228394993512,32.647227649002836,7391.446165518075,2281.600253613803,49.98980133454063,0.9727291114864969
2022-04-10 19:59:40,233.29272136336417,22.511119568414163,5097.7779535958525,1330.2762831943617,50.1446944146387,0.9520623585143441
2022-04-11 18:58:01,240.05102269383175,36.173680219708785,8363.338069673207,1976.7727463948966,49.93391657641899,0.9409710921935013
2022-04-12 17:56:21,229.11526386252976,19.280727212352428,4409.574847047859,957.6806267934268,49.84270107429271,0.9305434421483408
2022-04-13 16:54:41,226.00851377730774,10.575257842883401,2304.4054355664625,790.0050931111783,49.89474528081299,0.9492487298126762
2022-04-14 15:53:02,223.10340385992737,40.574135457457096,8495.07744845348,2032.4205738866901,50.099429882668765,0.9613951783940835
2022-04-15 14:51:22,226.3453498002904,34.949723394560365,7609.261238826339,2572.044976664903,50.02547311373802,0.9435164627791871
2022-04-16 13:49:43,229.834365135631,40.4921049800384,10190.41440241365,2833.702432114717,49.98711226213113,0.9060499798947593
2022-04-17 12:48:03,238.97278931758893,11.557520667506624,2712.8331949999338,768.1521753538303,49.94909061946884,0.9753742778915314
2022-04-18 11:46:24,227.41194350481913,43.48478511322609,9779.612873434986,2873.5974308299697,50.04853599075532,0.9538044644368978
2022-04-19 10:44:44,231.1189397581945,34.781048001452135,8161.621220397207,2232.543756650313,49.91508951490098,0.9424075100664633
2022-04-20 09:43:05,229.91788551963623,32.535814028505605,8203.698026775246,1805.8307870740757,50.03056655686426,0.9671431677684658
2022-04-21 08:41:25,235.9419663672404,34.984561924581264,7827.74485531714,2050.29273262189,49.92687454311871,0.9804927719296551
2022-04-22 07:39:45,242.6346621293681,44.577329874734566,11208.155029087355,3729.478528375441,49.910234061472494,0.8939617686102421
2022-04-23 06:38:06,227.3456561353984,33.47746026235628,7939.725133043347,2645.174055714793,49.9362512565175,0.9586852729984414
2022-04-24 05:36:26,227.5528027874089,33.23801519552717,7725.751091115633,1987.4097690157676,49.962459255351604,0.921467015783793
2022-04-25 04:34:47,235.22080438534536,49.62716628263063,10712.80882511368,3128.3600606717728,49.99511701640663,0.9599822101359787
2022-04-26 03:33:07,233.40945744813155,40.26920668274272,9731.705746730288,2322.8554494526206,50.02354557951111,0.9525585440474915
2022-04-27 02:31:28,239.23353662868016,27.691752218045412,6047.239111444249,1463.881878165482,49.63116347085715,0.962714530528811
2022-04-28 01:29:48,232.91964092662982,38.29588000131711,9091.378464036052,1860.1816534469235,49.91923494422532,0.9400150477101068
2022-04-29 00:28:08,228.2035395460647,25.569218867671538,6114.576823953755,2319.560498996028,49.9608430022644,0.9125351977636169
2022-04-29 23:26:29,232.95327415346154,19.15501849933996,4204.28084178353,1018.0301673988115,50.150506203860836,0.9409926361748666
2022-04-30 22:24:49,235.54351790291454,33.874075075510376,8523.966828862807,2092.6916096623545,49.89199973916179,0.9581369527027956
2022-05-01 21:23:10,234.10241090598683,47.12728392455806,9996.326052036065,2558.262627474641,50.01627966180999,0.9703078465735044
2022-05-02 20:21:30,232.5363701555365,47.16558080061851,11721.881115466596,2643.068677006252,50.149503030973584,0.9265633739905494
2022-05-03 19:19:51,235.33337344794577,23.676211124219613,5527.594894301393,1812.236228698216,49.86870314700527,0.9705412085374603
2022-05-04 18:18:11,235.84647795222835,31.107098648867797,6922.116459359526,1488.452946470996,50.03939752258644,0.9370425542070695
2022-05-05 17:16:32,236.91079495518764,18.46543594279445,4054.2418071732172,919.6661789219181,49.919772816606546,0.9572489976318905
2022-05-06 16:14:52,233.24354943794822,49.825244379955336,12675.03116197946,4169.468552680952,49.949536625771074,0.9398021209426873
2022-05-07 15:13:12,229.16440959841572,49.24471631471743,10320.630918710742,2765.2285640639993,49.91968891660467,0.953643412554242
2022-05-08 14:11:33,230.7335684321666,35.980357188297894,7802.258371975904,2665.170045955481,49.92681426915841,0.9678375526914055
2022-05-09 13:09:53,236.0325448325418,42.17656238709893,9652.054387668875,3006.469668051505,50.27219121479065,0.9254597184542293
2022-05-10 12:08:14,225.9153216450638,38.604006451348,8930.955845734217,2243.493927583934,50.08444558720716,0.9364018820650634
2022-05-11 11:06:34,231.8433665443645,33.72632876157873,7889.287559857518,2604.771282652108,50.11017378617862,0.9536992517468417
2022-05-12 10:04:55,228.03330593836318,12.133919879555908,2559.773625021064,571.4815850237824,50.04919934868365,0.998031673220607
2022-05-13 09:03:15,230.1437241146741,28.19057370210644,6215.039542859565,1909.7702569804803,49.8393743211598,0.9327362057566634
2022-05-14 08:01:36,236.3922593130365,36.99145208669642,8287.596275690146,2382.100656597276,50.03949579703233,0.9908026777199384
2022-05-15 06:59:56,230.9554953400995,37.101264555347385,8077.825519461419,2048.332316546741,50.10729296145073,0.9900884660735034
2022-05-16 05:58:16,230.23218274078076,24.924904736895343,5636.535306644116,1808.2061603584616,49.91466005259609,0.9480537769859682
2022-05-17 04:56:37,223.2007192951004,47.667679466321225,11073.617253767174,4144.486391138692,50.096532666716115,0.9440369494760019
2022-05-18 03:54:57,233.7312678301361,16.694281289471242,3681.4771823151923,1471.7844083600735,50.070433620985405,0.9361586960267061
2022-05-19 02:53:18,233.22742090570537,30.014377848622424,6813.521676118163,2190.905294977815,50.18520400448137,0.9486359493933466
2022-05-20 01:51:38,240.8162736165273,37.63535906203291,8865.479339037014,2490.6781812578365,49.95822169874864,0.9218656113488088
2022-05-21 00:49:59,228.461108825235,37.88543223567237,9480.127257074542,2323.0238452641747,49.89023890177243,0.948475219653588
2022-05-21 23:48:19,231.09575163831968,35.94555827075262,9062.236289316133,2278.4203600947562,49.963837189062744,0.979937605477017
2022-05-22 22:46:39,231.24691841855378,21.01152853807441,5150.515998059511,1523.9913066738304,50.14355709931636,0.9377782987504656
2022-05-23 21:45:00,237.88726639881736,16.248262747464878,3665.543989005231,1002.3633118460789,49.8171594119158,0.945185513920219
2022-05-24 20:43:20,229.52352233806525,35.437613073068434,7431.069113572742,2844.337597637037,49.793162428456895,0.9159771905146551
2022-05-25 19:41:41,231.3951076288517,33.97208464557751,7573.111813663612,2072.4509141371664,50.00893952789316,0.9574812417626208
2022-05-26 18:40:01,233.0394825485827,17.174240411569638,3815.605578500704,1048.1045687472285,49.95574107072258,0.9552896336990274
2022-05-27 17:38:22,230.9330456157818,38.205565822822535,8833.384256160187,2444.2583959977105,50.000772789317566,0.9512740471953154
2022-05-28 16:36:42,227.76783192724736,28.206879669346257,6781.479075266291,2491.0003051638896,50.094531177123585,0.945663458995557
2022-05-29 15:35:03,230.97044996449154,36.71042366412612,9086.66876529294,3000.033334629985,49.94474306538812,0.9441448416245508
2022-05-30 14:33:23,235.36815874929886,43.49468319080603,10943.356400673209,3532.885003980914,49.81269941690694,0.9600380046740133
2022-05-31 13:31:43,224.8674235029447,16.78913714307693,3669.3757991693274,979.0944237931934,50.204448155719994,0.9494236679682275
2022-06-01 12:30:04,230.66484837073438,10.765794719873467,2576.2818564323334,936.686709501194,49.90027717125612,0.9562994374311066
2022-06-02 11:28:24,226.49939592530413,41.16410345583147,8974.631083093003,1863.7865171366698,49.89409628779879,0.9542996563490909
2022-06-03 10:26:45,235.9752331446242,34.38789700610464,7402.068757084066,2769.553860041033,50.11037200137226,0.9724685457419152
2022-06-04 09:25:05,222.38406547608113,37.98558278488487,8787.92834362545,2658.787544243127,49.96155108789585,0.9635398819475011
2022-06-05 08:23:26,227.20539076364207,43.5261989995457,8919.886041160637,2494.446550401548,49.993661014796515,0.9538572368630037
2022-06-06 07:21:46,231.88605937532262,42.11243739298002,9587.915535269816,2870.9426859381533,50.048279012406034,0.9803684406130435
2022-06-07 06:20:06,237.8276201461717,48.436805877152985,11126.513404946605,3710.5042504201656,50.108358310311,0.9584053705811312
2022-06-08 05:18:27,229.67124869463507,31.437403154084727,7499.515154776512,1519.049932880934,49.96665393068182,0.9760992537758083
2022-06-09 04:16:47,227.224002366534,29.539825306396214,7069.573635924842,2646.2147325366846,50.15199520059143,0.9621388521677328
2022-06-10 03:15:08,239.40578534720294,26.075487995629203,5998.030028106661,1735.5174231333024,49.78642001512652,0.9131616184213691
2022-06-11 02:13:28,222.7599304979188,16.14764171376818,3821.23498337107,1026.3581293148065,50.07597872369531,0.9760966952663865
2022-06-12 01:11:49,219.00597021689958,32.9042893152809,6909.21892190612,1572.8775599709124,49.91604724419823,0.9527035248268534
2022-06-13 00:10:09,232.20007225026666,21.08050097303915,4842.348494940339,1394.078597808667,50.1372271316608,0.9489609045819843
2022-06-13 23:08:30,227.48972887823695,46.85230048851902,11142.348767133515,3334.5100371708613,50.01420444788305,0.9556269669497915
2022-06-14 22:06:50,224.89383591434643,33.327632171083906,7784.37337262759,2185.3019906383524,49.93270946679906,0.9431003367608586
2022-06-15 21:05:10,233.54178223649677,33.713607220324405,8640.998550056964,2901.059887359341,50.06628410930216,0.9545405772077789
2022-06-16 20:03:31,231.21900356885598,24.1969864350804,5287.269102535818,1502.5324628818107,50.08931883472073,0.9381624786731381
2022-06-17 19:01:51,227.17960684631635,12.0795740791083,2833.3205215623616,1111.4649349331676,50.06418941228586,0.9754854451746874
2022-06-18 18:00:12,223.59847800664554,11.269750614919545,2575.176553071735,823.6843931508155,49.897030376036696,0.947728237727579
2022-06-19 16:58:32,234.36228664140071,26.9334057661279,6836.209343454331,2471.2595103582257,49.95159828763779,0.9423483231455513
2022-06-20 15:56:53,233.2510058897933,13.382615123889515,2906.9747441143913,644.9739185146934,49.99959271628786,0.9315014836856145
2022-06-21 14:55:13,229.50412068110307,34.273878221605564,8262.124967378251,2308.9190556297212,49.995874034734996,0.9553755157829728
2022-06-22 13:53:33,239.23318498023832,45.2389202255863,10970.420451858936,2933.1562729952907,50.07497454754383,0.9537421420025018
2022-06-23 12:51:54,224.64957616836924,45.31659266074889,9721.557121849655,3051.5625376013777,49.79850987674934,0.9577684922735501
2022-06-24 11:50:14,222.3723741453763,36.3618164052893,8044.520283663239,2994.3530924668057,50.03343270545535,0.9294549622498974
2022-06-25 10:48:35,226.5404596505938,18.44927325891724,4040.5604742487794,871.4181561122075,49.971001864556335,0.9179763760237685
2022-06-26 09:46:55,229.7720699182225,44.519873254354884,10391.689506311877,2229.1728547151606,49.916149938361606,0.9625118260501312
2022-06-27 08:45:16,231.21669724661345,45.44373741252833,11324.824056756192,4190.904498797032,49.92575132222304,0.9796928372375301
2022-06-28 07:43:36,228.79381971071834,17.866143398118346,4144.322278309539,1005.2883263636811,49.9785462335482,0.929472927552202
2022-06-29 06:41:57,231.7602769825715,39.49704343082709,9394.999064711965,3135.5870529582094,49.639891489554046,0.9817888256712339
2022-06-30 05:40:17,223.74230287904777,21.46078195708492,4819.68902708048,1487.2385609323596,49.929871042920844,0.9556782211747276
2022-07-01 04:38:37,237.2188230203663,42.10561249411719,9091.63016546409,3332.798139472531,49.91241851753537,0.9498587419089833
2022-07-02 03:36:58,229.58924410803715,49.889515996144105,10842.123505209536,2439.670582957569,50.053278320932264,0.9420490260690844
2022-07-03 02:35:18,235.58647915794063,11.201040213175713,2634.5924376555986,595.3035315369813,49.91944733174895,0.9223096396115
2022-07-04 01:33:39,231.71362673188852,45.894634631637274,10230.804993853222,3185.5010109715386,49.978488619982954,0.969754570318492
2022-07-05 00:31:59,232.28376609576893,34.90522134394632,7591.869449483267,2955.3305271115596,50.15422766276613,0.9344878727712479
2022-07-05 23:30:20,232.848836401161,48.93530476659285,11403.947131068808,3227.3119254081917,50.099435151981545,0.934403866485248
2022-07-06 22:28:40,232.23854280008658,28.600380701057105,6406.727342835784,1700.2712472123392,50.09022713999435,0.969838526197739
2022-07-07 21:27:01,233.2136137993377,43.89551722285495,9741.780231924726,3130.4028575147363,49.95001275695891,0.9123403310665654
2022-07-08 20:25:21,236.64576265066216,12.495762743931088,2935.7697811194544,1133.4705330968886,50.05430322792896,0.9195280437866367
2022-07-09 19:23:41,230.98260584850735,23.411162003131828,5010.962908110773,1840.9554470521432,49.976610219954644,0.9496373151298383
2022-07-10 18:22:02,233.54501878794255,12.680661510048399,3214.859584337305,1283.0399222707408,49.98039067893231,0.955865688580097
2022-07-11 17:20:22,229.55132152856388,49.01372533916282,12078.580850778402,2470.235461535167,50.040968534374656,0.9596946929593785
2022-07-12 16:18:43,237.20058607724735,42.67895629087347,10543.841742651308,2346.7600319743824,49.940300641157904,0.9439640301320749
2022-07-13 15:17:03,226.61803848970365,44.10189684983882,9207.16308237948,2963.7264346298075,50.14930031044432,1.0
2022-07-14 14:15:24,239.0047021645541,47.51860925735577,11983.808086547519,4363.487731173375,49.98398698604021,0.9454421488246832
2022-07-15 13:13:44,229.79921024677827,13.404139444791415,3269.978426901921,840.544254528175,50.061836056625964,0.9453842769579455
2022-07-16 12:12:04,222.84612448940976,25.423903700533334,5969.028838539047,1479.3773443027203,50.14556004792573,0.9340602666237224
2022-07-17 11:10:25,230.64052207455396,12.841395561760084,2733.0791649632424,976.7892651164591,50.103165377457515,0.9524781363304213
2022-07-18 10:08:45,226.5947417126256,18.431724062001145,4296.738983592358,907.799418602149,49.859108089730945,0.9622992246409354
2022-07-19 09:07:06,234.20321774494363,19.174631081506895,4791.034802262941,1312.151984436627,50.04448958950099,0.9740715610906692
2022-07-20 08:05:26,226.73688010348803,28.764288441903147,6622.823636268847,1994.5417822192196,50.08507193944607,0.9202143147111956
2022-07-21 07:03:47,227.7690828339261,20.742486698145704,4862.837416945284,1517.5443834223452,50.08918630221608,0.9450800932328859
2022-07-22 06:02:07,220.55229634527234,14.039124272710444,3070.5767565189835,1061.569104282864,49.88867051658854,0.9589340722161829
2022-07-23 05:00:28,227.7384684037546,16.699643563764308,3824.9869039896316,1036.4534298097253,49.934296476298265,0.9617411506918907
2022-07-24 03:58:48,217.8806033668552,15.891022542083636,3139.9159343377582,1012.738654180169,50.09945582357416,0.9501309731560907
2022-07-25 02:57:08,222.0804858825714,48.923071916491935,11166.82232625083,3540.7211333422806,49.923823962931735,0.960848479390642
2022-07-26 01:55:29,233.8020732807215,40.37170027673895,8648.844344336365,2677.018151868612,49.97003039433357,0.9338207221414839
2022-07-27 00:53:49,233.92900079325415,48.71045861078248,11246.689915043717,3690.001381756045,50.1575875809502,0.9811581086463671
2022-07-27 23:52:10,232.12728780892482,27.589619460316342,6138.72359872591,1546.2820695662772,49.99522007496152,0.9698525620595886
2022-07-28 22:50:30,225.16511928435392,21.134739266506266,4802.042649193053,1041.7059148214948,49.92732258621662,0.9231014442586966
2022-07-29 21:48:51,229.7614432192901,41.93172788836747,8927.939333285705,1998.5579170872168,49.91223826431371,0.9284979390376649
2022-07-30 20:47:11,229.98198730454715,23.05015672164587,5504.305817338657,1348.0951865304603,50.03327193295852,0.9290615649978619
2022-07-31 19:45:31,224.2081765540373,21.97533494821393,5217.757083403719,1565.5336809163298,49.86668519915228,0.9635593994179306
2022-08-01 18:43:52,237.51699150883576,19.300239688313248,4275.489145273079,1573.7586004912077,49.975266403610355,0.9243054446716507
2022-08-02 17:42:12,234.38681145287836,15.187159128969414,3277.9668523663545,1115.3566363034593,50.033323053499004,0.9433795133158384
2022-08-03 16:40:33,228.8951791308517,20.25852244067064,4308.323643043051,1541.553186689541,50.129914982054764,0.9590940879283354
2022-08-04 15:38:53,230.13442919497265,24.21278993895551,5992.482374837695,1619.139523042492,50.066754808037,0.9486766813090712
2022-08-05 14:37:14,231.04191403973778,36.95976832582922,8587.398678820251,2412.4643370465365,49.928593488201784,0.9551777503142541
2022-08-06 13:35:34,219.79132565787856,12.502593688778063,2729.968535591051,760.9415394755137,50.117841931756374,0.9286839457730248
2022-08-07 12:33:55,228.76411308739702,18.420277586613718,3882.443172573771,925.4759814730032,49.970048496245255,0.9618970874679449
2022-08-08 11:32:15,226.590078760011,42.360945611667056,9885.67476252628,2098.1685469964777,49.87642969779506,0.93773576215048
2022-08-09 10:30:35,224.9918999505254,15.87687694335083,3835.0800341663944,1220.2581087271417,49.98279586407345,0.9435076065120411
2022-08-10 09:28:56,228.59449853557024,23.70580586090086,5774.705751238527,2297.4282044416977,50.14381692011457,0.9547546345581197
2022-08-11 08:27:16,238.9884326342476,44.5863568743256,10924.261851293002,2549.3506465487253,50.016524005006495,0.952061564430617
2022-08-12 07:25:37,233.20421430633505,16.197012445737705,3456.359133140964,723.543727355772,50.00125218643298,0.9504796003803118
2022-08-13 06:23:57,227.14410505108603,13.309473424727596,2788.8106156163676,992.5553690192467,50.16372116447029,0.9349874635604648
2022-08-14 05:22:18,232.8629139067808,29.381519803200433,6225.1527843450685,1559.5078534290167,49.85686451529456,0.9440090117760161
2022-08-15 04:20:38,236.99677718293,22.096780451141456,4982.855995929126,1823.3703211834845,49.871440088594724,0.9500436718167407
2022-08-16 03:18:58,234.62316841456385,32.53633457935416,7077.522019028387,2411.929855993325,49.83841535290332,0.9224982953366583
2022-08-17 02:17:19,230.29815184960088,42.152195619339004,9241.702526503921,3596.2672086228486,50.037264818648005,0.9407493406737324
2022-08-18 01:15:39,226.76531611147212,15.485939526109727,3430.9462451186605,966.7907218329535,50.016649312711515,0.9577535975806569
2022-08-19 00:14:00,233.49111656806795,33.227963382171396,8445.80483410038,2807.3345808322397,50.15427363672798,0.9244512679230931
2022-08-19 23:12:20,231.96742692710876,30.220350415594556,7164.887185241815,2099.1038494578424,50.02434750771368,0.9731316330318848
2022-08-20 22:10:41,234.47596610013866,15.763151440527983,3943.6981556647943,1286.1099276447126,49.95958428405207,0.9753922652519968
2022-08-21 21:09:01,233.17585900840984,34.9599394211593,8494.763163116953,2462.7998776098325,50.00017948728781,0.9250969884807982
2022-08-22 20:07:22,235.24776357659667,20.945616714430866,4545.53833849758,1080.594689299027,50.01177074184609,0.9771523926610027
2022-08-23 19:05:42,227.32382394219715,29.5133727417605,7025.655126641495,2118.7934422387234,49.832823872667184,0.9471283682257573
2022-08-24 18:04:02,236.58697032817162,13.290892971082474,3003.013942105364,918.0719337197268,50.27103316443349,0.9583702911831411
2022-08-25 17:02:23,230.987998023462,28.383362288544923,6738.620251540082,2440.1943518804655,50.05198710181019,0.9400669789574351
2022-08-26 16:00:43,240.37630436312634,22.258538721712814,5180.241063157839,1798.0831252225166,50.02100083080226,0.9684608965445352
2022-08-27 14:59:04,226.55406090955216,42.895248447414176,10685.377770145655,3555.648406523689,50.061516398427855,0.9581218803769733
2022-08-28 13:57:24,238.67981901582624,12.279149079894731,2792.1891208391157,621.7574670969109,50.07094109805866,0.9337169348680479
2022-08-29 12:55:45,230.98955391731323,26.7442909967332,5904.760836129229,2031.96553742341,49.985944651449756,0.9266959600006942
2022-08-30 11:54:05,226.74290998192777,28.33725696525752,6978.709391238572,2094.0387368749816,49.93687588637593,0.9207939512958155
2022-08-31 10:52:26,227.5805708297284,39.000243051964745,8031.875075137674,3042.6341707761785,50.05994506863217,0.953758835528655
2022-09-01 09:50:46,228.39826345902839,32.97150300360844,7826.872586725696,3005.31703687956,50.038571084053146,0.9614494282355946
2022-09-02 08:49:06,232.12082973200958,36.688493487767246,8899.946829125462,1878.167510551439,49.91901099009106,0.9630193135755888
2022-09-03 07:47:27,232.61417744017749,41.08197142607025,10199.152479083652,3713.800176762423,50.14190356113673,0.9476403781078524
2022-09-04 06:45:47,227.1314999803071,44.48811894632755,11063.462126093124,2296.1051554573774,50.0293352036323,0.9268600708867126
2022-09-05 05:44:08,229.8782270386951,22.55501986889882,5678.0984153096,1552.5847370236654,50.07298193622676,0.9363585040395243
2022-09-06 04:42:28,240.71135179305932,31.52090821455612,6927.753085312198,2136.934682917172,50.13919208876799,0.9730469727792385
2022-09-07 03:40:49,238.63771585050355,43.604323137567995,11075.424648179049,2543.1407767417877,50.002188882116485,0.9403074287079983
2022-09-08 02:39:09,232.18161834837016,49.57804523860226,11847.948748899156,4138.047310162622,50.03169520069841,0.9528683526136295
2022-09-09 01:37:29,230.190017390841,45.580772441750526,10801.428572914429,2178.3342626555227,50.08100272385061,0.9284869903285022
2022-09-10 00:35:50,230.6001566335913,24.858690504975073,5306.3272157158635,1240.1937869930382,49.927513891619995,0.9567316609091806
2022-09-10 23:34:10,233.06758986365207,17.806660688746017,4274.8155089236525,1351.5229609429966,50.0054051662846,0.9408463087664184
2022-09-11 22:32:31,224.88603717400798,29.575701496263548,7292.976296828545,2500.59757070313,50.01255485866511,0.9709342542755153
2022-09-12 21:30:51,228.71311731288327,39.66565807344169,9819.26455857224,3764.0051379428614,49.90439414483166,0.9654711541241362
2022-09-13 20:29:12,221.65707963061206,29.702762830131903,6503.677018008266,2218.399875895451,50.23176367886739,0.940085881068502
2022-09-14 19:27:32,231.9961156130264,29.32723453254674,6177.783683928566,2065.5781397821033,49.85927065565076,0.9474667194530467
2022-09-15 18:25:53,233.23597969851372,43.529216843272025,9872.964276871404,2753.2560655384063,49.87018960963128,0.9389776751991874
2022-09-16 17:24:13,227.58406768850313,24.456151162687455,5929.156982817626,1187.3545086797542,50.13142265757036,0.9216113360690997
2022-09-17 16:22:33,237.86993381645016,44.391786992465825,10985.016235067058,2460.9935286142977,50.07132662507966,0.9328511514090556
2022-09-18 15:20:54,223.8711716849883,26.272192038068944,5833.761653712814,1790.4450917457013,49.89740351825192,0.9539643465544163
2022-09-19 14:19:14,222.67812559895088,23.129324227133576,4692.114038185657,1571.9800906309877,50.06072890151017,0.9565051899645916
2022-09-20 13:17:35,231.12225909279985,28.15959644798796,6413.151198043522,1818.0620320070664,50.14678504449973,0.9529709580718527
2022-09-21 12:15:55,235.23549151306077,40.49787834699474,9467.521298454274,3277.048080486565,49.9969736942403,0.9439653389208272
2022-09-22 11:14:16,238.41963845728935,15.040081114559772,3893.1979333709583,1184.9822286124843,50.25988229000746,0.9686613321144196
2022-09-23 10:12:36,227.7055786856553,17.856768634880694,4180.819476932538,898.1873520395993,49.82759381891319,0.9512708380912187
2022-09-24 09:10:56,235.3934041671565,48.057793026523676,10886.352692175578,2595.3418645683937,50.06938234538591,0.9640650765619189
2022-09-25 08:09:17,229.80745765249645,17.019665095254297,3931.051157575289,1446.6254290839154,50.1166528336221,0.9145244973559495
2022-09-26 07:07:37,229.1368635002959,32.709092717242186,6844.388064370932,2361.194443015519,50.089134390160524,0.8715519949676331
2022-09-27 06:05:58,234.41829968743338,33.17257866647751,8511.222132411503,3225.3480319025493,49.97956442733543,0.9556757605567615
2022-09-28 05:04:18,233.2616143920671,29.58497848200979,6707.893404001178,1499.2909799944066,49.970955851798884,0.9215046869255702
2022-09-29 04:02:39,222.11803921507874,35.78980994307274,7914.373439759289,3150.2728734335906,50.04441451710873,0.9457509659457388
2022-09-30 03:00:59,237.38270174862947,19.193069031904738,4424.234369924688,1070.1397502149944,50.081575448665205,0.9439580591795078
2022-10-01 01:59:20,236.90045677073726,32.106490711069924,7883.680703198596,1595.3098973131325,50.060247343628234,0.9817480120483106
2022-10-02 00:57:40,226.87218649245236,24.886930209875885,5829.3497656619265,2328.7353883399187,50.10400578907934,0.957999931058872
2022-10-02 23:56:00,231.97901766718704,36.46669038516756,8823.811132325309,2260.790802344365,49.89811300429333,0.9533171805359734
2022-10-03 22:54:21,232.47015093141368,15.648941734925979,3469.216948673121,1157.3442710746067,49.97722290208764,0.9667398230926735
2022-10-04 21:52:41,231.30336882911953,32.835096673579045,7314.8737481048,1721.456513965492,49.905998406787624,0.9573699517367807
2022-10-05 20:51:02,227.2484742307729,17.410814215332948,3660.0361963682662,1156.7387252765511,49.96138872239138,0.9408464601402313
2022-10-06 19:49:22,226.64188316030973,21.145722524601457,4941.562880012233,1881.781722261689,50.10152208918143,0.9714295186050912
2022-10-07 18:47:43,229.87222964504278,18.748392012943327,3913.064218770131,1033.1907377116804,50.01079839207252,0.9278049974422344
2022-10-08 17:46:03,235.86364509629684,17.313511194752685,4163.407521160889,1390.7895932223928,50.260685916314976,0.9564649437506711
2022-10-09 16:44:23,232.71800077297218,43.02843806242668,10753.881445433644,2554.9148725086657,50.01934063671897,0.9190486041172737
2022-10-10 15:42:44,228.14692833956946,21.428302706435613,5270.9415960317265,1712.8403304294966,50.005969188057975,0.9540788771503198
2022-10-11 14:41:04,233.85849355324171,47.084951274577975,10898.98453072104,2913.190342107147,50.01061829194402,0.9538597928354585
2022-10-12 13:39:25,215.75728689684962,48.797061013807635,10442.628722065729,2529.639629906752,49.93621913071401,0.9835290992382932
2022-10-13 12:37:45,235.74382850186052,32.8504187974839,7089.069380409236,1861.8477333092299,49.99421633876224,0.9187005221311644
2022-10-14 11:36:06,221.3014311061095,15.720044906629056,3597.6822462486875,848.2191166638685,50.11277880271116,0.9379822564829237
2022-10-15 10:34:26,228.18779529298433,24.98192973518325,6066.843925584441,2307.7256371614926,50.011397066812776,0.9664536485314829
2022-10-16 09:32:47,224.40165052686928,41.90929053392856,8924.234947086612,2493.76480769649,49.92065402701165,0.9567063451279461
2022-10-17 08:31:07,223.52659262139548,24.69562914788282,5433.243965794283,1353.1812538960962,49.90749153795214,0.95360610102675
2022-10-18 07:29:27,235.80413393689258,13.480688732111549,3394.222772527214,983.2437755766513,49.954979810833414,0.9308772859408292
2022-10-19 06:27:48,227.66149399344053,32.27139643712752,7901.091696403848,2086.735468471154,50.00738634344109,0.9381836330381714
2022-10-20 05:26:08,231.7325194086536,43.80483405984139,9629.608320730778,3359.614832272756,50.11935865354763,0.9749008201644651
2022-10-21 04:24:29,229.76539710560408,41.837055485740095,9709.93181269058,3828.082186445217,49.865951135863355,0.9489698161249214
2022-10-22 03:22:49,232.38520413611562,17.00492560521413,3708.6585686227463,1066.635168575926,49.96801737221112,0.9575071939228894
2022-10-23 02:21:10,230.38410945530129,36.910584576498664,7826.518440876228,2913.0824447938653,50.01443100194351,0.9476962334244704
2022-10-24 01:19:30,223.58503887905715,18.820170537425884,4553.900056829201,1426.15678793398,49.81662942323705,0.9263382896950046
2022-10-25 00:17:51,234.9813340972357,18.72830138208689,4682.899208813919,1083.8435960962072,49.91664017170336,0.9686762085214999
2022-10-25 23:16:11,227.53121708419343,44.96287093220741,10762.51190991605,3639.0694793650737,49.93201114602638,0.9600646476906499
2022-10-26 22:14:31,222.21709050670125,19.986758109609205,4040.5774504223996,1223.0298603555905,49.92040296261495,0.9961127367473437
2022-10-27 21:12:52,227.85942419517045,20.52989386072045,4999.517625979276,1650.4472813110524,50.01918895450216,0.9296883724069891
2022-10-28 20:11:12,237.50379895317155,10.026135630451982,2351.7388504275687,888.8102606617468,49.98394403904982,0.9664514584240096
2022-10-29 19:09:33,234.25110871056745,44.82676136502071,10169.72565919532,2929.764882718557,49.944471389739896,0.92376912067926
2022-10-30 18:07:53,228.2567393279607,41.70379252836539,9607.654992254054,3653.171736573185,50.042796262655266,0.9531469313534615
2022-10-31 17:06:14,228.25371147840787,35.09315740362712,7355.479597695071,2575.4020433731307,50.172307471764626,0.9695301317812632
2022-11-01 16:04:34,228.39182474391308,40.01063055755369,9607.153336057281,2860.2511559439968,50.16392565167418,0.9085572976780703
2022-11-02 15:02:54,240.3837399178042,16.081942696979674,3929.573653459049,1259.9958929847767,49.807722822793764,0.9459013505151678
2022-11-03 14:01:15,231.90967726115775,28.33294378350302,6158.820370991672,1632.8032164720596,50.05770721838351,0.9387358053191476
2022-11-04 12:59:35,232.15020823595535,24.048775493951236,5234.812787572638,2076.752102013418,49.982197670993614,0.9359608540340976
2022-11-05 11:57:56,235.15141727015921,13.75106105028066,3029.379951486466,1010.2080370865024,50.015515534286536,0.957704253045187
2022-11-06 10:56:16,231.19394579513258,29.445219408596962,6204.410208210772,1295.2908134877548,49.960171696645745,0.9724137141284519
2022-11-07 09:54:37,228.7047892708965,46.829586013705416,10898.217523967205,2891.562820180344,50.01175886298872,0.9473344256954168
2022-11-08 08:52:57,229.01825075457512,11.60236476202778,2838.0247378648546,921.4013040682569,50.015140739607205,0.9541097285512004
2022-11-09 07:51:18,229.64199370292968,21.658436539751754,4493.724019032067,949.3740445098634,49.94210482426511,0.952286175061185
2022-11-10 06:49:38,229.8138888174508,18.30163744822814,3826.595844298664,783.598198308986,49.91036324521748,0.9500360701271282
2022-11-11 05:47:58,233.6381477181849,19.525866146627852,4628.3826132353815,1342.2533958000677,49.95513043173805,0.9282131472457579
2022-11-12 04:46:19,230.2597294290365,46.337382075175015,11351.413404485354,3025.5834339578746,50.023425926445675,0.9721688920344578
2022-11-13 03:44:39,233.6632003860779,28.722762169371606,6478.885790090804,1863.7144826986926,50.059899634168424,0.9559039073631767
2022-11-14 02:43:00,229.59641709945708,28.65197651759275,6380.532089625124,1611.331036608867,50.085334897734015,0.9578976298000516
2022-11-15 01:41:20,230.39317595158045,40.42302569821129,9492.647905563133,2211.2510962181,49.95058099769331,0.9338698074194883
2022-11-16 00:39:41,220.00899657733947,16.17968816019703,3398.931121902059,1148.256385078918,50.02838445673027,0.9408155920402151
2022-11-16 23:38:01,234.58163837351242,29.490614164002032,6262.97603278596,1897.1445202270224,50.09625025919533,0.9464773160457843
2022-11-17 22:36:21,231.73244237948995,27.19940856484239,6599.513760025541,1584.0868462585593,50.116559489514415,0.9193175061310229
2022-11-18 21:34:42,234.99005054929827,33.87642762186624,8160.673767713339,2153.7477630063727,49.994116714586845,0.9162393134960464
2022-11-19 20:33:02,215.51872310903155,49.98230813001754,10946.10594084042,3484.819598950058,49.97790682750604,0.9379850413872286
2022-11-20 19:31:23,240.44187352390364,40.77795576328188,10278.657515507915,2204.2156497938117,50.01911242338364,0.9604504153288478
2022-11-21 18:29:43,229.30205185922412,25.91462812069709,6150.531450453804,1411.4891642818995,49.88502925271026,0.9369372522014011
2022-11-22 17:28:04,235.5409140836876,43.10212209096188,9555.117599364403,2050.9975920494007,49.98063904889645,0.9296238960481857
2022-11-23 16:26:24,224.80047036437236,16.828334532499206,3671.4041616142986,1330.7498794984683,50.074458639847315,0.9337062869352466
2022-11-24 15:24:45,233.06386952531284,11.218547452358404,2419.1207474638495,847.8579068220776,50.06419471294437,0.9408931515370937
2022-11-25 14:23:05,224.73292218413172,18.17793489857092,3782.7602520832465,1326.472493635279,49.97297323956361,0.9429228207435979
2022-11-26 13:21:25,226.88115519652098,23.616462244570386,5546.9461868942035,1904.0728638928476,50.02177182010872,0.9933104290441311
2022-11-27 12:19:46,239.57015676933392,30.423230298382396,7811.22928825174,2607.9904629501243,49.91753496597093,0.9710924125697463
2022-11-28 11:18:06,229.04658799618326,34.60516562164799,8659.736861617002,2558.072266782137,50.0703492148225,0.9704954822456345
2022-11-29 10:16:27,231.08716436589862,46.42422868857687,11003.426054099145,3614.1372664824567,49.992217856386354,0.9733716072854676
2022-11-30 09:14:47,234.35033865344377,30.394160382018306,6672.85999306903,1385.7682554571263,49.97240485483039,0.930023582613319
2022-12-01 08:13:08,232.47840943986301,30.051025785029175,6435.21240767727,2086.8935942576404,49.96382761639066,0.9255527077002552
2022-12-02 07:11:28,230.7520945257179,12.009720392919284,2944.6669210399946,1047.0515338297853,49.993710613310014,0.9278625941693188
2022-12-03 06:09:48,231.82480501233113,11.396462106248952,2683.59725373606,805.2715151094975,49.95521223550681,0.9766901226667567
2022-12-04 05:08:09,242.01707792619138,32.046398476654886,7939.254136119926,2155.528661510774,50.065814303600256,0.9390561642223502
2022-12-05 04:06:29,229.71190601483207,27.52714452993378,6679.267404913721,1706.454950384309,49.96047164519838,0.9249728763552142
2022-12-06 03:04:50,231.00549523357483,43.567215799211944,10473.43349061067,3441.1556021222855,50.15929640960274,0.9413800759956037
2022-12-07 02:03:10,235.25327198003805,16.427183388473807,4123.054678900942,1395.9023804920337,50.14652105034814,0.9452278893657075
2022-12-08 01:01:31,235.5276296647899,10.998866484681983,2360.6080967865296,883.3242530121556,49.91084565101455,0.9553682654738912
2022-12-08 23:59:51,235.9351515278019,27.961550717205036,6923.697012922698,1858.7828954158986,50.00697042694293,0.9550190204142408
2022-12-09 22:58:12,233.19365111014594,19.4991422700903,4866.1470225432695,1722.39444883278,49.93493433786638,0.9334363887225298
2022-12-10 21:56:32,224.2849754363476,11.984574933553498,2572.98800028659,803.469959963349,49.96733524368114,0.9637131278502742
2022-12-11 20:54:52,238.16715766150548,38.98393147390516,9545.494094179136,3594.520920414515,50.20024274676448,0.9372161293249968
2022-12-12 19:53:13,224.26827303490657,14.4637199982899,3123.191014293601,954.329809631569,49.96924285828842,0.9468744732658991
2022-12-13 18:51:33,231.51317732619518,34.33278000031087,8676.526762915637,2633.5511644588055,50.03602260370774,0.963735481410067
2022-12-14 17:49:54,226.2286207499032,21.241990006675564,4357.115194715175,1374.998441387804,50.05413212940083,0.9371635719211131
2022-12-15 16:48:14,229.67930826703503,16.93984201420088,3952.821697317796,1382.94633825164,49.899937062751675,0.9386129715283772
2022-12-16 15:46:35,231.64381205151741,25.190060916772698,5445.923256235018,2139.910713991086,49.91449045255908,0.9618333609938626
2022-12-17 14:44:55,231.60678607725137,42.057831048918146,10154.321349954093,2180.2614576482956,49.879397762859185,0.9328453364678996
2022-12-18 13:43:16,232.1096037711764,25.683743076182907,5575.011080750418,1174.5819162351663,49.91140292661022,0.9423041595279186
2022-12-19 12:41:36,238.06855634529325,40.03078596844223,9025.708142009275,3497.5527711780464,49.71499698906828,0.9611148435608579
2022-12-20 11:39:56,232.2676715075699,15.019451871966027,3484.60559120762,1066.2026317065993,50.05445824007936,0.9910818488287194
2022-12-21 10:38:17,228.77921682354676,40.91085678660316,10136.087779686597,3273.759742266194,50.205419384125605,0.9621080900952549
2022-12-22 09:36:37,234.8204358414418,19.477332996265947,4309.970821954797,1277.840493730085,50.01478207390365,0.9594527952598002
2022-12-23 08:34:58,235.9473524446232,37.09572519555491,8129.870474443758,1778.2586866217762,49.85837311406594,0.9606160316734546
2022-12-24 07:33:18,223.86196092431504,32.631262193639856,7683.258228034439,2716.937452927103,49.935722361710006,0.928536194518659
2022-12-25 06:31:39,232.98700034924929,47.165788688467494,10990.377235732223,3840.531593018384,49.9541123154975,0.9523119347735981
2022-12-26 05:29:59,233.5058637115545,25.49290071901256,6442.991891199081,1690.2587728074177,49.89824152227866,0.9494046702332719
2022-12-27 04:28:19,228.51218248320004,12.646607553377617,2685.6538996300023,701.6213045594809,50.08601826383951,0.956431690807455
2022-12-28 03:26:40,236.8785340665581,10.766219422050117,2624.717854652133,964.7630172962494,50.08102600443753,0.9523301610495174
2022-12-29 02:25:00,229.24972206483736,43.07434243891012,9347.229044066304,2004.7137810350048,49.88445482061823,0.9575939935483422
2022-12-30 01:23:21,230.6278822673577,30.989425506457287,6656.397178127013,2504.2766002561684,50.07250810444475,0.9437706561020159
2022-12-31 00:21:41,229.13464087858065,41.00976207339797,9741.485437240586,2448.3503103318394,50.152681266357725,0.9511721783474358
2022-12-31 23:20:02,230.07789523790734,19.377024000460587,4541.758319007751,1446.9903460341957,50.19025582052296,0.9254434286788601
2023-01-01 22:18:22,224.518624565524,23.80334982052935,5616.670002512102,2174.768086047466,50.2865212023086,0.9436018544399417
2023-01-02 21:16:43,222.79974558702853,11.204154888452758,2401.155797794621,805.8867147948662,49.90980073505568,0.9778166709635329
2023-01-03 20:15:03,237.97252531612486,48.459692982964484,11412.07655769388,3228.316261071684,50.28242204263952,0.9563761667925651
2023-01-04 19:13:23,225.76519325840837,36.71471626803253,8132.197754480082,2747.92525995558,49.96457936114912,0.9495815792523384
2023-01-05 18:11:44,225.04303825271847,47.32820351037225,11682.078733680084,3140.0951855821127,49.94075345446195,0.9879224655250869
2023-01-06 17:10:04,219.2330494319814,20.619856297162894,4332.724013996976,1106.8016425191736,50.032707237487784,0.9227833004339784
2023-01-07 16:08:25,226.8051912615525,34.458544449026434,7494.660646781927,2992.8927174449173,49.9417938665907,0.9278108888910755
2023-01-08 15:06:45,223.38455103296252,37.13999873170551,8055.153728461302,2820.576891688299,50.03990441406465,0.9842542282255254
2023-01-09 14:05:06,238.21007580068184,22.701988010303538,5477.705205589989,1801.8582363684466,49.86799228122627,0.9509192187209786
2023-01-10 13:03:26,235.04908544671318,43.9243694006252,9812.959893829822,2659.880582686821,49.976124739793654,0.945148339274204
2023-01-11 12:01:46,226.55924827411138,47.88645851600991,11750.226127136108,2465.575397261086,50.128558223436166,0.9260159134980871
2023-01-12 11:00:07,241.26217902672155,45.394204707840174,10438.666868299742,2152.571850240163,49.994293870856886,0.9589539253279002
2023-01-13 09:58:27,234.90882743495797,39.5626790375749,10029.334944034952,3117.48087492735,50.01415957867399,0.9608891973905492
2023-01-14 08:56:48,228.3758430824569,21.09858718899816,4436.283880808132,1563.375471560407,50.04752586047173,0.928110112783302
2023-01-15 07:55:08,217.50297142563213,21.264641684225268,4769.947096036427,1466.6434809929,50.11706616293176,0.9471944882889914
2023-01-16 06:53:29,241.4547128629537,48.53441281784151,12672.744194084757,4665.5596665948615,49.83447752878106,0.9432896833593386
2023-01-17 05:51:49,223.05213766618203,10.411379837427681,2168.4291829209346,448.1824505528298,50.05845240518374,0.9551195429283754
2023-01-18 04:50:10,221.77300626521554,38.64199892968578,9372.441476684935,2561.960769887948,49.97318608607582,0.9276149951555871
2023-01-19 03:48:30,235.1128521600482,38.24984650221049,8908.286230395757,2204.035426345445,50.01666378953119,0.9750389490902631
2023-01-20 02:46:50,242.19876203169636,34.907581637991896,9208.239247737394,2665.367149514761,50.10599501697624,0.968316475631952
2023-01-21 01:45:11,236.92136409255258,49.604353843474634,12167.940719838634,2609.72247634809,49.88058133485882,0.9427364888253437
2023-01-22 00:43:31,232.8195456002618,22.47517743054901,5025.014883090927,1963.908116482709,49.898735555855694,0.9456716257672325
2023-01-22 23:41:52,232.97377170832644,23.598874551729928,5155.181329981737,1261.2206810784182,49.80645700402862,0.9472715569944476
2023-01-23 22:40:12,234.26707779390154,13.157576117862222,2961.394003180105,1138.5421437167151,49.945084105823625,0.9344338289398699
2023-01-24 21:38:33,233.7946429489338,27.711925461749498,5951.539840223766,1697.251984020635,50.133043234437885,0.9411314116352992
2023-01-25 20:36:53,231.40595711984687,20.441941049393925,4393.458470170338,1744.6635641955513,49.98794128115265,0.9445945926465078
2023-01-26 19:35:13,230.52100551975937,23.73546808710577,5038.901994541271,1566.1495776102481,49.86598751043452,0.9822573674141425
2023-01-27 18:33:34,229.6870343605024,43.38287161022511,9810.917570626358,3788.6484146170496,49.951432125542496,0.9689323661666087
2023-01-28 17:31:54,226.23017705566662,47.41938054109983,11361.86978096898,2284.5288587945233,49.85121382965094,0.9686930941467324
2023-01-29 16:30:15,228.59662461566612,17.429322880207426,3698.5183991004137,1293.1786781362803,49.88748138982688,0.9573985122600878
2023-01-30 15:28:35,221.53521592902308,24.900357262138634,5108.4528985798415,1944.328924997161,50.03888189102637,0.9276534598213753
2023-01-31 14:26:56,229.50830186602624,47.145222484615765,11130.60650983671,2537.1562324421466,49.8826126673694,0.9491701779084524
2023-02-01 13:25:16,225.05704446424542,12.472338427568905,2636.9868996720206,578.0939022819039,50.11126343052033,0.9694097691922675
2023-02-02 12:23:37,224.48205341392114,13.69442112445514,2826.750211268489,805.3821836660404,49.99288797091697,0.9248347074126542
2023-02-03 11:21:57,230.8994707557674,16.511639568249173,3558.4989570417392,1376.1988741455323,50.00855947039445,0.9627310641374652
2023-02-04 10:20:17,236.960011431723,33.80851336507499,8690.190674180063,2680.7266602695236,49.97216270323921,0.9964521845052553
2023-02-05 09:18:38,234.59158303001158,16.018890840239898,3999.508129342211,1221.8149087742747,50.077284783854374,0.9712363329197946
2023-02-06 08:16:58,222.1474969818841,48.72305525802934,10507.792352345685,2398.1432597855064,50.0783159887777,0.9782805827112397
2023-02-07 07:15:19,225.0518593171483,27.868581090340815,6467.33369680915,1294.4879457012657,50.033505435191216,0.9543667750088431
2023-02-08 06:13:39,234.7038559399411,30.060718414006654,7107.965232124244,2573.2825660585922,50.05647891059076,0.9693586389752997
2023-02-09 05:12:00,225.08756303230845,19.86634463221626,4630.075247937619,1007.1104128738309,49.97879103300796,0.9356429357129192
2023-02-10 04:10:20,228.87683425001487,28.83841009738934,6841.586150631723,2235.6248584143486,50.05422030069091,0.9659172762468244
2023-02-11 03:08:41,232.75026049512275,36.47654530548046,8708.513859234696,3334.6927858528684,49.96621222245262,0.9630877626812152
2023-02-12 02:07:01,225.1582777256818,40.04708547816171,8595.12314608535,2077.7024068696746,50.00022316221624,0.9557982234807532
2023-02-13 01:05:21,230.5268775307298,40.15472330839652,8403.283166488472,2798.7518384720292,49.97253562506337,0.97632014839437
2023-02-14 00:03:42,223.32987252540897,33.115644507763534,7329.98960386563,1581.3698705941392,49.95427814606808,0.9392243032430522
2023-02-14 23:02:02,226.99316178024392,46.17439099975429,11300.851654678192,3624.75979418719,49.93108882022782,0.9462588496705268
2023-02-15 22:00:23,231.5989096707127,42.696313892244376,10025.863357065684,2333.8840782462235,50.04676901038589,0.9519092408271659
2023-02-16 20:58:43,222.03503133234165,40.281924587945014,9538.579376245652,3311.7061660900576,50.13106059128135,0.9294077805782119
2023-02-17 19:57:04,232.202373689802,12.224220867218424,3117.5875631185336,811.340500278023,50.11711019716696,0.9545386388760049
2023-02-18 18:55:24,229.9018110053666,10.275118488785973,2203.342590059469,644.8703471218737,49.874343466405456,0.915621391740923
2023-02-19 17:53:44,232.76244977208574,18.497891087818918,4470.758559889867,1430.1335573438557,50.12892030514069,0.9709390906885641
2023-02-20 16:52:05,231.1195706703233,36.54094375653809,8739.720485797154,2047.3204443338475,49.96818414983821,0.9509327473313193
2023-02-21 15:50:25,236.82070214986922,26.44789955530183,6864.641706517458,2391.143921466122,50.06007330151456,0.9395821419219247
2023-02-22 14:48:46,230.62612251323952,26.09625037197247,6602.9924085585635,1720.264856061406,49.90937846679528,0.9333125277540976
2023-02-23 13:47:06,227.85297229437373,45.38347552918455,10726.83952881628,3566.3992357007924,50.0141979913874,0.9453084194076162
2023-02-24 12:45:27,230.61148751516143,45.82251392527355,10025.343441487748,2322.437077143077,50.03137231828969,0.9637651942154483
2023-02-25 11:43:47,232.71649014518195,46.36701056214343,11434.673426347466,3860.614827654948,49.85153952080803,0.9609547795747512
2023-02-26 10:42:08,230.2443003516285,22.55512306060109,4785.034169988257,1079.683695714252,50.060826716634416,0.9358892410544307
2023-02-27 09:40:28,230.20295845601942,37.64223250957047,9151.825014182043,2608.9226473381023,50.13459350078383,0.9330792065474472
2023-02-28 08:38:48,226.49004156096623,20.865327250974786,5113.488889088175,1275.5148800934066,49.98253520543184,0.9631379741263929
2023-03-01 07:37:09,226.68549541224525,17.62439332297799,3901.5736603410023,1364.2829643122254,50.136016813082804,0.9355530519076993
2023-03-02 06:35:29,222.98697364100153,17.38529829389477,3977.9816927476504,1004.0704287070091,49.98103065065476,0.95119819548159
2023-03-03 05:33:50,238.7478837159347,23.68430483454376,5575.574987284095,2098.331189335555,50.08495845310466,0.9524750928504855
2023-03-04 04:32:10,223.78068382304357,27.198304791192868,6010.697203502736,2274.2316908463367,49.77814300340489,0.9562412426345347
2023-03-05 03:30:31,226.53547401102045,43.23796684220274,9423.452414760253,2254.9215602110194,50.24187777793134,0.9671654086036374
2023-03-06 02:28:51,226.407963672154,14.795643738908485,3525.4706342743284,1137.913297473487,50.149545824524296,0.9247407412626535
2023-03-07 01:27:11,234.4746218847222,39.39703389579577,10043.449955484159,2184.887540062342,49.97153744957463,0.9117768134947902
2023-03-08 00:25:32,228.52525160853986,31.258196567572213,7772.969232788823,2163.275012297532,49.80279109733562,0.938651054375433
2023-03-08 23:23:52,236.23871036336868,21.5178137070397,4752.701062897641,1628.5812009772644,50.02880283683055,0.9860305681566437
2023-03-09 22:22:13,226.63254687878066,29.712783381312985,7238.579808823257,2402.3735217879475,49.85560744529263,0.9904434820017475
2023-03-10 21:20:33,231.394970811119,21.997682791080905,5331.86564807638,1732.5371375231584,50.044485353755746,0.9866235427113177
2023-03-11 20:18:54,225.82326473370122,33.843278209532244,7264.8066193008235,1863.482271171743,50.04115657191643,0.9461403726447861
2023-03-12 19:17:14,240.72574563886695,27.353756914209768,6014.888694756839,1657.73333788917,49.9058596830998,0.9143576983603033
2023-03-13 18:15:35,224.06200790485244,16.57622116315515,3541.7650622434185,781.2752241671095,50.11209670236144,0.9031392179669632
2023-03-14 17:13:55,231.54910355113515,14.663322982227868,3675.191709651161,1263.5476836717455,50.08055747028062,0.9377192367690117
2023-03-15 16:12:15,233.1688844046605,31.867827282885205,7628.5048483534165,2294.4845955413234,50.09758233372886,0.9460385273970128
2023-03-16 15:10:36,232.0689954872575,46.09652133144414,11170.523092955964,3817.561191313327,50.00088577036689,0.9760125080211192
2023-03-17 14:08:56,229.07356170561147,23.75830746230742,5178.065296256659,1293.422224547031,49.85844759330863,0.9673561091908489
2023-03-18 13:07:17,229.35089650133287,39.320004288904926,9413.770144218175,2493.5914109171986,50.09778722722111,0.9545481015798324
2023-03-19 12:05:37,230.21905735989554,36.346454197590674,7577.943945656902,2022.1218074385736,49.97296286008642,0.9322031045811772
2023-03-20 11:03:58,229.26498999185756,47.26219657237924,10565.374241288022,2167.470486827988,49.861021985680736,0.9307844088351022
2023-03-21 10:02:18,234.81939558397454,42.839240691965635,10314.499278262176,2766.4474632852985,50.135203936597435,0.9550825537414287
2023-03-22 09:00:38,241.05261500795675,32.66421035621852,7316.480823652982,2638.768666270082,50.20994075205025,0.9639410195767945
2023-03-23 07:58:59,227.21254107496082,36.28121992936429,8776.087278680367,3330.171438481735,49.99587518710208,0.9578376252449117
2023-03-24 06:57:19,223.1509851021046,45.935458663361395,9707.328246660814,2947.5687079940885,50.21591211546033,0.9293080408078669
2023-03-25 05:55:40,229.55858975824373,25.98075138347739,6145.748747016955,1789.0295439349156,50.009131472861135,0.9630133525758416
2023-03-26 04:54:00,242.89854668827158,23.071788234311093,5497.8468203054235,1133.4631704417766,49.96195440958336,0.9585182193420282
2023-03-27 03:52:21,225.98162716015133,10.432443345407854,2402.825856103456,903.080154250385,49.93695415458145,0.9285866718761964
2023-03-28 02:50:41,238.19558402722035,43.06204296765857,9451.897740669918,1914.9737895111118,50.163708240799274,0.9343135805939948
2023-03-29 01:49:02,238.3885040703822,42.039228016134594,9053.400706585873,3521.320350061613,49.921985611861224,0.9637699194912313
2023-03-30 00:47:22,227.23205879146002,14.178180724006054,3485.638985789544,1038.1740429396932,50.073526930997495,0.9453098492970822
2023-03-30 23:45:42,232.84491539592636,33.07429524530801,7346.357256251794,1971.6660408574542,49.944083616494076,0.9817829460327291
2023-03-31 22:44:03,238.1419831156427,28.559267926675496,7235.995634015223,2784.727238682619,49.95396932374256,0.9600225855212915
2023-04-01 21:42:23,228.10436129506257,14.748363820364458,3700.1455809040463,758.0791612548464,50.103024969396955,0.9402673762362146
2023-04-02 20:40:44,228.98209819948818,49.22272908242894,10620.624982119001,3359.1441491583087,49.96199631537107,0.9497958879921813
2023-04-03 19:39:04,227.09159543025677,18.58783549853422,4022.891726195673,1246.2375674487525,49.959520462057974,0.9512676678527543
2023-04-04 18:37:25,224.92621634653565,12.689367203622446,2947.137301025253,718.7009272622282,50.11328046971748,0.9354321937351657
2023-04-05 17:35:45,226.75361227466996,33.79389518007638,8376.223938092862,2393.736221463131,50.15973972932216,0.9317482360364474
2023-04-06 16:34:05,223.8802986661887,39.554667085321306,9591.960361021967,3169.690170191202,50.06446898032842,0.96402779787619
2023-04-07 15:32:26,230.17041734129614,11.297737841887479,2601.900537450624,898.7647178829654,49.9345230224376,0.9669054659408418
2023-04-08 14:30:46,226.1501338447068,36.34870554908089,8705.441548192503,1742.3364239521893,49.948939150070245,0.9620756293910592
2023-04-09 13:29:07,231.16892955895375,31.291675038058177,6706.684671998578,2597.9730422998564,50.007991526374006,0.980306361886476
2023-04-10 12:27:27,222.22052176898185,14.130600355001937,3439.9510082779416,801.18204578558,50.03209300619257,0.939164535279768
2023-04-11 11:25:48,231.6544011610723,16.900955077854483,4278.785984863766,1055.645334630558,49.901213408986024,0.9834854153214225
2023-04-12 10:24:08,234.16764480804463,32.718971892643225,7146.441366267865,1805.8677794975029,50.072303793957985,0.9319815776289169
2023-04-13 09:22:29,220.03132178714273,21.854304540531537,4615.731458149857,958.0598104369219,50.00855133296396,0.9297462887326301
2023-04-14 08:20:49,231.87028284923787,47.53262914605264,10140.033489523421,2277.5572287372584,49.82842916813619,0.914800822357015
2023-04-15 07:19:09,236.13834496236646,42.74960917936203,9633.927920284981,3827.270396421537,49.90710735175393,0.9410840937234636
2023-04-16 06:17:30,223.95179490654397,49.342688260546524,11748.6701362917,3090.4095210351047,49.94958713263483,0.9399255532634109
2023-04-17 05:15:50,238.36286193418852,20.38683355801656,4741.199807574842,1057.5730629807026,49.9927142311159,0.960518745605093
2023-04-18 04:14:11,232.09509504683024,48.78894531191908,10391.50311307666,2300.6606273289513,50.1889278795504,0.954877818832409
2023-04-19 03:12:31,226.47494072120796,27.249354791662313,5976.561413214781,2055.2916188687777,50.02381713061396,0.9261405325796173
2023-04-20 02:10:52,229.72115461171148,23.900751812550183,6019.116141131182,2232.5728361029924,49.91592281101014,0.9421454752314836
2023-04-21 01:09:12,232.7916345626086,12.01398107877413,2869.2929232848905,721.3128675772647,50.02206308043072,0.9425707595782462
2023-04-22 00:07:33,230.38002695706206,12.110610314384104,2743.2598222887264,560.1240094763255,49.964791225254615,0.9144803550607621
2023-04-22 23:05:53,232.69377996223184,37.68045023786619,8183.247907197538,2001.7697667514312,50.032475823953355,0.9303810654597325
2023-04-23 22:04:13,225.39663203460316,28.317159777361116,7003.2061130252905,1479.7994288589978,50.05805676870356,0.9345837273877182
2023-04-24 21:02:34,230.8468041201804,19.060865041444227,4682.495876299027,1033.3284481398794,50.12092306472239,0.9786725003964188
2023-04-25 20:00:54,222.9314275154751,34.55881225300931,7367.5348535625935,2109.337193227073,49.997571350433,0.953829014319147
2023-04-26 18:59:15,229.4438696932565,20.114324730004448,4218.2725787609415,1037.626187583991,50.16389605275998,0.96324337507895
2023-04-27 17:57:35,225.48046179267604,33.1052701737769,6802.6697779624665,2062.4958425743316,50.09080226625362,0.9200272900570157
2023-04-28 16:55:56,226.32235028705117,24.368349879307615,5096.37155542241,1277.6539817999244,49.929256045518784,0.9738842896602798
2023-04-29 15:54:16,236.18046587605218,42.94208906447276,10305.914930253752,3999.802468830238,50.220985566574846,0.9760220412604819
2023-04-30 14:52:36,235.45655060297133,42.82784643067117,10948.835375387102,4173.573347907349,50.03269945132701,0.9100331006571074
2023-05-01 13:50:57,233.04569060453588,29.094015924896052,6775.818968972062,2123.27890540623,49.91648754960278,0.935893665521683
2023-05-02 12:49:17,224.5384361766371,24.032764373400624,5766.405253023213,1562.0315244433468,50.16529130512304,0.9599153114603102
2023-05-03 11:47:38,228.417957751526,24.50239186236378,5536.214104205801,1529.2649696601138,50.207777758519846,0.9628877690707636
2023-05-04 10:45:58,236.0654884998959,42.22858102672872,10384.57240983269,2932.2964532603273,49.996697473628046,0.9364301053902555
2023-05-05 09:44:19,230.7085845681995,23.12717931190448,5583.076639040383,1929.0415511001652,49.94963497396244,0.9438900107389269
2023-05-06 08:42:39,241.59664769990846,18.36237494827384,4147.010036415438,1203.9922967337293,49.98276250425464,0.9380523787790971
2023-05-07 07:41:00,231.96658919697185,13.387533675012273,3019.262914299271,1121.1911738708252,50.07147317275177,0.9522083609389224
2023-05-08 06:39:20,230.96024558245017,28.667724835376337,6802.9231609381195,2645.105489252943,50.127785665503055,0.9739435706292382
2023-05-09 05:37:40,228.45441767898748,29.285283956793677,6115.9142893831395,1634.1064338593324,50.057048733086354,0.9345791568571759
2023-05-10 04:36:01,230.66770452391142,43.636348416116284,9786.762976761467,3054.829393672689,50.010172320847175,0.9700164099553682
2023-05-11 03:34:21,229.23765081809728,18.84954785784256,4351.099950119159,952.9400885579661,50.14980117703044,0.9343665585530622
2023-05-12 02:32:42,233.54054338344295,25.239650946735996,6479.479045195574,1555.6828078816015,49.96871635269485,0.9330474557500623
2023-05-13 01:31:02,234.7835115839729,42.336229555747636,9889.222135725182,2795.6153896479764,50.103091933836694,0.9663718923668643
2023-05-14 00:29:23,226.07005269746026,42.94494442995894,10322.257418150102,2490.1469864019878,49.97119372016487,0.9684387275601523
2023-05-14 23:27:43,223.34383523221112,25.384443039150728,5592.430517036068,2098.906831150201,50.04310229580109,0.967028198735253
2023-05-15 22:26:03,220.8189731344835,28.364960931467238,6634.811481312213,1537.0021900694085,49.98864374352095,0.9236840518356372
2023-05-16 21:24:24,232.5399566345627,22.131435633971318,5244.652451739099,1526.887019331795,49.99441478173472,0.940680980438559
2023-05-17 20:22:44,224.48316696913062,47.30219513677248,11439.562908677604,3673.699494731319,49.962261348253776,0.9664597718400664
2023-05-18 19:21:05,219.23554703523757,14.745750629663213,3175.211852308547,1074.4052667370745,50.13448540311807,0.9508308368112779
2023-05-19 18:19:25,231.94289302265483,47.3499769200588,11211.595094094859,3101.282752083714,49.926707396189144,0.9285261430760506
2023-05-20 17:17:46,242.46499758716396,37.35465807341373,9292.718042519482,3473.802127838929,49.92597677474513,0.9591663587825088
2023-05-21 16:16:06,229.96964544230053,31.26288610746925,7070.719520550324,2217.8289671959205,50.21209935658451,0.9357038548201706
2023-05-22 15:14:27,234.1924538722582,11.306362431379835,2459.502041004038,708.0944648103894,50.09778475646543,0.9858904969678441
2023-05-23 14:12:47,230.40914679273783,29.023847672880333,6143.757067743657,1311.3734376880846,49.7614886301307,0.9808968292483651
2023-05-24 13:11:07,229.50555173404427,26.309924200109293,5454.579779667793,1597.853111614673,49.94347412607896,0.9620819485271113
2023-05-25 12:09:28,234.59538241493885,16.448752479004902,4147.080284785303,1510.1475418497814,49.81880106624379,0.9772201340953954
2023-05-26 11:07:48,228.54862727905675,36.25638414002628,7849.614770433339,2534.705004820104,49.90493093065847,0.9512958270024676
2023-05-27 10:06:09,231.3369615703595,48.846036294731434,10647.905012469862,3901.7383549442725,49.686148533376596,0.9653087498875003
2023-05-28 09:04:29,231.60848903098008,32.487552442581006,7879.597553347191,2354.4421408652875,49.98630104223061,0.9795544059060415
2023-05-29 08:02:50,226.65954773178476,38.59013105775783,8431.964260633407,1886.1658248487545,49.88580581808387,0.9549099736358863
2023-05-30 07:01:10,234.96021174768262,12.738018102640671,2996.5456957881033,607.4836234237653,50.00599052567964,0.9448962565697143
2023-05-31 05:59:30,229.12520121652295,26.70667983267979,5706.1427287248225,1487.27134808807,49.837487874111744,0.9159075608364576
2023-06-01 04:57:51,226.22127420253577,14.654339406579835,3619.946086860082,1229.3267925648279,50.008291185317205,0.94833732948557
2023-06-02 03:56:11,232.68254921785203,34.511833421460416,8594.96229894312,3077.4432759376778,49.958508372187964,0.9664684636912462
2023-06-03 02:54:32,225.5076600910448,47.539286328566185,11500.472604666413,2980.35399539399,50.15019529651886,0.9689126685513525
2023-06-04 01:52:52,230.14090578684565,36.47110929886554,8236.99533028434,2463.9388724073547,50.141135686174565,0.9600873013143681
2023-06-05 00:51:13,229.954405016779,13.072121932576861,3163.7231643336245,899.2053594461053,50.07853456030103,0.9391740181007552
2023-06-05 23:49:33,235.4294778291579,24.186648199403315,5288.678318720962,1491.960253532264,49.96733862193388,0.9104635686210482
2023-06-06 22:47:54,232.37349116439975,32.02653517763406,6710.73473671622,1652.6509165366137,50.19853803952603,0.9400956980399052
2023-06-07 21:46:14,229.87486520627428,26.128310245330088,5429.610068628294,1234.0103987132416,49.844696472216015,0.9439131025789209
2023-06-08 20:44:34,234.08883149600143,43.34576041900689,10322.50378820144,2470.5644351278033,49.85964413704363,0.9437414206561997
2023-06-09 19:42:55,236.95103774508658,42.58684018839957,10000.974010586757,2110.8703553102214,49.991621690011094,0.9623711271395584
2023-06-10 18:41:15,232.7890515317593,34.47324080412886,8053.907639903947,1929.926867035338,50.22540381089211,0.9897135282202968
2023-06-11 17:39:36,230.0517630992169,24.93831780530821,5171.956944373719,1043.9087181483544,49.97976610931299,0.9524705840368218
2023-06-12 16:37:56,223.4408188382492,20.213454950529766,4446.673580292481,1447.1773876834006,49.98167547567907,0.9456653642168708
2023-06-13 15:36:17,224.67443168462313,14.234972728525172,3337.721027108356,878.7387753612395,49.85580896438882,0.9448155637399182
2023-06-14 14:34:37,228.47387647822666,24.19590733946216,5464.773380227995,2156.5577388686843,50.09459295852704,0.9524876953381542
2023-06-15 13:32:58,226.95243898920359,26.526900688308782,6299.9527487385585,1504.0722030508446,50.09531762543293,0.933434124793032
2023-06-16 12:31:18,229.06514348507278,37.03291700416294,8029.9930681550495,2161.3988181022123,50.07890752013999,0.952403971174921
2023-06-17 11:29:38,230.28324962448553,36.32639297190294,8889.268929199228,2414.043044460013,49.93707793271526,0.959016246726636
2023-06-18 10:27:59,232.64846377178367,12.804325585650279,3031.592359666111,611.442770111363,49.9293293231627,0.9541937212714897
2023-06-19 09:26:19,229.64750610970455,25.810372617246312,5584.409638494138,2054.1781240297255,49.8706877749595,0.9591508386800955
2023-06-20 08:24:40,232.43250821913102,17.271154688694477,3802.997108530803,784.9343895897349,50.00838725017609,0.9586749521869706
2023-06-21 07:23:00,230.3223720740506,16.27250821267223,3843.8923478005368,1491.5684840145284,49.89195926707215,0.9145620663550711
2023-06-22 06:21:21,220.12266716823063,43.09208598948984,10111.476267112148,3826.332979338953,49.88225834947507,0.962737403167908
2023-06-23 05:19:41,225.30332303090623,11.676608668650301,2586.3858074096415,794.2904181462391,49.95763092830893,0.9365797030867509
2023-06-24 04:18:01,229.27956222139193,26.767315036084852,5840.526635511764,1803.0822139454992,49.951084382481575,0.9280832167399208
2023-06-25 03:16:22,223.95152628579447,16.728146230660727,4021.280547681231,1330.0609983536522,49.9462021471178,0.9279109634429
2023-06-26 02:14:42,232.999643649981,45.17320862713896,10881.662828237695,3018.682111155703,50.046644459684025,0.9586708322094506
2023-06-27 01:13:03,237.6537541617185,32.28162053100141,7592.1922562901145,2501.205652880344,50.00790478021503,0.9455485014555028
2023-06-28 00:11:23,236.09380925848657,19.25522545507392,4535.03828771638,947.6129288996075,49.971184396948885,0.9163606243202918
2023-06-28 23:09:44,228.93278564534896,30.097091486655057,6482.663926665164,1366.6073061614156,50.01830129283115,0.9595607563038456
2023-06-29 22:08:04,237.45363068424976,39.25945438812463,9558.718414366089,2785.8510491983525,49.900847295889534,0.9212078373840235
2023-06-30 21:06:25,230.74333728601056,48.32472035677735,10835.585891365923,3358.21310856211,50.010527862390965,0.9527964271703642
2023-07-01 20:04:45,228.3145701444098,18.81784016981676,4722.283797017109,1782.962130936182,50.01506024928447,0.954769978513461
2023-07-02 19:03:05,226.9329866822953,45.44727088517381,10272.609515234848,2269.549467797523,49.84969531406425,0.9677115416339008
2023-07-03 18:01:26,228.48765156755937,47.37216456669961,10793.399919866144,3934.513598263744,50.099569375437035,0.985633695729337
2023-07-04 16:59:46,228.05911590729386,46.65682178128265,10780.652893420769,2609.0200655907697,49.9118566294773,0.9227064734819891
2023-07-05 15:58:07,230.85208111187742,35.41657427447639,8857.468449661515,2469.6103865733244,50.009030979920645,0.9489505228787389
2023-07-06 14:56:27,230.8028699052493,35.19282617738831,8611.290619175248,2267.5292392425185,50.11644117405353,0.9444732940991156
2023-07-07 13:54:48,230.01523010076707,26.12842532735291,5951.1947355821085,1666.5193377748187,50.092567675771384,0.9586749937192192
2023-07-08 12:53:08,232.18469084873175,40.09591529215152,9716.860757337496,2235.840911342993,50.00343333885689,0.9543133754186723
2023-07-09 11:51:28,235.95323137393171,31.251760734037276,7501.133250371819,2255.695895874507,49.963750099711795,0.9429490751452676
2023-07-10 10:49:49,234.74777067720663,37.09752284913178,8695.266382407337,3133.1524488947957,50.09475119085756,0.9411819562277829
2023-07-11 09:48:09,222.57551015775047,27.13831615395182,5668.622043741511,1634.3022936073842,50.06746949778086,0.927670982896319
2023-07-12 08:46:30,217.23039432549024,39.259858561725565,8466.921113128863,2524.1815114577953,49.93816349799559,0.9697572316481301
2023-07-13 07:44:50,234.67159955619636,42.97886070418196,9573.187411452349,3539.719714823247,49.920510635299834,0.9591840836319906
2023-07-14 06:43:11,223.1656065079229,15.857450264112645,3832.4492976412403,1307.676244635932,49.7927644818304,0.9683553639559027
2023-07-15 05:41:31,228.8761729905366,43.31718862296912,9587.908020922385,2858.067955653195,50.015403184168356,0.9437920772704896
2023-07-16 04:39:52,224.1494348697032,31.61186127161229,7726.709576900428,1943.5698019378656,49.99173022549816,0.9368632906261114
2023-07-17 03:38:12,220.9900978120999,43.78663636360897,9740.384380964482,3671.9822088461815,50.113619137464255,0.9284336986674154
2023-07-18 02:36:32,232.70731364102394,27.252068253640584,6508.600054344564,2052.839014429131,50.035905509348034,0.9571783516748131
2023-07-19 01:34:53,233.79577580151323,25.1616194153214,5933.201313273226,1449.0629208018456,50.13342291941727,0.9292041355094353
2023-07-20 00:33:13,227.1174479963664,46.6024293006889,9799.681039172507,2487.3937552732027,49.930263577208386,0.986973261379331
2023-07-20 23:31:34,217.04478853927546,20.04677070193605,4242.9855627175175,1530.1335328029465,50.11381503309676,0.9238471483781312
2023-07-21 22:29:54,227.2687777587376,43.76849301144573,9149.736197744325,1910.7312890291373,49.94710836208954,0.95547320238425
2023-07-22 21:28:15,231.95902002701274,29.360822900376164,6977.983600265361,2780.1573222607726,50.07775960617923,0.9813370941442757
2023-07-23 20:26:35,222.60544215612936,30.56381770205039,6731.38204179438,1521.7657995488523,49.85412416074693,0.9619817951852762
2023-07-24 19:24:55,230.91679959889578,22.33873125957936,5445.179216190899,1955.9830010692078,50.02351352993662,0.9535134742498356
2023-07-25 18:23:16,229.92345075413502,32.92168802476063,7146.290159031738,1993.4938240611707,49.80153120585541,0.9306303270607621
2023-07-26 17:21:36,232.89645749800545,23.00844785104845,4999.095672590496,1491.9462928883765,49.973286251405824,0.9223646162286459
2023-07-27 16:19:57,230.59790184207077,11.570776569666092,2618.2119913338584,984.7883786853406,50.044035399387795,0.9654010021783517
2023-07-28 15:18:17,225.1346552955922,20.87994421377424,5101.857475410998,1441.6943029395145,49.94790314487689,0.9801229448154989
2023-07-29 14:16:38,235.98285750832247,10.255161736263627,2521.888312344837,775.4775055383444,49.894956237124404,0.9412230001904365
2023-07-30 13:14:58,229.20735213486515,49.13419148227427,11079.30283222792,2325.1017443171436,50.08461184692959,0.9272187698476729
2023-07-31 12:13:19,229.86347730245035,48.6298883927899,11216.849722144016,2248.6361967483795,49.98965372101531,0.9008366113890196
2023-08-01 11:11:39,225.33366020463401,25.8062118988922,5331.447234699625,1327.3169681338993,49.95104293529693,0.9303847031267491
2023-08-02 10:09:59,227.78358874404245,39.134834173585844,9778.201336245298,3286.6159689699093,50.00418959211543,0.9477268631500192
2023-08-03 09:08:20,225.5759864298655,23.832243936417,5554.902467565989,1245.703424583157,50.26366691419456,0.9819824648167347
2023-08-04 08:06:40,229.13526970038288,36.84372628343904,8079.864926024572,1799.8092373770605,50.115350284978156,0.9634626738446593
2023-08-05 07:05:01,238.55854240071173,42.21720172183916,10244.114078763394,2890.808285872231,50.116257366818786,0.956101708094135
2023-08-06 06:03:21,223.1404942853432,47.87024978768963,9847.50563413753,3245.416904367002,50.043554631899234,0.9419976067739774
2023-08-07 05:01:42,221.9321930106163,26.00849103398688,6309.894617906645,2160.598769870785,50.016648527257715,0.9383366856548808
2023-08-08 04:00:02,237.35585163746805,41.33191931824191,9172.276800660065,2161.8151557509477,49.76039177116696,0.9781129519501592
2023-08-09 02:58:23,228.95338161424067,20.637138025284752,4864.829487059298,1050.4024506430464,49.93210196535369,0.9540147708151677
2023-08-10 01:56:43,226.6546363067004,49.61329215174593,10672.605565277645,4141.81843666709,49.951942558679754,0.9079479861615796
2023-08-11 00:55:03,235.19952343698037,11.030783950574046,2707.324907052775,682.6066993989,49.812510793595244,0.9365292070420551
2023-08-11 23:53:24,226.9719223013157,34.141152260044834,8178.10530590512,3031.3725651549153,49.884258420978455,0.9328356793645675
2023-08-12 22:51:44,239.1300485677347,36.38023926605308,9001.345128066205,3354.785937763303,49.80191635290774,0.9390747198164506
2023-08-13 21:50:05,233.38962935669633,37.521822282965154,8957.743226152837,3175.560447912761,49.99616761643026,0.9612582132057017
2023-08-14 20:48:25,227.56044295927148,14.815503151563561,3636.0582834624124,849.9894234916649,50.08187659708488,0.947851102364115
2023-08-15 19:46:46,240.78654106632752,47.541191338925216,10482.56349844053,3819.4298956367543,50.110677451862436,0.9484626918599267
2023-08-16 18:45:06,226.97142538498332,17.247331162003313,3782.26939025429,1338.3564467819479,50.041478446207925,0.9762694632265047
2023-08-17 17:43:26,233.71047686004653,34.91013612959364,7748.126889641293,2474.322466990086,49.90366036588014,0.9360707782042662
2023-08-18 16:41:47,231.49646290203245,18.907043164923397,4804.112607748371,1284.8138312523895,49.806793484148,0.987283990517747
2023-08-19 15:40:07,236.50870644699398,22.288656680850835,5154.845859527104,1301.6074502641477,49.82431313005985,0.9365738481725783
2023-08-20 14:38:28,237.80755598363427,31.858341669124975,7928.616313600933,1779.0058217906462,49.87310174227455,0.9517839639322514
2023-08-21 13:36:48,230.16002074532884,26.68773674258306,6369.383060458437,1923.244217465165,49.91111403019643,0.9443759280919446
2023-08-22 12:35:09,226.23291064826907,16.409024039060252,3498.4953350931623,1109.20555557538,49.98402515020084,0.9524683826700192
2023-08-23 11:33:29,232.29986071469557,16.837456096833932,3707.1650109310526,1007.858788726893,49.898583578187306,0.9588918399014625
2023-08-24 10:31:50,226.61142315123948,26.725791526511987,5791.445346292808,1708.8922813262525,50.03389758936682,0.9586767048017775
2023-08-25 09:30:10,240.06693623763312,40.29131913102003,9500.687242414268,2590.864881995121,49.976772649720054,0.9349376533875884
2023-08-26 08:28:30,230.6826766554137,45.91858587391154,10029.783450923305,3291.787079316014,50.0010545711741,0.9275417064510485
2023-08-27 07:26:51,228.17339224343945,13.365106490375315,2756.591198813389,1048.1988797749846,50.11402505526712,1.0
2023-08-28 06:25:11,230.92340152932454,25.72415630237604,6391.052123998699,1487.73501258405,49.881976826579965,0.9403203132079889
2023-08-29 05:23:32,223.26436855235153,14.009822548915064,3419.1698417170305,944.6542683805949,50.04187045782923,0.9639842487734397
2023-08-30 04:21:52,225.14192980744673,10.663699225303915,2324.7728075809036,530.4520614975501,49.99860267715239,0.9178471737895361
2023-08-31 03:20:13,236.00206953972213,36.468747305758264,8328.715274753069,2706.7388002421108,49.96665137190303,0.9444077456019064
2023-09-01 02:18:33,226.71552860514302,34.09797767866351,6968.451640337347,2409.5101075553343,50.08852563208659,0.9474560123203511
2023-09-02 01:16:53,224.7654450865903,16.52076455259545,3847.1618658018497,1486.4761985811958,50.087901415455704,0.9594563013985566
2023-09-03 00:15:14,232.68326376263644,19.352513323722565,4796.097520350725,1226.718894877274,49.905350920401155,0.8955509171801612
2023-09-03 23:13:34,235.92852077331497,10.948310145780734,2400.4551497620932,936.2789064486827,49.98178394161421,0.9533228122615666
2023-09-04 22:11:55,233.59476655332534,43.39788822777615,9447.491760786423,2009.0330663155169,50.02812116825841,0.9270051708926421
2023-09-05 21:10:15,234.98023842902907,48.98762384194206,12178.960355358326,3904.6084582014214,49.972699325197745,0.9564869142238984
2023-09-06 20:08:36,226.2160245571527,15.418381471787633,3569.0067121262296,754.5827541889197,50.05850213322878,0.9292734160632367
2023-09-07 19:06:56,222.89094666629077,19.259008550611924,3901.9069950583257,1477.8661500578464,50.02811920179103,0.9328903460814884
2023-09-08 18:05:17,237.50666825977743,44.73638095787736,10885.605773199217,3330.5796607068464,50.1832561240356,0.9445274477921346
2023-09-09 17:03:37,228.38660080578933,47.058551918247396,10336.809724423681,3451.1472531231007,49.84697208640702,0.928953410607936
2023-09-10 16:01:57,228.74583491772475,26.785095312272414,5966.115347672847,2185.476261954352,49.98775640102526,0.9404893110652929
2023-09-11 15:00:18,236.6409707092453,12.024898890762966,2999.0924141391874,689.9775723590794,49.90914974884878,0.9261324846291337
2023-09-12 13:58:38,232.7811500470033,11.575673347712776,2862.1676585896143,594.5246358126798,50.060410745543905,0.9133365909660254
2023-09-13 12:56:59,232.27943886040805,32.95799464276042,7502.901240375558,2819.411936037558,49.838282810995445,0.9703591410485871
2023-09-14 11:55:19,240.82501172450543,25.715804355727162,6746.8533066436285,1774.3323187393755,50.03463127102249,0.9240790261435214
2023-09-15 10:53:40,226.7824088480993,11.14609710310618,2480.4511878112353,560.0754146363537,49.936995156865166,0.9464263822478403
2023-09-16 09:52:00,234.6392006404062,33.33009569250227,8245.728309093078,2421.7064786909664,49.9265838133879,0.9650578216298756
2023-09-17 08:50:20,230.2850656244854,10.452101463560899,2399.201506333894,766.9316688785007,49.85535017964593,0.9377011179496791
2023-09-18 07:48:41,231.3429613943163,41.494878325970916,10362.774167380092,2136.7431072950108,49.9534924053799,0.9334966820050892
2023-09-19 06:47:01,237.64234213206265,22.257312908134864,5720.632644694558,1458.6419442409706,50.108450053029095,0.9545247617733484
2023-09-20 05:45:22,232.53917878144813,11.610320120369284,2477.071404595016,511.66380704812536,49.99748113164705,0.972358676454543
2023-09-21 04:43:42,232.69148039524816,33.53408883932613,8484.296716963336,2410.1093759076425,50.06276804178745,0.9266136946982706
2023-09-22 03:42:03,235.36253668654902,25.90737657732219,6494.623804389093,2461.5923520944184,50.16646418219663,0.9469970433596512
2023-09-23 02:40:23,228.17523635228557,48.95201653428598,11820.404984168075,4687.150889338288,50.02637555848226,0.9153501081006534
2023-09-24 01:38:44,225.80395166330496,31.76794650014809,6744.235652274664,2208.1268949616365,49.94412004279376,0.9421359799263561
2023-09-25 00:37:04,224.77595402989482,21.009567241480333,5010.6272885768585,1164.1067055833128,50.04672522151828,0.9506840936907615
2023-09-25 23:35:24,220.16821705312,38.37755458535899,9041.208320487416,3446.2362724915183,49.94557038536857,0.9329075071648987
2023-09-26 22:33:45,240.2810356497016,20.859680101708452,4800.822009285026,1455.8471842298725,49.94955773167028,0.9408601633234953
2023-09-27 21:32:05,224.48395817139158,46.1697316563026,11301.841734823225,2607.8984254096695,49.848010720038104,0.9218354646338509
2023-09-28 20:30:26,228.89373188207114,24.988878820295056,5204.855946279144,2000.462096523739,50.092625749108436,0.9515415722276298
2023-09-29 19:28:46,228.6159335005554,31.99474251104821,6802.359617865452,2390.987300057433,49.961399742435056,0.9711138849776629
2023-09-30 18:27:07,231.5370334890455,12.022924152969154,2804.6755073298455,971.3742728641147,50.01820982458159,0.9280571226045907
2023-10-01 17:25:27,234.07868606269648,27.04484951808923,6426.585549714422,2196.839202571169,49.896403807139336,0.9375465646689523
2023-10-02 16:23:48,234.30236744179874,43.2945415864398,10438.494474558382,2505.948118021522,50.043594762971544,0.9600509249290836
2023-10-03 15:22:08,227.0846128071553,42.22595221453368,8662.520542817341,2098.0740688811425,49.92380587618649,0.9742418143864546
2023-10-04 14:20:28,229.16439143106794,18.97274235414105,4748.200573444253,1603.2707566548418,49.98582912782982,0.9201362037558213
2023-10-05 13:18:49,231.4128997524415,19.043162840422507,4005.448640473981,977.1073662369748,50.08778260312391,0.946624305251681
2023-10-06 12:17:09,228.75654436908226,42.69221248852947,9068.942825705224,2609.4462726534343,50.07907593122325,0.9556626164463905
2023-10-07 11:15:30,238.03672788009996,47.21593680677302,10146.716579897731,3616.2934938324142,49.997796992748306,0.947958872187423
2023-10-08 10:13:50,232.45487475819127,13.814436850920142,3254.172792014396,1161.0579493279126,49.823186896729325,0.9004641586624582
2023-10-09 09:12:11,233.67438893024908,28.00234557704901,7109.13269628547,2066.2861566650736,50.29928105700606,0.9600218001861754
2023-10-10 08:10:31,233.31440634333705,23.498171158569157,5664.421655579318,2030.343899455532,50.17458589702731,0.9803867270218128
2023-10-11 07:08:51,235.8673692874266,44.827538218297576,11255.66780663471,4138.983232008671,50.07226748248883,0.9523332350233901
2023-10-12 06:07:12,230.90510779351854,13.34099658720075,2780.63639028974,920.2659343580117,49.9246796218409,0.9293778789341147
2023-10-13 05:05:32,223.51584026022076,18.445037702321496,4157.401883097678,1021.4119903265793,49.9886407838298,0.9397374550727143
2023-10-14 04:03:53,231.9984397587632,40.09873350345977,9227.607749848314,2351.2161956167456,49.94565795702235,0.9853982613531118
2023-10-15 03:02:13,226.74321553104085,12.051753959248623,2732.0893953527843,718.4527154531218,50.12638559390964,0.9681992508172111
2023-10-16 02:00:34,227.3569165912512,29.70141522857157,6175.068526280812,1379.2683791378104,50.02625028908518,0.9628005323676866
2023-10-17 00:58:54,232.93182009377546,27.6842813871888,6686.418182930726,1702.5755270829566,49.921583614164014,0.9571282516706875
2023-10-17 23:57:15,236.19141535716818,23.376047159549948,5524.777788926971,1336.4649891524114,49.95292449008752,0.9367772577561805
2023-10-18 22:55:35,230.10635788368032,25.782892612756953,6247.422932628508,1818.4108412135677,50.11211881425699,0.9459885763868846
2023-10-19 21:53:55,231.5441650629948,31.19762347720932,7202.376683390767,2749.0572193005305,50.160009784682046,0.9484415452864297
2023-10-20 20:52:16,238.5110747231762,16.454694335535326,3649.417582683883,806.1419775380319,50.15283315634863,0.9609914863212888
2023-10-21 19:50:36,231.20376589744285,32.87983513134371,7827.349848889604,2693.027774911856,50.075703206505395,0.980178377885338
2023-10-22 18:48:57,243.00841557090197,42.21729317199945,9586.9495398231,3235.179404541954,49.974737513119734,0.9723667627358625
2023-10-23 17:47:17,232.82754822815772,40.40643719160636,10108.409331967601,2215.2663934622733,49.67584861746709,0.9216123128840792
2023-10-24 16:45:38,221.1961862042209,16.155996187750947,3654.4921916361077,1405.20516831666,50.02971600238082,0.9544798993780209
2023-10-25 15:43:58,233.76670810552267,15.969978789658956,3477.3006930118027,1090.8098951059314,49.99981712411559,0.9647352669033579
2023-10-26 14:42:18,231.90579192441388,20.726974709796533,5251.170059569242,1432.2309252116333,50.013998209632135,0.9623772066028926
2023-10-27 13:40:39,236.44876377041373,24.44298905364149,5800.743237080201,2037.8458617761673,50.00538973470332,0.9374153247322515
2023-10-28 12:38:59,233.3659067563498,26.338223256339305,5621.412258293911,1413.6339202028578,49.867373783805085,1.0
2023-10-29 11:37:20,229.30772008008114,37.18788867333381,8743.782722901009,2961.536410845704,50.055740855685116,0.9244583087533775
2023-10-30 10:35:40,223.87850881855317,12.267217286633416,2610.805071902424,542.8966588086835,50.06322163140319,0.928336231066679
2023-10-31 09:34:01,228.95488371356987,11.386908169042655,2765.439360829964,1017.3542775663366,50.068233878205966,0.9546719016252315
2023-11-01 08:32:21,225.7473977289535,25.67642251775636,6164.8294223513385,1785.5452492616969,50.09465770035734,0.9923360610992771
2023-11-02 07:30:42,227.09738275097638,37.88654768551922,9428.102283119482,3086.1816405247177,50.06040516449216,0.9332761029859166
2023-11-03 06:29:02,232.94289202210305,17.737413718259305,4133.349355844587,1009.5605111662007,49.95899705884611,0.9446834326870601
2023-11-04 05:27:22,238.34952252175702,35.66017925025007,8423.017116162833,2825.204117357771,49.99291631520839,0.9715458734603138
2023-11-05 04:25:43,231.97335764911492,20.393125517611978,4970.483272027317,1761.7781290681219,50.009112486725336,0.9496427569022453
2023-11-06 03:24:03,224.0205846898241,45.44344435254065,9431.957606319094,2779.05686475278,50.01076994491066,0.943307922909394
2023-11-07 02:22:24,232.2230133411007,45.82759777066466,10742.0799190552,3475.550381095828,50.09982176559717,0.9613126580377344
2023-11-08 01:20:44,235.98315743322826,21.89148817125306,5213.8057281298325,1518.6000887298383,50.06436687530225,0.9554503598045918
2023-11-09 00:19:05,226.9510854784031,19.19975015852962,3999.6378365928654,1515.1359012895336,50.20773434395699,0.9706087757127357
2023-11-09 23:17:25,229.3299141666354,26.45215888264925,5966.765168005825,1787.486730504454,50.220646897988466,0.9758293777813072
2023-11-10 22:15:45,230.07344097364597,19.621263407205948,4833.300533517044,1780.4030031970658,50.00796495826139,0.9561400612001072
2023-11-11 21:14:06,226.0755084345888,36.895353731668145,8935.28100293417,3219.117365171704,49.61633444515406,0.9558346545075661
2023-11-12 20:12:26,233.2414021692193,43.04258738193142,9234.637695074,2605.1001984614304,50.12368324661273,0.9542822196457226
2023-11-13 19:10:47,229.39525925696108,36.92368523644868,7776.789835477255,1913.2217146110834,49.94596236610129,0.9597826111329857
2023-11-14 18:09:07,232.09766221953515,42.97401788997398,9500.786000876418,2671.7770882212667,49.9198516078169,0.9511034127574293
2023-11-15 17:07:28,225.5625391109895,25.879686488298965,6275.026258977159,2291.912397517973,49.960155472501064,0.9499878303535542
2023-11-16 16:05:48,227.81270849838296,16.252678828354433,3427.7641917967803,841.6069693932783,49.95533569531854,0.9739325424165448
2023-11-17 15:04:09,233.61190678913886,39.51803789590369,9638.081186031697,2938.528252862897,50.06122698101054,0.9803223236071008
2023-11-18 14:02:29,228.13583423954117,24.418980205662155,5126.475563961389,1851.7821689141806,49.84405642208738,0.9198489411073315
2023-11-19 13:00:49,238.63481925616702,36.8508330091653,9010.464068886633,2439.0920315383323,49.89222792542084,0.9502004230348113
2023-11-20 11:59:10,228.001819071927,20.825757679270627,4611.6231995780445,1514.6504121144555,50.03431585541974,0.9362261113310952
2023-11-21 10:57:30,231.12342362875944,13.249185392266906,3239.139387377033,806.9548587323933,50.06229440304133,0.9437805706702785
2023-11-22 09:55:51,234.66295415936546,49.70327181951053,11042.29542256313,2449.7982683864398,50.0641541644936,0.9580503241947064
2023-11-23 08:54:11,222.90817133533483,16.24806031722397,3722.658357704377,1335.9758864949629,49.92129637210667,0.9633887674308493
2023-11-24 07:52:32,221.19595594009613,49.536839758539244,10378.104901394721,2281.0423314153823,49.90217343507338,0.9477574711277731
2023-11-25 06:50:52,222.37171842714952,49.09119730265789,11382.97813945552,2894.4213254202746,49.94933651662121,0.9117331933055439
2023-11-26 05:49:13,236.31292051713592,41.752724156321584,10604.102609352298,3934.3541324874177,50.02398727522847,0.9306990883884764
2023-11-27 04:47:33,227.24070927053776,36.3769184832799,7649.321848888714,2059.915387301692,50.148547736927256,0.9679299934040033
2023-11-28 03:45:53,242.79099642834126,33.11228201004339,8628.803175362667,3405.0039954044673,49.79525628142292,0.8951914715593013
2023-11-29 02:44:14,227.17876200671304,44.64406181511339,10331.994159292131,4090.9207167667228,49.977927124304166,0.97374854303364
2023-11-30 01:42:34,230.92275651598518,21.577580864779517,4611.151079876167,1169.6424682590932,49.86673215589748,0.9604245998128907
2023-12-01 00:40:55,237.71054976283938,28.70724849939508,6725.1247178639815,1400.1416746421687,49.83477573226465,0.9763235216306004
2023-12-01 23:39:15,240.0304644407956,34.775598774660075,7781.029521475869,2653.429550077331,50.09669566453448,0.9460286162623808
2023-12-02 22:37:36,240.307517883182,26.447619034779642,6610.226357364752,1918.2698447973166,50.05446245744994,0.9087718915195419
2023-12-03 21:35:56,236.0418311529657,27.09945816361072,6727.781206484699,1481.1248593151645,50.044943351594725,0.9586072528301299
2023-12-04 20:34:16,235.1203126290573,23.211386700083377,5027.197883036101,1716.8110201604507,50.0921025839731,0.9754930624807667
2023-12-05 19:32:37,232.9626347460059,32.56927266738144,7596.740704967481,1566.713681198335,49.95202811032339,0.9684944361102684
2023-12-06 18:30:57,233.89180538083318,44.02298112060464,10944.529117380376,4093.6844268641526,49.956736248366646,0.9367461703302392
2023-12-07 17:29:18,227.24407141835732,18.061135120252516,4462.313441653396,1016.204897206986,50.21857306167226,0.9517352215092529
2023-12-08 16:27:38,225.90900558288845,47.37732155013766,10731.899845705853,2419.639635516871,49.97534289457404,0.9393432746244015
2023-12-09 15:25:59,229.98312771294525,37.56350614992918,9416.962610152877,2214.2524143525347,50.07351321130541,0.9336146707162125
2023-12-10 14:24:19,229.14907688737534,42.93092850720121,9907.801276563643,3884.385905814492,50.00063815409633,0.9691077714235969
2023-12-11 13:22:40,227.73385975336362,32.247627705200465,7188.466332392384,2434.2581882446248,49.815174146992156,0.9260493537746967
2023-12-12 12:21:00,233.48193723728357,41.18066805696254,10284.53274248704,3705.252907571985,49.79553709961987,0.9321236713883677
2023-12-13 11:19:20,234.77652604285257,10.648015893578687,2496.3956704508228,697.8099854507684,49.94210157800601,0.9279194873305523
2023-12-14 10:17:41,230.44203443145923,42.73521699118141,9792.64958438006,2617.208455120638,50.105610125167,0.920195049534019
2023-12-15 09:16:01,237.3876504052763,11.605554363414662,2749.677434037652,678.8865632264133,50.0788291656636,0.9529282858368521
2023-12-16 08:14:22,224.29155442933248,45.5965350545145,10936.226060374243,3238.540310694382,50.0914077164224,0.9732300609696395
2023-12-17 07:12:42,229.0317027036014,49.67850988954573,12133.31680678354,3765.7659307679482,49.90129538210637,0.9463024648750946
2023-12-18 06:11:03,226.41588839698596,21.762698487071113,4832.341194359732,1577.0585593806243,50.16158724901223,0.9198850439887166
2023-12-19 05:09:23,220.6673169146347,18.412742251431744,3927.626880867424,987.4984857482231,49.90351066998136,0.9667988907948405
2023-12-20 04:07:43,229.5865965707865,40.61453455432163,9309.499246488982,3628.1987395668143,50.021282439866994,0.9837140350806994
2023-12-21 03:06:04,229.3912624580836,20.121053636810128,4682.771566078669,1095.5423669166523,49.99896477100923,0.937075153517068
2023-12-22 02:04:24,237.56724871621066,44.62249532688814,10046.07419252328,3949.4195260944616,49.98261261796854,0.9404289146656456
2023-12-23 01:02:45,233.1540584227739,14.113703686299068,3484.1289704632336,707.1779234560757,50.13385921382956,0.9603132126016678
2023-12-24 00:01:05,224.87906587835397,15.038207855174331,3372.6356774978944,999.0594702160491,49.9294889479834,0.982437474955701
2023-12-24 22:59:26,239.27046283167095,49.16606220402463,11373.529274922457,3033.019628211759,49.865039474428805,0.9396033170854954
2023-12-25 21:57:46,236.10516847762676,36.953555930800185,8038.834036133926,2329.8525244922184,50.001999548620645,0.9233510043800358
2023-12-26 20:56:07,232.91048851734308,43.87548897715811,9685.31009449545,3042.474700373816,49.96001732657135,0.962628372125448
2023-12-27 19:54:27,228.86757950575085,22.97317509406072,5730.262432118526,1645.2605240233788,50.337738291908266,0.965981361462846
2023-12-28 18:52:47,225.2028038163826,37.05934998082418,8020.547006523529,2269.56913397514,50.067650747643995,0.9501226290087045
2023-12-29 17:51:08,228.13896611964475,33.769673092343886,7193.944889701399,2493.023351915702,49.95906594247814,0.9388373348068509
2023-12-30 16:49:28,235.44374309852094,34.12600480491788,7971.55741693154,2687.811904938885,49.894388843081295,0.9698875746198409
2023-12-31 15:47:49,239.42293152967304,37.301298381508865,8586.214584159372,3148.1721237073493,49.81197115894312,0.9605607200909593
2024-01-01 14:46:09,237.71621764136094,33.01436692516394,7118.431703811504,1779.549528103831,49.89747809142626,0.9346312896619301
2024-01-02 13:44:30,227.55575289106864,27.162494772106637,5962.354704374341,1919.315976391353,50.01149417717591,0.9509818946261134
2024-01-03 12:42:50,224.40191283355495,21.036907775221874,4762.367258189313,1509.8559487614725,50.14273286515947,0.922965849359507
2024-01-04 11:41:10,230.704431234556,40.743253236528076,9496.864694435619,2601.642931342074,50.112168914238794,0.9637178091287584
2024-01-05 10:39:31,221.15780317218574,19.050897200127448,4092.383816970959,1216.3035671140349,50.02290948316464,0.9447553286123428
2024-01-06 09:37:51,231.6158385709239,37.694172246176564,8638.551947274873,2269.8350584697323,49.96768323342975,0.9412857833523052
2024-01-07 08:36:12,229.26198706850667,19.333312905973067,4845.0654741582075,1106.4621735510063,50.02688123564121,0.9493425102969513
2024-01-08 07:34:32,227.6698174906588,35.01320679817816,7775.908295418416,1887.6813805962522,49.94813620025154,0.950806153986605
2024-01-09 06:32:53,222.02648466366603,39.883130685161156,8426.925607655425,1863.216251294161,50.171836399576385,0.9678986012313112
2024-01-10 05:31:13,232.56800053284857,18.748555556261568,4136.601226722729,1392.437533878234,49.981080981872495,0.9618218106265044
2024-01-11 04:29:34,227.33649580169043,12.397732034452332,2794.649232373003,928.2301068666618,49.99136621417533,0.9468718144241439
2024-01-12 03:27:54,224.15041582144855,15.238949719766964,3593.1115791930424,1401.7492680342737,49.778417757497934,0.9652733629943798
2024-01-13 02:26:14,215.63868893359177,34.23987869084102,6949.278679916941,2404.0034646142662,49.980456515347726,0.9580147450738322
2024-01-14 01:24:35,229.86242547474683,43.97785624902942,10532.00561619964,2216.0305364558076,50.083648413796496,0.9414680072742793
2024-01-15 00:22:55,238.8612579833487,11.799872849416975,2548.6015183508666,960.4380222441251,49.89322774229615,0.9475056368352702
2024-01-15 23:21:16,238.30629607273934,39.36605036166585,9229.076825639897,3438.1544360074836,49.92492796655072,0.9470355422231376
2024-01-16 22:19:36,227.71451871706864,23.652745838002083,5683.239545730102,1640.5470248342515,50.079271101773365,0.960105226863484
2024-01-17 21:17:57,226.9889396981911,29.1411347967809,6401.368172509238,2030.3386515215695,49.8523342776482,0.9426595477055671
2024-01-18 20:16:17,232.3438712803751,47.154381993822625,11095.692800552399,4385.191625388584,50.10578010075419,0.9421918162715673
2024-01-19 19:14:38,225.00807280405854,23.278860189433818,4928.871756263013,1510.506340193958,49.94678561098269,0.9893751461886792
2024-01-20 18:12:58,231.50895949909733,28.61347735757944,6944.885240955483,2646.448289031884,49.96114317795088,0.9687947096349421
2024-01-21 17:11:18,233.83040139192346,10.547296590427244,2245.437702480396,486.37921200690545,49.88761215948744,0.9347879867114972
2024-01-22 16:09:39,236.13466611942152,13.263948800193536,3352.9163423309064,798.6994550314216,50.037804626042785,0.9614188198788439
2024-01-23 15:07:59,229.49922961760024,20.34366364539136,4387.039664060816,1264.129816613752,50.24598719850294,0.9523670013131035
2024-01-24 14:06:20,228.98163124911517,11.114089632842976,2735.4851595107807,867.0157461280736,50.07814972394606,0.9578310235052019
2024-01-25 13:04:40,225.6100870662172,35.25501304193004,7719.29342473155,2803.999142939764,49.913571473805945,0.952746826491302
2024-01-26 12:03:01,225.8655982298007,27.055934272064903,6383.1688576354845,2538.28256283969,50.11356205854915,0.9737928529097046
2024-01-27 11:01:21,228.86760554049238,31.92580810912088,7042.6069433990715,1956.227038483761,49.96833204540658,0.9569124068930289
2024-01-28 09:59:41,231.8368275340809,16.985887435853183,4257.646574637229,891.9051190866613,50.13744849814275,0.9487582260357142
2024-01-29 08:58:02,234.56792313116625,21.837281177464646,4739.828443702967,1707.4487846612826,50.08066764021643,0.9708438115396603
2024-01-30 07:56:22,225.9841052465983,36.552978994109004,7729.2817237034,2480.1421139737736,49.70568584345283,0.9546657008217574
2024-01-31 06:54:43,237.4634428447976,48.612108945215994,11527.507266370789,2763.242302932003,49.8995920367045,0.9524295715865811
2024-02-01 05:53:03,228.64438199478715,12.016670944088368,2517.815769734222,752.7405322257762,50.09443852228354,0.9562804520497222
2024-02-02 04:51:24,229.89316352825782,45.615372834210646,9849.031735233415,3432.013780176795,50.0151657272145,0.9481278195326727
2024-02-03 03:49:44,226.26394160426088,33.07524805244834,8147.942083372906,2885.0425409512072,49.897624405229216,0.9501845398599094
2024-02-04 02:48:05,217.87879869863528,32.55678267022495,7769.422166179847,2330.233706198921,49.93664104845062,0.9382661082247625
2024-02-05 01:46:25,234.42022698180526,30.011141408310415,6861.110047817179,1791.044105444819,49.80937633799106,0.9349766556075224
2024-02-06 00:44:45,233.68421948546217,12.775763436167335,3238.2379080981495,1278.2896099969144,49.99116267124736,0.9300285922703512
2024-02-06 23:43:06,228.59336221440893,13.595074069446426,3135.6044116945263,1043.1294282325812,50.22106897260158,0.9221603342640584
2024-02-07 22:41:26,230.33495358612436,34.036480226363445,7478.756900138633,2106.3732129690484,50.080493339073236,0.9324056527723088
2024-02-08 21:39:47,232.5796960885205,23.63834285742233,5720.348078806849,1464.9390689123816,50.219041700118844,0.9465146593106615
2024-02-09 20:38:07,222.18727071556728,46.69072266310722,10703.776381593356,3705.8678447158672,50.088239708978996,0.9520623516489127
2024-02-10 19:36:28,227.35473661326853,26.26362149437889,6555.287732915862,1628.5739805863968,50.10274793433527,0.9445740687370472
2024-02-11 18:34:48,233.97132339810915,15.731258348105644,3507.706967512616,822.0030584454272,50.197407868774505,0.9028859301974528
2024-02-12 17:33:08,223.72855288415374,38.58875334008144,8930.49784892453,2732.4356509175236,50.03772632593422,0.9814917271552468
2024-02-13 16:31:29,231.46778966083315,21.734136857640394,4580.02108513067,1181.6338915725812,49.981277267849315,0.9717296024578076
2024-02-14 15:29:49,223.217090976883,31.018812294235726,6388.9115629457665,2081.386183068867,50.1032657516622,0.9589151970243426
2024-02-15 14:28:10,232.33214991216764,37.9133114202068,7934.536023672629,1774.06493760929,50.14538402371219,0.9881498134510653
2024-02-16 13:26:30,229.82179258851258,46.01056444808282,11630.512862867687,3849.5627607917386,49.95200353572878,0.9304527176503258
2024-02-17 12:24:51,221.92434092047245,41.68764779206704,9810.801009968174,2518.033374593702,49.927843091766,0.98775250241252
2024-02-18 11:23:11,235.82369677228587,37.054442714908966,9239.410904976823,1848.331095208051,50.01388560324309,0.930695718464989
2024-02-19 10:21:32,226.32704211600975,37.18532729580574,8432.416154701623,1900.558763609497,50.083149886693164,0.954774758505827
2024-02-20 09:19:52,225.9487378149281,47.83698576128346,10376.503307375311,4012.8332726595236,50.07980910486616,0.9245232534973159
2024-02-21 08:18:12,231.0028459861547,21.83296389986144,4691.708699248808,1752.2168009840286,49.85758323998124,0.9502938819108873
2024-02-22 07:16:33,235.74318674714357,10.044483767847495,2265.9440739299575,559.0578151377964,50.19116060670633,0.9577233299599678
2024-02-23 06:14:53,224.92089090510802,20.87818237592795,4579.453055822058,1628.7941305317886,49.93588350706032,0.9469061933773089
2024-02-24 05:13:14,230.30839924923987,18.71565518506976,4531.330989711358,1457.7940618637201,49.97349350031114,0.9642775488818027
2024-02-25 04:11:34,232.14408250165286,36.473383404559925,8534.244035100723,3364.036355488592,49.90973456400122,0.9519802889897451
2024-02-26 03:09:55,233.46552803631573,35.34846399062116,7555.272045972613,2075.5928883334905,50.26983288359371,0.9395517054324498
2024-02-27 02:08:15,230.88220777638614,33.73845530818895,7038.735929932077,2367.071445618042,50.0242070670288,0.9386637336439532
2024-02-28 01:06:35,228.16486080458338,10.649737728378149,2236.637642998554,475.7488062893995,49.91490249193184,0.9662182754523139
2024-02-29 00:04:56,225.8620488967564,39.1511221780259,8684.465124020906,2425.13227758676,50.08639235499624,0.9369251594038606
2024-02-29 23:03:16,230.43071941523186,22.94121649941966,5744.363852579963,2256.176637197502,50.076913577931,0.9683080594096987
2024-03-01 22:01:37,224.63930494007195,36.60223956026525,8448.254583771915,2600.3404453821086,49.981227297642015,0.9744542358566386
2024-03-02 20:59:57,215.39324758252695,32.26313714008613,7368.75533023425,1898.0137909796151,50.08406067127834,0.9166257227530774
2024-03-03 19:58:18,232.18279902078834,23.709237017116287,5467.856268926512,1225.0961217278189,49.91747080391691,0.9726585277460207
2024-03-04 18:56:38,234.519674205431,15.38305068416431,3507.8165714517704,1195.1329883253002,49.950708172505074,0.9912084539688939
2024-03-05 17:54:59,218.18533782229082,13.776755906419238,2770.4653630008647,911.4033390889408,49.79897833454339,0.9550400752240386
2024-03-06 16:53:19,224.9513464764503,43.26073332448894,10463.243179036746,2875.1709747058435,49.86760489157805,0.9619816837058964
2024-03-07 15:51:39,233.09577130502598,46.73590168326232,11510.88678331323,4491.4130044423355,50.18076308056707,0.9707401064873832
2024-03-08 14:50:00,240.2874773485585,35.99152187057199,8074.26834864075,1650.707963759868,50.16414286277223,0.9444903536964195
2024-03-09 13:48:20,230.10396853837705,14.137364594419335,3261.040576902039,850.2992762492795,50.0065788648649,0.9536456044707573
2024-03-10 12:46:41,226.35998529385432,26.081088675529628,5888.807742251131,2262.5617728646753,50.166293144718985,0.9237160094075377
2024-03-11 11:45:01,229.0855177944758,39.15756800420629,9194.856788786456,2429.162436516024,49.98399255133917,0.9527727005706089
2024-03-12 10:43:22,236.8743820957409,41.192835360402725,10628.263593526774,2661.8546407907284,49.97565896974321,0.9599622399128908
2024-03-13 09:41:42,226.77017910437732,14.728744891643544,3393.328080197179,1041.2226396462656,50.00565106484655,0.9603232604585293
2024-03-14 08:40:03,226.00403996674873,10.001228753815298,2278.4988662243986,831.106043882404,49.98750784046764,0.9713084944719516
2024-03-15 07:38:23,227.58628238908983,38.4854818352242,7971.044339430544,1758.64634877212,49.97848036764398,0.9345039564372893
2024-03-16 06:36:43,225.23335695870645,24.263847039448226,4987.283169349453,1938.078896582722,50.11433981071495,0.93934786486653
2024-03-17 05:35:04,230.61335157997397,20.17925326473041,4362.612306489054,1566.2414084971422,50.01501356539562,0.987910146919827
2024-03-18 04:33:24,238.1233922923478,10.515898791581018,2269.935235621844,536.2723154327551,50.07124817644338,0.9469934325247258
2024-03-19 03:31:45,231.61539636558015,31.611976270459987,7678.177653489394,2629.020254053534,50.10313805252773,0.9540006757462465
2024-03-20 02:30:05,228.73823248936856,44.04602941703927,10525.021967196782,2915.3441958842172,50.03881857956547,0.9486597991654956
2024-03-21 01:28:26,228.54094365542227,48.30526585090352,10236.162783900189,2870.8233191572217,49.902972867409176,0.9335663834738995
2024-03-22 00:26:46,222.1840459565167,32.62979802453157,7737.122887701362,2759.5069179239663,49.864713411103594,0.9824705842178361
2024-03-22 23:25:06,234.4155488857358,30.578453109595767,6673.161650528418,2619.5960617713617,50.01487806348073,0.9394459717615878
2024-03-23 22:23:27,229.61081401493598,13.402255419569645,2954.9341928887384,665.8387924590161,49.9828743695175,0.9274542895258614
2024-03-24 21:21:47,229.09760043204687,31.95491206170399,6953.2560095560375,1975.6011463869338,50.00873914289201,0.9409851944539449
2024-03-25 20:20:08,245.9655378392243,25.199163158615786,6039.834388103272,1788.928410256107,49.998394596075144,0.9099658799654893
2024-03-26 19:18:28,231.49376454182843,34.285411235343076,7547.419100324484,2077.5204190576887,50.258357366016654,0.9369742507003364
2024-03-27 18:16:49,226.24104474952406,25.54905391506187,5767.471380436964,1572.4308514312545,49.86697737443587,0.9306374280429535
2024-03-28 17:15:09,227.8682120189723,19.61196493801467,4386.185597386885,923.0891348480327,49.80100537301789,0.9623485726185464
2024-03-29 16:13:30,235.74222854598378,13.79861100913506,3569.4691793325487,1203.2956313345967,50.03323768335196,0.9365317152088025
2024-03-30 15:11:50,230.5663520526888,22.59673778355583,4747.318446145801,1363.6334390029065,49.96235774454118,0.9677560787115769
2024-03-31 14:10:10,222.80861010841318,13.86579337151009,2868.327879177581,685.4120747984344,50.03160678697299,0.9779696798613864
2024-04-01 13:08:31,234.59614467287602,17.07587803295936,3647.6650591769035,1324.8563905283827,50.0583883022284,0.9656235067257519
2024-04-02 12:06:51,226.65927957230502,49.49344634318184,11500.48994410038,4146.066351549572,50.12841046951789,0.9456922342227985
2024-04-03 11:05:12,239.36648888108772,27.764142276264746,6053.676336557747,1799.6267651638561,49.84927741796161,0.9528222899341118
2024-04-04 10:03:32,235.40024032857323,31.274870660200662,7857.49347990603,2040.5135207896406,49.94432821021428,0.9195003011971188
2024-04-05 09:01:53,227.76339052170624,44.944741149488614,10261.209225563289,3361.7624380541342,50.04287612588808,0.9473244125495751
2024-04-06 08:00:13,236.40508180867556,49.82275601962751,11841.973778404716,3050.8527628944075,50.077046359568726,0.9327912306386633
2024-04-07 06:58:33,230.33927755263701,33.308577973787266,7766.787772173911,1919.962255909638,50.21934495502884,0.963886527622986
2024-04-08 05:56:54,234.2638683756111,42.498952841766865,9300.495381347077,3218.928709425057,50.09557039711139,1.0
2024-04-09 04:55:14,232.42366408647237,23.077640973467012,5039.484735360706,1048.5406330768396,49.99432114041137,0.9599964327194761
2024-04-10 03:53:35,225.76821672504562,22.229758297891642,4836.909947554291,1059.0593015632057,49.91095642470573,0.9101771970209066
2024-04-11 02:51:55,226.7822508384127,26.10814883978241,6031.58068581869,1214.50482103027,49.9435710147281,0.9427753961417125
2024-04-12 01:50:16,235.1498040879058,36.900290506945964,8174.028901282349,1884.8381855573396,49.940729717704286,0.952449818507489
2024-04-13 00:48:36,228.3261233394673,37.28766757020395,7860.4575416546295,1680.550115184316,50.06552336285137,0.9517471485052053
2024-04-13 23:46:57,227.98175768379002,22.60957738597803,5639.221384952639,2250.9542785047256,50.02569974455858,0.9353837374878249
2024-04-14 22:45:17,225.22438710325324,15.328396965465148,3122.2736211607094,804.8034743753161,49.86763504291578,0.9549058348527386
2024-04-15 21:43:37,232.1179953279673,35.29585025862034,8688.789987321976,1997.1496802459963,49.95640985309095,0.9251499832616122
2024-04-16 20:41:58,240.31262459621573,15.133034487550582,3846.1563731962165,954.6131333607312,50.087754755345145,0.9311018255462986
2024-04-17 19:40:18,224.66233542872862,33.1397003291732,7143.284452921675,2766.0591388173475,50.03516623549741,0.9629159528320742
2024-04-18 18:38:39,230.12109728336378,37.73688512225236,8051.205826659879,2447.8245690141193,50.05686446160128,0.9296867353824034
2024-04-19 17:36:59,237.06110277707714,38.02445985577806,8375.251177930171,2286.138873752559,50.03829217100573,0.9607642321098451
2024-04-20 16:35:20,229.60179304377144,40.13888442638387,9579.8642060008,3589.3671542904376,50.162643073460885,0.9226107245068788
2024-04-21 15:33:40,232.26185898124868,44.91437686262658,10729.845385359211,2993.6059834143066,50.02360430638244,0.9852965176758347
2024-04-22 14:32:00,224.6880323592656,29.998359678591537,7121.428983639604,1901.4337447007988,49.96139772021293,0.9345146015519189
2024-04-23 13:30:21,232.14153548603824,39.20996758118285,9898.675737959216,2390.0996429650536,49.90842449588664,0.9455266685639311
2024-04-24 12:28:41,229.06427867497726,34.76690941463347,8269.553442939277,2278.752893766175,50.02496094582097,0.9566122652218081
2024-04-25 11:27:02,234.9286499783993,17.465597591907304,3820.7493838837017,1006.1441884041958,49.75592959852249,0.9386930009499781
2024-04-26 10:25:22,235.93693025782375,11.027585794776327,2468.311784273725,828.0218257089156,49.981571099816726,0.952868119221426
2024-04-27 09:23:43,242.94781821009306,21.38165542707735,5550.140262679118,1431.4729782495274,49.97941601400787,0.9615071344904025
2024-04-28 08:22:03,232.89816586606787,27.721348253504775,6080.892566347826,1918.156442733326,49.86355291463827,0.9692122646500697
2024-04-29 07:20:24,231.62898158291082,34.68423777714625,7347.014247055846,1566.224984463021,49.9071734161344,0.9658299487194592
2024-04-30 06:18:44,230.9719215078867,43.998373220128215,10575.550995005451,2519.7078452882056,50.08096575301482,0.9465637907239465
2024-05-01 05:17:04,228.23416853594657,17.849828668246627,3994.5204330578904,1124.3818230089846,50.02307117490749,0.9470673645191279
2024-05-02 04:15:25,231.69241921730847,15.021991595939085,3772.8699069981244,1461.5715102909173,50.01017883337073,0.9969821711605006
2024-05-03 03:13:45,228.52299294930486,48.5391978989731,11425.658328789412,3147.2021242868586,50.0306347533932,0.9689977813649858
2024-05-04 02:12:06,230.84230488134807,14.321782375056284,3035.2522809369225,1010.1769544039803,50.00926275879489,0.9315635268735957
2024-05-05 01:10:26,236.5879876780398,29.13964280428757,7511.6021000505325,1885.5431631374329,50.124286256285835,0.951999763275311
2024-05-06 00:08:47,224.9672871736018,33.42254915173207,7155.899581634797,1612.9878189590438,50.01234291817036,0.9432971372244361
2024-05-06 23:07:07,235.69939280564523,31.65497683629753,7218.145382757369,1528.1342144694995,49.85417868861813,0.9472933153215377
2024-05-07 22:05:27,236.58557533669932,13.441286281317728,3117.851788802705,814.017162311743,50.16301299648744,0.9254100968458382
2024-05-08 21:03:48,229.4096573650446,12.281076560144776,2564.5216507622417,593.7693534928636,50.03703402673288,0.9417615353122809
2024-05-09 20:02:08,219.39072550495703,14.219337098441427,3117.4165909584353,731.9759297208022,49.941074626920496,0.9862311154638782
2024-05-10 19:00:29,226.96089006452783,33.4235073549045,7014.340677145682,2470.1131278962966,49.8746598281705,0.96158152601751
2024-05-11 17:58:49,236.48497273280555,31.773795505372846,7365.202872262378,1496.3706955753323,50.0395914220958,0.9001767718369708
2024-05-12 16:57:10,229.8856596885056,19.34963168146977,4315.388214702538,1344.5110914685947,49.988282799502564,0.9743344698499589
2024-05-13 15:55:30,225.00348883852544,35.51096567382366,8426.094596842615,2324.69441711433,50.15741467860324,0.9717925904581832
2024-05-14 14:53:51,227.47612539385892,42.802700082225975,10326.961909241329,3111.6168926846194,49.96540927193332,0.9428142939138716
2024-05-15 13:52:11,234.20310013252276,11.66315839386375,2542.2039937695904,794.606654126168,49.916261921031754,0.9643452708756642
2024-05-16 12:50:31,232.7336678410069,29.925197741921696,6778.717483742777,1780.589710600099,50.089579621823596,0.9328120157836559
2024-05-17 11:48:52,228.80533950415153,37.57241648410761,8379.018772890915,2170.3482904842963,50.09252818927168,0.9405948856746728
2024-05-18 10:47:12,228.16587794092655,20.092477082787482,4264.801649271645,1478.523013178805,50.01686513676102,0.9799709272133971
2024-05-19 09:45:33,228.04120925478088,22.310836211725963,5391.483825031258,2017.7919227216855,50.06763570476749,0.9445653992026057
2024-05-20 08:43:53,225.3879490775075,34.54551611957535,8108.84490879028,1934.091899735627,49.996231287925774,0.9126053667609001
2024-05-21 07:42:14,238.0768784473472,45.917411737749475,10254.932589567728,2251.201279666567,50.02338651010093,0.9487339355443732
2024-05-22 06:40:34,228.3883976539433,42.39697681211597,9424.871844772737,3577.2964525583957,50.11649908825639,0.9484282321417128
2024-05-23 05:38:55,236.08579260412748,33.32520876398334,7247.333991140871,1956.6286556357318,50.06253183340215,0.9739673713874691
2024-05-24 04:37:15,237.60658025961226,39.20886871028997,9555.167054967153,2964.619364611786,49.98307255616674,0.9502867284435151
2024-05-25 03:35:35,234.99155449073982,24.592898808311947,5341.495837133815,1452.3988093714831,50.13523625459261,0.9415683537711941
2024-05-26 02:33:56,227.84189843640976,35.63862112395031,8909.125375153193,2005.9828324294713,49.76351446272085,0.970901122904624
2024-05-27 01:32:16,232.01865045168304,28.647263645102278,7019.821328364668,2231.364835809793,50.20520733114219,0.9524158046500222
2024-05-28 00:30:37,229.8790219680454,17.59744545830244,3956.480313108245,1206.8379509487359,49.82940409051093,0.9349995463686857
2024-05-28 23:28:57,225.48149069634937,38.069530955090286,8718.85274953774,2097.7447402460725,49.93729071752277,0.9730999512108323
2024-05-29 22:27:18,231.62179640860802,32.25858549395288,8086.483580696145,2348.103038180329,49.9959082464805,0.953873235290336
2024-05-30 21:25:38,224.104801044201,24.344863278143656,5514.831720215174,1981.9726189413936,49.98535193292718,0.9500585193335888
2024-05-31 20:23:58,235.9383969423078,46.45356760314523,10246.669218924782,3259.314039138025,50.100641104002655,0.953558167828233
2024-06-01 19:22:19,227.67691351350803,10.83736471306933,2407.55984983752,528.1788230475175,49.894216338138975,0.9285866325716681
2024-06-02 18:20:39,231.0057982793642,22.63092604997984,5586.658839699538,1729.653596308012,50.02607668174831,0.9394469244764332
2024-06-03 17:19:00,231.41643935773072,12.275255911105862,2922.6290831240376,995.2944948905816,49.942178790178026,0.9500716520366557
2024-06-04 16:17:20,228.7054751314796,40.661092648865086,9579.744219069953,3434.728017607034,50.02951409793374,0.9461067260995064
2024-06-05 15:15:41,232.93346900737637,38.084298164551704,9521.930266409732,3102.4687959075522,49.993522774020214,0.9754485676563318
2024-06-06 14:14:01,227.62548171688738,23.25408874945268,5710.300615403097,1316.4049252653285,50.0092935652683,0.95434811705454
2024-06-07 13:12:22,234.35648648728622,37.02651608828292,9405.946183866237,3217.159542126756,49.94500751675356,0.967098078452728
2024-06-08 12:10:42,223.27010159876625,25.837489047837995,5301.2969686351,1778.4174487993491,49.94899360499039,0.9501879070915169
2024-06-09 11:09:02,230.63189789773205,40.25015165689737,9364.892927794177,1918.7296142185942,50.02872725140274,0.9711257696749224
2024-06-10 10:07:23,239.6946449952914,28.167346509468242,7076.325116736172,1997.9970957325095,50.0943715505756,0.957950555131463
2024-06-11 09:05:43,224.99834337697212,26.49118911326662,6266.754803391249,1670.6544725666008,49.94017206658022,0.9502684097077692
2024-06-12 08:04:04,226.61127514737575,47.389196619532036,10968.12975920475,3662.065628463164,49.91312324554271,0.9497343382208195
2024-06-13 07:02:24,232.56953924829457,20.03516399562801,4349.043387931573,1057.8054826715206,50.061346016567185,0.9309112274741806
2024-06-14 06:00:45,230.897908909698,14.817893599862618,3624.9408114537723,1153.3633118770663,49.99674961069423,0.9601383144027261
2024-06-15 04:59:05,231.7531504963678,33.38172453037833,8076.890163725272,3090.550882831488,50.083049813398596,0.9491959053092723
2024-06-16 03:57:25,232.4459356507383,48.77287249136715,10398.655595364231,3738.9455394252254,49.909420278662886,0.9399601607963759
2024-06-17 02:55:46,233.17360734280885,25.113568549087468,5813.436731417139,2234.0545963173604,49.822056107457655,0.9721292354162414
2024-06-18 01:54:06,235.5484992097811,12.48147054515126,2748.290909902346,1087.5019928217328,49.946699591817364,0.9249956794821039
2024-06-19 00:52:27,232.04909328464257,23.572210692382697,5292.112927473425,1069.7160889081044,49.9233647390735,0.9415500820913513
2024-06-19 23:50:47,228.79371172690728,30.237266172782338,6251.304071765915,2028.8498296882287,49.99212115999197,0.9705543749755906
2024-06-20 22:49:08,233.36286850601365,16.47692026528855,3768.453025203655,1064.8437805222923,49.93631547857296,0.956310458818405
2024-06-21 21:47:28,239.49940967447608,36.32408872225968,8786.379636716056,3268.277524227087,50.07410169513364,0.9490428214469449
2024-06-22 20:45:49,229.33683126808714,49.90997556040802,11719.9487943074,2934.2408415016407,49.97118497375775,0.9550200708630029
2024-06-23 19:44:09,225.1273534766468,28.069579039257754,6525.856662424706,2585.582898000286,50.01504744987739,0.9535882834209768
2024-06-24 18:42:29,235.53540334643486,24.189142269208507,6080.59656480226,1962.461427240348,50.015763455844095,0.9196667490742815
2024-06-25 17:40:50,229.39809418023202,26.028166673378664,5631.028342023034,2019.8919888857831,50.01949550924122,0.9430147622930407
2024-06-26 16:39:10,219.1366522699298,14.605847135808045,2957.7334666402485,642.182825750718,49.9975870889545,0.9823304330902749
2024-06-27 15:37:31,234.2371083857521,45.33094405704895,11364.726900688136,2689.935131750111,50.05106006904103,0.9368135173044566
2024-06-28 14:35:51,227.3233590702304,26.593026220854078,5630.046103924341,1979.9787496984936,49.92043448661742,0.9436339797179133
2024-06-29 13:34:12,229.5473335884792,25.490976456993653,6406.986544188633,1309.5707790096174,50.13994179266539,0.9391675847338162
2024-06-30 12:32:32,231.65990165284506,36.38761091721897,9007.039017896044,3272.938181940336,49.976346261663146,0.9482596955336372
2024-07-01 11:30:52,230.95249839889533,27.68133683724494,6394.194742830049,1296.6774969635014,49.86884508621013,0.9383375433735139
2024-07-02 10:29:13,233.5472590856952,35.92933875231384,9199.139142414593,3048.8133552082377,50.01880733569918,0.9597348300431612
2024-07-03 09:27:33,227.82256814715078,12.4578516052315,2609.6363037330057,712.4797304484258,49.91488195175525,0.9539462682458053
2024-07-04 08:25:54,232.5655289908804,42.5489337488891,9505.666069894627,3063.666388660546,50.06653345345089,0.9654709523021403
2024-07-05 07:24:14,228.70226661208042,47.6201581151761,11191.914042428527,3796.3675440562547,50.220960557604236,0.9289811766762207
2024-07-06 06:22:35,233.6940524044375,35.95061544637544,8149.413200814074,2188.0770546005274,49.921342790844214,0.9431931903423418
2024-07-07 05:20:55,233.07683742006526,48.18263715435243,12192.40342973364,2701.7450304725267,50.033237233322396,0.9454855473677573
2024-07-08 04:19:16,225.32280648977704,16.05729257479853,3303.7548164815817,706.7695375005907,49.82444944112954,0.9591129382017719
2024-07-09 03:17:36,235.42991058087517,29.09664757921415,6917.9175330656935,2198.425673881023,50.04539052294413,0.9341355760558593
2024-07-10 02:15:56,227.32018277442975,34.07226935781789,7886.072061604919,2398.3995400825047,49.91142862002003,0.9683130760851668
2024-07-11 01:14:17,234.04028899140573,33.269465896847464,8024.2357255736,2795.966315704034,49.93751653815655,0.9737283118103521
2024-07-12 00:12:37,231.8364365670067,26.05847116356173,5746.0842166095335,1735.0134770577138,49.88987135101602,0.9302225530472883
2024-07-12 23:10:58,239.1909183839756,23.523376374650454,5474.172486708352,1557.342721524233,50.073215122605475,0.9401825421021286
2024-07-13 22:09:18,228.88267008814074,15.072960902016753,3687.0749468920585,1030.9704416891639,50.10073043574732,0.9393613698341581
2024-07-14 21:07:39,228.253416019409,25.669698022491126,5501.718224282012,1129.4443260558821,50.00233852146585,1.0
2024-07-15 20:05:59,229.90290197056135,16.506432604219405,4042.961396054204,1079.9212417363526,49.91355732946643,0.9414019978958422
2024-07-16 19:04:20,228.48410108582863,39.374627059688734,9109.211874380506,3599.9972565874723,50.158952303610384,0.9835525088431226
2024-07-17 18:02:40,233.99970950971024,18.3532374197836,4519.853060444581,1693.6391810246039,49.924958987224535,0.9246673600978678
2024-07-18 17:01:00,221.91844695781705,12.342612211381354,2856.0697270708533,759.3592906176794,49.78379677000726,0.9302069806767127
2024-07-19 15:59:21,224.73158790426822,32.09464551268937,6790.755413815753,2156.466048597249,50.045838900995705,0.9362679093630359
2024-07-20 14:57:41,224.66098539210404,33.80918930877606,7700.1406692113305,2844.8889596799186,49.88952253263585,0.9330862137710695
2024-07-21 13:56:02,234.75153795986787,44.87652245122022,11309.61303998952,3260.051006622165,50.098860879349914,0.94464202531683
2024-07-22 12:54:22,238.55306686290962,33.079264496707275,7784.023667963635,1584.7616208841753,49.96188623033266,0.93582443594557
2024-07-23 11:52:43,229.47775390731263,23.81923414893783,5976.059922083388,1284.2677813467376,50.06037132405442,0.9336131681453085
2024-07-24 10:51:03,229.15589138404994,42.12047526105282,9559.909601355086,2887.843575727668,50.140150034655214,0.9731694399294665
2024-07-25 09:49:23,230.35026081556592,31.611155727496843,6761.416832465977,2663.240109043234,49.87911411353793,0.9744758724502632
2024-07-26 08:47:44,235.80939151304096,13.17121138524767,3037.214479812776,1028.5281077968614,49.94340628691076,0.9689859299675063
2024-07-27 07:46:04,225.36323432904712,32.634022412529866,8018.918708228949,1717.517976494408,49.99243289273429,0.9604799791116865
2024-07-28 06:44:25,231.19184491367392,46.320741816866494,10322.856675466373,2455.5203712413127,50.15375513190344,0.951854861315591
2024-07-29 05:42:45,234.87598814891214,25.85250501992882,6519.160834600769,2309.5080921362437,49.93416172820596,0.9400593861866818
2024-07-30 04:41:06,232.50547084969924,21.853032075992004,5468.372605354915,2013.9357475512122,49.9405496304051,0.9309368499048981
2024-07-31 03:39:26,230.9479080829937,15.738778280720801,3525.928379266042,1140.775050085478,50.047814057555584,0.9572599140686537
2024-08-01 02:37:47,235.0052304628357,16.057820877414294,3459.1421232878633,1137.6586909154084,49.942277127428945,0.926527392149064
2024-08-02 01:36:07,216.48383853500383,27.310859373672756,6177.89309608092,1270.5917670329936,50.01525258828976,0.930121581416492
2024-08-03 00:34:27,233.38937659765455,33.82719296646118,7597.288886467331,2778.374523937564,49.844846257903185,0.9730582651240961
2024-08-03 23:32:48,226.7296215843629,13.22461620678407,3168.076553087757,1133.0785514948268,50.22143299425566,0.9880129808344417
2024-08-04 22:31:08,220.84683551571771,47.58274356100663,10387.976054224822,2615.765385674614,49.86522907696906,0.9578659027633296
2024-08-05 21:29:29,232.5560129976249,40.20534469780784,9322.443488021077,3185.808432235131,49.96782472960098,0.9721291430458928
2024-08-06 20:27:49,236.8682927258148,33.464956731346504,8367.372910903297,2033.0283048973233,49.99675189641579,0.9450830336511203
2024-08-07 19:26:10,229.31275742686154,43.13754683755963,9659.257667774085,2009.7634170306953,50.19126881343568,0.9232465162782463
2024-08-08 18:24:30,234.7643727360147,13.207470272484532,3065.375108835256,736.3868119937962,49.867515421906724,0.9622434323723716
2024-08-09 17:22:50,238.06139128994323,29.073555109324975,6749.906620745182,1591.126971721061,50.19837041354788,0.9613857864654012
2024-08-10 16:21:11,236.57457226792025,35.20372507446653,8107.34043986249,2169.1156864546924,50.0757176821102,0.9514333710776048
2024-08-11 15:19:31,238.19982264685697,43.14611624473157,10330.729892949123,2930.723724421832,50.041709532442326,0.9451524908378978
2024-08-12 14:17:52,233.71063745535946,41.338782401970704,10257.994815839633,3094.916825695191,49.90153663129821,0.9692442115716219
2024-08-13 13:16:12,230.37716819450796,21.082769988535986,4722.7108941781535,1394.856323176598,50.05711412420381,0.9302853393314505
2024-08-14 12:14:33,221.99017094051416,47.63520678236817,10625.844236242505,2700.3980875871976,49.92765133775802,0.9345243884221868
2024-08-15 11:12:53,228.76968755935025,14.973833657234813,3542.526561019699,729.1728858492121,50.126666125319844,0.9298378698647914
2024-08-16 10:11:14,225.78376702341905,45.005344744846084,9692.909153518758,3111.6208413020577,49.90289379708923,0.9516994592527165
2024-08-17 09:09:34,240.85471358748907,48.837609984184745,11239.379013651907,3137.461029799902,49.98868415055439,0.9282421397578148
2024-08-18 08:07:54,229.12057093783832,17.086140928905024,4254.130324750544,1104.9441213303173,49.94447269119868,0.9363151563896951
2024-08-19 07:06:15,230.61602403392243,38.88264256815141,9367.84556789267,3497.843074719347,49.9012477037573,0.935884888755456
2024-08-20 06:04:35,232.75742688020233,11.611420751119939,2744.3660443579774,958.740604426161,50.07413198169079,0.9447878333533208
2024-08-21 05:02:56,230.21801223186228,26.216913005566198,6213.921596506149,2308.8018924553216,50.05354587474096,0.9202525110719204
2024-08-22 04:01:16,238.47525520215376,30.651331967906962,6621.459141352929,1979.7934984428348,50.1209010198901,0.9517440998407453
2024-08-23 02:59:37,226.88675319132773,33.225809036385364,7716.559679566526,1745.3797001046353,49.82201248917918,0.9749460730132935
2024-08-24 01:57:57,230.9730372761862,47.43748992994238,10977.618458419156,3724.094349346226,50.1064170702341,0.9527098274463351
2024-08-25 00:56:17,226.28764707150975,36.89002749176779,8424.138968212583,2032.026625621641,50.25054489053569,0.9808264228960264
2024-08-25 23:54:38,223.39988744389646,29.25111804876948,6350.971954915468,1830.641841798719,49.954835891082304,0.9766799637175385
2024-08-26 22:52:58,226.94115454547358,42.38700145063557,8814.164812066685,1877.4184957553102,50.189514861210895,0.9655547009449571
2024-08-27 21:51:19,229.81481601475795,48.02131283817636,10359.1469684175,3781.7276006774064,49.97368387279402,0.9514937168527376
2024-08-28 20:49:39,227.8534888774137,10.882645947291634,2703.1865690176446,608.7255236781441,49.86275902624387,0.9504500077649087
2024-08-29 19:48:00,226.53789510063072,49.30085089024155,10964.572998960073,4173.3303080362175,49.96943675575932,0.9652759954472652
2024-08-30 18:46:20,222.96841268164084,13.445285562547213,2977.8980398869107,1110.2977312743774,50.10482039676753,0.9421665878099194
2024-08-31 17:44:41,229.58447213685653,42.575471170750454,8900.244496722335,2607.0289378389566,49.91618235176685,0.9123495849706507
2024-09-01 16:43:01,222.476398129845,21.2133901020565,4282.989363274561,1494.2220929336677,49.93996613409935,0.9598400810820592
2024-09-02 15:41:21,233.80027981844802,15.287186310154869,3729.3961828503398,1207.9104553266416,50.05935394322932,0.9273786274013005
2024-09-03 14:39:42,230.41219876467252,27.594225588553396,6406.487717890019,2310.276391412684,50.00030601167386,0.9307571754361923
2024-09-04 13:38:02,222.71224250267534,35.75826317790454,7977.669528961644,2284.4935847903257,50.058462295248674,0.9500044789599157
2024-09-05 12:36:23,228.45395461475067,25.238073800939,5469.522447428134,1953.5039182764167,50.023782954075834,0.9480975024489305
2024-09-06 11:34:43,226.23921797204707,12.182616331307958,2891.101279661371,845.622155053309,50.04796253195516,0.9217584878736873
2024-09-07 10:33:04,231.5958725520959,33.97844558634866,7347.120715569574,2852.1019896143216,49.95676988141905,0.9533098312826628
2024-09-08 09:31:24,236.70225223011573,46.09613104442699,10234.430035856796,3042.4342546288913,50.02317309420304,0.9693227932172209
2024-09-09 08:29:45,220.62413765177126,25.32861463789007,5544.194869777494,1621.8092527785357,49.907262699430404,0.9274331685946843
2024-09-10 07:28:05,230.5751303957371,18.65331110523308,4117.148020601029,1469.881016293362,50.128843362250336,0.9754496666169752
2024-09-11 06:26:25,229.1993360221668,27.703093837312615,6028.832401892183,2196.3973221303427,49.936572528318266,0.9187965834974011
2024-09-12 05:24:46,233.35670038225234,11.934508441951234,2865.894806406006,891.0004558695431,50.11288474875494,0.992346482887419
2024-09-13 04:23:06,231.06598314118844,42.81950337921099,10192.877480142242,2405.1069128590025,49.97663930390171,0.9417747913903303
2024-09-14 03:21:27,226.2401533413059,43.05363243800747,10372.649538480508,3044.9083473886208,50.020199901075735,0.9529123399365378
2024-09-15 02:19:47,228.4047303216669,33.52001853718514,7530.123999460954,2963.9659973678718,49.95050354491093,0.9121593285502866
2024-09-16 01:18:08,226.01987071598256,24.12411555753558,4986.976254172151,1748.420103715611,49.898400456883195,0.9487572786706138
2024-09-17 00:16:28,235.380035692993,41.99133457783134,9436.509079860682,3418.2104713219096,49.82552396123947,0.9545696435543638
2024-09-17 23:14:48,230.1065582433597,32.187480991534684,8117.587407244819,1676.8102526192824,49.894467584140756,0.94827675791801
2024-09-18 22:13:09,239.50595342876503,43.03729234200065,10506.128402433289,3084.303998232243,49.96760911467841,0.9387383784589525
2024-09-19 21:11:29,229.6966959309269,35.25835170332083,8438.447563934378,2778.985218807092,50.02118791788289,0.9310687096294437
2024-09-20 20:09:50,226.4579661654477,41.37621892851189,8446.765482575975,3091.5713808111,50.10103793132833,0.9726105323907461
2024-09-21 19:08:10,222.43142803693587,33.942519728710394,7577.373364499871,1590.1476469459114,49.955424254020315,0.950616142699959
2024-09-22 18:06:31,220.98430161872028,26.56564272862665,5327.5940772589365,1973.8084871259578,49.91180392357328,0.9808150475303354
2024-09-23 17:04:51,222.07932028497254,48.3178343970455,10878.965280849763,3369.0000063301018,49.855728521399726,0.9394703529041015
2024-09-24 16:03:12,231.33563325505742,31.644552995153788,7936.564376439618,1900.511881257486,50.048006361790414,0.9413041061325557
2024-09-25 15:01:32,232.54362511614966,34.203580741621536,8698.969383663632,2291.7525596734304,50.13831945153294,0.9663118848919232
2024-09-26 13:59:52,222.09404648983934,18.819505576589968,4213.599751095311,1080.30760803642,50.12663302679563,0.9175405007599287
2024-09-27 12:58:13,234.4751915703806,35.02603157709106,8144.0848883627405,2493.489185472471,50.070993274814725,0.9257307327969415
2024-09-28 11:56:33,227.5846947415828,32.864305979317756,8145.106376119574,1713.2183474235617,50.06385433172676,0.9719496994270632
2024-09-29 10:54:54,230.73396505992775,17.393535917880996,4152.62846499875,962.1940459034173,50.16976237797093,0.926561321415536
2024-09-30 09:53:14,238.06110314127713,12.38348389412575,2691.4882034818065,975.7683885558907,50.03320814614168,0.913618979693949
2024-10-01 08:51:35,234.48419657932766,34.174372788590844,7958.4197561173305,1802.7475951633503,50.064612967602415,0.9873705437614617
2024-10-02 07:49:55,228.65734676047083,40.54769077401282,8789.862304468557,2168.2766750764267,49.9679216138148,0.9221236470425158
2024-10-03 06:48:15,225.54403887292355,30.93605483688033,6935.305030997978,2015.913694590218,49.86379566291453,0.9536823879665633
2024-10-04 05:46:36,219.24092299335348,19.07090501278583,4143.8820347136225,1257.3539985483212,49.931615109950044,0.9513817038544854
2024-10-05 04:44:56,226.4042334037879,36.660879067721396,8436.541521898575,2975.754607944062,49.99908409614653,0.8937874336676382
2024-10-06 03:43:17,228.94434880586152,13.20422906438409,2936.436099886183,849.9998372396932,50.00607853725013,0.9446536595366438
2024-10-07 02:41:37,225.0641023642441,27.673348192078183,5810.073924541386,2079.849152627547,50.19262858548554,0.9589682649895821
2024-10-08 01:39:58,229.34371516453848,16.53467033593681,3794.9436343503353,1228.3066032193065,50.008127716759105,0.9570861876303771
2024-10-09 00:38:18,230.38425941479383,17.378362042395334,4268.107797186456,950.1659353762059,50.11788434440256,0.9680704136760699
2024-10-09 23:36:39,228.87572009095962,18.091757966328146,4276.591322501411,989.0313990732777,49.956492275842365,0.9422501737018912
2024-10-10 22:34:59,226.7499870958827,25.468282281759116,5588.2497401424835,1606.1006685641335,49.96883241142348,0.9642500888418432
2024-10-11 21:33:19,230.84327335983363,12.046008224815905,3022.9552249437193,844.5468179013947,49.86709923627765,0.9362134186383985
2024-10-12 20:31:40,232.20970324784705,25.911737637163927,6513.003945980833,2271.142141627994,49.92576719871234,0.9217906516717445
2024-10-13 19:30:00,224.54800461278577,30.468297884588033,6443.891357716619,2037.2196787923683,50.052698139136375,0.9240454324863753
2024-10-14 18:28:21,237.05466189873135,29.331771398653007,6312.7257685432605,1752.5806941220496,50.00075601803941,0.9207577908960917
2024-10-15 17:26:41,229.5070593385787,25.311364016121622,6089.495779049505,1425.867960869985,50.094293861989726,0.9701917193578238
2024-10-16 16:25:02,230.09424811472425,43.5658643228301,10681.064541462616,2620.785254359918,50.018125394834506,0.9197085298188288
2024-10-17 15:23:22,233.54107211628278,15.813067696820164,4038.565625075945,1272.5528510922566,49.964754626836225,0.955480776812986
2024-10-18 14:21:42,231.16608065631752,30.227869751254957,7532.466870354947,2144.4011279770652,50.21482968637869,0.9446815161185513
2024-10-19 13:20:03,234.76568316956622,12.481656678262173,2989.183352778408,905.6792180304772,49.99060964312869,0.9479470285309873
2024-10-20 12:18:23,231.4356208260091,12.84622715511639,2990.9441259339283,700.2861596961225,50.116300096970534,0.9772721459039939
2024-10-21 11:16:44,226.9378131267978,32.95463398708385,6772.430022392645,2252.3832455605557,49.959879079345534,0.9412314526556945
2024-10-22 10:15:04,231.80751762603052,32.64073699551284,7182.990094728559,2661.3534851338654,50.070959947938356,0.9622320312309937
2024-10-23 09:13:25,224.2813689633967,45.12134051377828,10038.137278794684,2525.473891509237,50.09280156591517,0.9507512670276221
2024-10-24 08:11:45,230.54279852888263,32.314947026402926,7641.448575756866,2279.4658513407435,50.02084919705756,0.946959621887346
2024-10-25 07:10:06,229.83385004677768,48.391640816194005,11249.388521924768,4444.694891967286,49.76455170773034,0.9959993824877295
2024-10-26 06:08:26,228.9594157136373,11.94779393599719,2868.3089762920354,764.8298503977738,50.00182524608561,0.9211731650856926
2024-10-27 05:06:46,229.35731244280535,13.920307391229642,3052.0955977147087,973.6467854985497,50.123046004776,0.9757826367087489
2024-10-28 04:05:07,220.59075477251181,11.762634462815257,2628.43528959688,573.1017701946205,50.052748083302774,0.9631281313097994
2024-10-29 03:03:27,227.2563754612952,17.4110740133416,3630.8516662236684,1166.2404495465391,50.044583887522926,0.9404095001073642
2024-10-30 02:01:48,230.46422450570557,31.650804437667123,7168.426836903804,1562.189129219981,49.82777430660425,0.9825863703488322
2024-10-31 01:00:08,230.799281959987,35.82288725709712,8681.55743955469,3401.84299387494,49.92795449293249,0.9130377977522293
2024-10-31 23:58:29,224.8616242953702,11.823406317946752,2761.4666250612745,947.5490307123603,50.04113576311514,0.9395646668540185
2024-11-01 22:56:49,236.3285392043235,47.83883559382397,12415.092298603151,4440.03376287109,50.04103832767869,0.9258303559146184
2024-11-02 21:55:10,225.6691257589275,43.68661506601524,9420.778379447498,3210.7979036559273,50.12146667801329,0.9582416692974292
2024-11-03 20:53:30,234.8472860026337,21.864499286283724,5132.958793236574,1632.0027269184397,49.98551332448539,0.9277387179762564
2024-11-04 19:51:50,232.13597180935844,13.087501209058718,2934.499770035869,850.9537445334967,50.04058240866738,0.9586612789348263
2024-11-05 18:50:11,226.768863450781,16.79548292876229,3763.447679171865,1398.778196619309,50.00163742419313,0.9462712716835688
2024-11-06 17:48:31,238.87655446304757,15.077776550198907,3858.8547175780154,1510.2289094446949,49.90130572634985,0.9404129211468782
2024-11-07 16:46:52,224.0318158412176,14.931351171957875,3468.3371873531237,1039.8325807341464,49.77442086689052,0.9577729449206661
2024-11-08 15:45:12,234.59577086805,30.742467546629356,7763.690091010701,2999.167904313315,50.04310096921301,0.9446275675212387
2024-11-09 14:43:33,235.0029115902149,19.833897699736013,4384.635356998192,1388.4674918068981,50.01739472084128,0.9282273031388192
2024-11-10 13:41:53,226.64689895461677,24.325588661165778,5925.011041840386,1822.988658790802,49.93818249578998,1.0
2024-11-11 12:40:13,236.96232650032164,49.580213335372896,10714.203551555236,3116.72481262121,49.838082694348415,0.940256656339417
2024-11-12 11:38:34,228.74976742700522,37.372569957013795,9213.391146334276,2228.3282310904005,50.062973951440874,0.9056478183969596
2024-11-13 10:36:54,231.44346814639928,47.959226681880054,10720.398679511154,2152.054985286661,49.97340799258045,0.9331580262055722
2024-11-14 09:35:15,231.3016091938561,15.702262201324624,3497.2765104230593,868.3781129455331,50.05568747223681,0.9246544662325453
2024-11-15 08:33:35,229.32845629264727,25.28557899330277,5812.722409702773,1755.1203424055177,50.186404853041175,0.9665229123208102
2024-11-16 07:31:56,234.05404136579892,32.189272131294175,8198.063782173072,2262.599941093992,49.78585691196803,0.9564330531918317
2024-11-17 06:30:16,233.96744360276105,13.07032247554952,2781.4503117233476,805.777937790918,49.93003991912976,0.9579742560358069
2024-11-18 05:28:37,221.2573401338091,10.167497745118315,2183.1482769487807,864.809749556585,49.979062438668805,0.9425995506832551
2024-11-19 04:26:57,236.52170121439076,36.8173733518767,9329.12124114738,2519.3709309091305,50.145482617414665,0.9444129950588616
2024-11-20 03:25:17,221.68754005982163,35.672780672057414,7743.8063694117145,2249.084699073566,49.83635969807935,0.9425813779278466
2024-11-21 02:23:38,235.16273102170828,26.43155239998447,5841.724987645188,1324.3372240444357,50.19358610256806,0.9483761363172906
2024-11-22 01:21:58,235.6335256841379,29.585763041281304,6866.539721883758,1439.1686793267613,50.01358559015663,0.9667066687072967
2024-11-23 00:20:19,224.545167848924,26.617720023683585,5840.0726081012635,2073.7040948667977,49.990399933826616,0.9567215082501069
2024-11-23 23:18:39,227.9459285602271,10.960201793795555,2705.9030072300184,850.0232653665722,49.98019402367811,0.9600022565924173
2024-11-24 22:17:00,224.47147665757032,23.414864248698496,5531.312953478735,1947.8018601845722,49.956373696781995,0.959991178164984
2024-11-25 21:15:20,228.92539484855632,17.083290215891594,3914.800140000097,900.2966092123953,50.10481167592692,0.9676888487476347
2024-11-26 20:13:40,228.45982857907129,13.93696756405475,3495.035232973037,1098.719387096844,49.89314792459176,0.955763000830805
2024-11-27 19:12:01,233.8983026613467,48.268817355573994,11211.591155095763,2811.0653753956267,50.03454141816439,0.9571769614535783
2024-11-28 18:10:21,236.55154373059804,33.974389001686625,7326.632676122257,1799.5115671995509,49.9615818334293,0.9737761248238631
2024-11-29 17:08:42,236.97841905394978,39.14625136946411,8835.749250222589,1787.5180440498616,49.92378665514859,0.9366990816399378
2024-11-30 16:07:02,227.1891598671085,22.6145497306447,5072.08938536596,1146.6378371723138,50.25859751756839,0.9328851484009698
2024-12-01 15:05:23,228.95389063127737,25.72588517976061,5485.86994524938,1436.4949166299186,50.04190507347535,0.9262815680162628
2024-12-02 14:03:43,221.58280903889525,19.47695975586894,4702.076139307442,1050.3297941347848,50.06132655446611,0.9536582912724051
2024-12-03 13:02:04,225.97064966751907,13.87862683861699,3303.538615080876,1312.0720083963633,50.11377767806687,0.9129253551756175
2024-12-04 12:00:24,234.8242581654873,17.16126549766335,3843.1264176037603,1005.8481404962344,49.85786500546814,0.9592430819211935
2024-12-05 10:58:44,238.07791411774116,41.90056181185943,10156.764267594317,2296.086774534478,50.175229190912205,0.9478161381099889
2024-12-06 09:57:05,223.8282556406004,37.10183220735104,8672.240560124508,2079.746053646904,49.74910428215049,0.9726927939964211
2024-12-07 08:55:25,227.03767870423553,31.877155039419076,7876.050231167892,2500.966075720979,49.92312335899615,0.9365616537907001
2024-12-08 07:53:46,229.86797121520536,29.00359491467072,7175.869906357395,1527.0875803911626,49.95409683268211,0.9459336342916498
2024-12-09 06:52:06,231.40080579409803,46.89737134624498,10885.062998755535,4054.5425675237916,50.05817233649705,0.9724440666658674
2024-12-10 05:50:27,225.95198240039176,12.909397911146737,3077.13111740163,1207.1583399507886,50.02187182661415,0.9776627129355631
2024-12-11 04:48:47,232.12030522232044,21.224032529516638,4987.76049405223,1243.6955061732558,49.98331852593016,0.9363969526849636
2024-12-12 03:47:07,227.6308032646454,23.997514142828564,5520.153194472668,1600.9496058403067,49.99880026553723,0.9536356246517431
2024-12-13 02:45:28,229.9277386456086,41.29703248851151,8763.702590991179,1791.5364673657102,49.90219769764774,0.9558883795536809
2024-12-14 01:43:48,232.7314212400185,49.70058480647885,10702.002990598023,3511.777146347096,49.85027676055158,0.9574730681124229
2024-12-15 00:42:09,230.0321113490547,19.626820590286123,4541.466646445205,1284.259606637116,50.072651162233605,0.9447484868136875
2024-12-15 23:40:29,227.81807054736717,44.972293365483225,9771.875243459708,2482.1705765288407,50.06937061125362,0.9756276679624727
2024-12-16 22:38:50,229.45195098037084,43.22491041727165,8967.96499170128,2164.574591739134,50.158449437515706,0.912205930327569
2024-12-17 21:37:10,229.55818520397332,18.986295905670666,4552.706766769982,1506.0564116101502,49.92099829031848,0.9415773953039783
2024-12-18 20:35:31,228.14994485058935,25.973303207968904,5371.728789964014,1521.5067596867289,50.06928152103009,0.9589586146554588
2024-12-19 19:33:51,228.7060196866645,26.386914771700766,6149.842466682314,1450.9437583784838,49.97162932716353,0.9591444962389868
2024-12-20 18:32:11,237.99323585252358,49.12882674106233,11783.981792569053,3980.886132380755,50.11904749851935,0.9770551806122952
2024-12-21 17:30:32,232.8045972397062,17.235676055155935,4388.772595269512,1373.749269081466,50.102196277667815,0.9739645078640257
2024-12-22 16:28:52,228.5225984098542,41.96631884419128,9559.97223286223,3553.7706470245935,50.02112093992245,0.9442891674938555
2024-12-23 15:27:13,233.48477202255367,23.367708566924396,4979.805636317277,1112.962555934775,49.9660469843334,0.975997424870612
2024-12-24 14:25:33,228.33090255121996,39.23481383104642,9051.129996830434,3232.460109039547,50.096093217860826,0.9357191651244509
2024-12-25 13:23:54,235.8656231879332,26.800440171826516,6752.536939608023,2260.0967844075335,50.06469045232566,0.9686177476558367
2024-12-26 12:22:14,231.84821096099046,33.1343905246616,8445.523227243208,1883.370153122382,49.93155595979138,0.9862104495684199
2024-12-27 11:20:35,229.46348927997886,43.304470933045245,9798.361881015564,3321.293366946009,49.86722013265206,0.9742988821370994
2024-12-28 10:18:55,232.2385846290514,42.166622599355364,9440.764048153864,2721.861563714075,49.97114670993182,0.9521154076704824
2024-12-29 09:17:15,222.1456192396575,44.65692734158801,10727.168634460188,4172.835957223383,50.15154138153482,0.9433644245645575
2024-12-30 08:15:36,224.36616265545098,12.384693013786361,2607.1165745595754,595.2627747802536,50.1146487158733,0.9194281740748143
2024-12-31 07:13:56,224.03037496800474,37.682022121589796,8636.805822066211,2837.7665988964286,49.888767253032945,0.956210792758284
2025-01-01 06:12:17,230.71471547381853,15.599495068870514,3531.165685339178,976.0001028724464,49.88322425841001,0.9276956554405815
2025-01-02 05:10:37,238.66257499742545,26.632742720736438,5772.84092699244,2259.2759633852497,50.12746838496795,0.9341373067277212
2025-01-03 04:08:58,241.15650073096316,31.94353660218754,7468.112173914921,1986.4803413037073,49.886436409524215,0.9261850839852666
2025-01-04 03:07:18,233.19025550720377,26.10957938987323,5802.618284950139,2277.163167377728,50.0509295323642,0.9407921533468668
2025-01-05 02:05:38,232.50422237472227,30.7844670321203,7423.908746481096,2823.291488259381,49.93839287846637,0.9494406117102603
2025-01-06 01:03:59,220.9947113292363,49.861052351944764,12008.07596131759,3050.9716779189525,50.16170449245217,0.955472291623314
2025-01-07 00:02:19,227.28663100132988,15.408692548514189,3339.721261787081,1204.6653637176944,49.922957520086214,0.9379898672917207
2025-01-07 23:00:40,226.0610812404588,37.018241813457024,8889.67707198999,3548.0553835079027,50.11433615302058,0.9713856741279037
2025-01-08 21:59:00,226.8957620087444,25.840038655424607,5341.610603824766,1338.2475950834178,50.018485865406035,0.9458358948402006
2025-01-09 20:57:21,229.15928090707604,15.32039195629315,3537.5771286001423,1016.542010618606,50.02521948542343,0.9342455513346896
2025-01-10 19:55:41,227.63954711151436,16.349470534972383,3402.1219101284737,1034.3680382458028,49.80296914186486,0.9545258453448687
2025-01-11 18:54:02,220.10350094812105,47.97092424982468,11475.121773537016,2971.8984943387886,49.779708664679426,0.9892710566708762
2025-01-12 17:52:22,233.73955128058768,45.184059868470484,11123.905134640032,2258.741952551592,49.97794340597327,0.9567032113307024
2025-01-13 16:50:42,224.63628487130097,46.281678416600876,10724.970946826234,2617.170139078305,50.024690606341665,0.9427428874525278
2025-01-14 15:49:03,231.19623432055576,49.66131103309546,12225.271888257672,3134.405390932786,49.887480217226226,0.9194507728776259
2025-01-15 14:47:23,240.37041334874988,18.332615600340716,4536.631078416061,1309.8158539584465,49.89113065895236,0.9456117535805586
2025-01-16 13:45:44,225.40307704206788,24.21757349456247,5970.682401959408,1398.4561917507892,50.05614726298261,0.9546985625017622
2025-01-17 12:44:04,217.34856238626836,36.76876119699467,8333.612253966507,3122.1950923443737,50.05628544804571,0.9422483821748886
2025-01-18 11:42:25,228.56997889059946,29.35210159442589,7278.816949094876,2481.9472099250784,49.986225893961205,0.9166923072351799
2025-01-19 10:40:45,235.50479817499286,26.73558133513334,6317.931390410508,1371.2444324125327,50.078020172118606,0.9329886922099313
2025-01-20 09:39:05,239.79173727110296,24.31244997342372,5383.427495390156,1776.6306142804888,49.88257977042799,0.9790907692177551
2025-01-21 08:37:26,223.8522520277379,33.75122527773809,7597.865946024406,2512.8520457009954,49.964406508291304,0.9786800200746092
2025-01-22 07:35:46,232.4834961161826,33.02373714560328,7104.539044151461,2779.6099414293894,50.16478776057837,0.932267216615908
2025-01-23 06:34:07,227.67344771609973,16.458313362569605,3816.4377975019315,765.5933530253952,50.006832212993984,0.9634551357439884
2025-01-24 05:32:27,229.4702582284793,28.86959350073756,6601.5173853983715,1647.6495526391634,50.0126312514587,0.9264285443045965
2025-01-25 04:30:48,243.22171673508518,32.138871048393995,8008.502614413097,3087.7446205241013,50.23059465859677,0.9780863256398991
2025-01-26 03:29:08,222.48514835802425,32.81147754925562,6584.7285312181275,2544.515463771453,49.86006578341512,0.9549047169578847
2025-01-27 02:27:29,231.26869830747287,18.40428771649407,3996.5634037869604,1375.2865433419067,50.07964303666421,0.9689928299723306
2025-01-28 01:25:49,232.33846585882716,39.69085569009147,9205.722866744763,3251.025556365303,50.16639862798081,0.9156981330563492
2025-01-29 00:24:09,235.42893162469673,11.007963792842785,2825.097544425946,616.7091648459628,49.96751420735014,0.9635527420384977
2025-01-29 23:22:30,230.4899157673545,24.193274221726504,5446.499422290066,1649.0647719077083,50.08596307868549,0.9498465187263099
2025-01-30 22:20:50,231.54025269752051,41.208505941425344,9397.108107156604,2314.6637024156075,49.90179805027891,0.9670385814158168
2025-01-31 21:19:11,228.04175716289103,32.55571684221609,7742.846327130922,1829.197958106894,49.93132676044326,0.968297355961957
2025-02-01 20:17:31,231.34563470622552,20.44649730043441,4828.400159489982,1748.1737476424678,50.038496641604766,0.951315693789495
2025-02-02 19:15:52,228.28403862251295,37.79812477372191,8281.707045103674,1880.0106666017275,50.079856667311056,0.9379834072180817
2025-02-03 18:14:12,233.10785944928026,32.69563776624294,7485.665600369467,2198.7670075980295,50.11209365124063,0.9655939236435899
2025-02-04 17:12:32,228.15194831978184,41.84974437825549,9009.014566019223,3492.9359195596953,50.15696285869395,0.9487969100118974
2025-02-05 16:10:53,231.88550196951093,39.40100744759293,9988.085489210594,2368.838389366594,49.99325534414448,0.9325443009294471
2025-02-06 15:09:13,229.85368593157511,34.40431688144939,7323.77341034446,2897.275128522057,50.119361175517255,0.9315969553708462
2025-02-07 14:07:34,235.63025125386085,29.52710701243256,6779.14105163781,2703.9119106121752,49.96576951565508,0.9204567116737523
2025-02-08 13:05:54,229.74303138205758,15.327285026700936,3187.4007777978973,991.6750657580886,50.09020913115883,0.9397941768087387
2025-02-09 12:04:15,221.13483765896558,20.45332071541535,4271.266725328821,999.5983500007566,50.020748879785216,0.9720538409214875
2025-02-10 11:02:35,236.30960750356996,26.76397891668341,6679.3580837849295,1758.147164475376,50.04456779070819,0.9535565959941087
2025-02-11 10:00:56,225.4713384956869,33.97197148025555,7201.923914866021,2051.817799641676,50.042350787402206,0.9394046458815392
2025-02-12 08:59:16,226.7311683067559,30.548314208612194,6344.537381229867,1661.4112971181096,49.839529499020216,0.9660971187636016
2025-02-13 07:57:36,227.02169352978254,21.52738103838118,4862.212106112289,1245.3443639987454,49.88758781411392,0.9333504675655322
2025-02-14 06:55:57,236.8721904658541,10.258574311588422,2191.818861614517,864.5540552193854,50.010254143981754,0.9519070054866555
2025-02-15 05:54:17,219.32162893010653,29.849568876032556,6002.977433737582,1384.7246063686725,49.83127209203588,0.9464073925454897
2025-02-16 04:52:38,245.68874266829997,21.425039542489724,5587.752837694522,1937.0815881175517,50.08312111031997,0.965582612511767
2025-02-17 03:50:58,235.28028404533026,39.384332028421404,9769.47060305759,1954.695782734471,50.08715559662881,0.9184554325816099
2025-02-18 02:49:19,231.1161945706458,10.957850610819339,2742.807596310388,875.6043901471664,50.032717055287776,0.9329960450837068
2025-02-19 01:47:39,229.72552999691857,33.393112452231634,8215.165796237285,3147.95788672469,49.88788659872421,0.9172350868181093
2025-02-20 00:46:00,231.4277703742883,47.65896950024262,11433.68001977895,2945.1652636851486,50.13801389388685,0.9448080655638146
2025-02-20 23:44:20,232.6056121418967,16.97637068445998,3595.2495734155,852.4523513636619,50.203721063971834,0.9742285500726485
2025-02-21 22:42:40,233.2260779297503,28.865979630023816,7113.143520461224,2349.7270861632414,50.0147076827446,0.9398910558069294
2025-02-22 21:41:01,232.77802233001725,13.656879672685527,3398.698696586746,1164.1232341515351,50.05105353784512,0.939786321236087
2025-02-23 20:39:21,230.44790340627625,35.027276490454106,8554.798398043662,2888.152155875844,50.020173865479606,0.9674344884836826
2025-02-24 19:37:42,229.01330789846338,32.02126722384902,7345.732185735626,1938.2696937514634,50.05303691889988,0.971370991169106
2025-02-25 18:36:02,229.24363358173244,26.294620968513293,5705.867617747919,1428.9802274694166,49.988044124337364,0.9482285786546242
2025-02-26 17:34:23,229.02545859823658,30.85508085894965,7554.660739006559,2955.260593351616,49.99654357601562,0.9636942970809979
2025-02-27 16:32:43,235.66885048433534,45.86298633876041,11299.534083378216,4346.477669248126,50.090571760049734,0.9284609091824411
2025-02-28 15:31:03,232.96778361140431,17.85177209244268,4558.774132364403,1328.7154527688751,50.23456241618965,0.9775594866785082
2025-03-01 14:29:24,215.2980568266786,10.90258046821389,2185.6655338984374,807.0324604296638,49.85999287655983,0.992974125878741
2025-03-02 13:27:44,233.2795038826488,44.46659538796404,9804.00108263882,2847.716189413683,49.9896187515597,0.9604243158237744
2025-03-03 12:26:05,230.97368097359387,33.08468329551626,7201.221182887181,2051.468073923127,49.88195395147679,0.908313367573144
2025-03-04 11:24:25,229.9064562177705,45.6263382184737,11103.52586000505,2568.8294605128867,50.159202489857606,0.9388353947520442
2025-03-05 10:22:46,228.05740773455557,33.877808936526904,7242.289099793841,2066.0890069623465,49.94122620306801,0.9622565064333863
2025-03-06 09:21:06,235.62056359993008,42.4064435983881,9125.857866192198,2806.0496925476355,49.85567992062142,0.9415703400566727
2025-03-07 08:19:27,234.7376323106143,27.186934534205918,7018.139378637586,1435.215577030921,50.063818699884855,0.9754439710850019
2025-03-08 07:17:47,226.13561166088195,39.99439725153075,8184.631890666974,2363.9066711771106,50.17443111147431,0.9617631452887173
2025-03-09 06:16:07,232.0352614356227,46.52165867559424,11518.434713377748,4103.687060570917,50.066359786856076,0.935870489984684
2025-03-10 05:14:28,225.14171632729358,32.88491854888825,7204.408496162333,2420.7476164973623,50.02047978772819,0.950645296215425
2025-03-11 04:12:48,223.10190917605536,17.231406022495182,4107.01811458176,1343.123874689829,50.040914092277596,0.9321233355872182
2025-03-12 03:11:09,226.86641387705018,20.751904601207926,4759.339851294703,1817.644649763462,50.14148406628256,0.9463483024317512
2025-03-13 02:09:29,234.3119673619138,17.94578307589623,4542.676512635486,924.9180200288341,49.91258007299859,0.938908135191349
2025-03-14 01:07:50,234.76562522688045,19.87428110382932,5063.504108496127,1576.823369961671,49.98881528959137,0.9734952360046607
2025-03-15 00:06:10,232.56542710048646,22.256617974041454,4667.926533823243,1668.6426229380177,49.95473098514905,0.9923202411366199
2025-03-15 23:04:30,233.62547893424,32.20535147012754,6885.071696894603,2122.4409237717414,49.88321346927083,0.921376233335285
2025-03-16 22:02:51,232.58089143557478,33.51966517855331,7406.791261015532,1961.1636018699362,49.96716247405832,0.911535674275805
2025-03-17 21:01:11,226.79259202388525,27.059989889674444,6344.823166950986,1441.8617817713462,50.110772109598244,0.9450965515629722
2025-03-18 19:59:32,232.1596127233697,34.616831192833416,8660.710129554069,3269.5273232501368,50.056660214839276,0.9196316860234263
2025-03-19 18:57:52,234.00204762613842,13.262997024454638,3078.703882064056,905.6083774075064,50.06443105001082,0.9509242320734183
2025-03-20 17:56:13,233.77145664906786,13.511529482326399,3226.1871980725655,1211.830241004161,50.01464756116533,0.9649787222761185
2025-03-21 16:54:33,235.94456685737322,16.873178414306338,3733.1099589376227,1184.0320703315253,50.05233237827286,0.9798828379453365
2025-03-22 15:52:54,233.5415192360053,30.72309992161379,7612.754122472616,2549.0425875144006,49.91994096576519,0.9540278911743055
2025-03-23 14:51:14,231.75724103770793,18.559787147932543,4703.394825939609,1697.2305156294858,49.96904901140728,0.9461368955030084
2025-03-24 13:49:34,235.35075119158213,21.331376139703092,4788.0122791604135,1588.8114241165053,50.019200423696866,0.9104323016685383
2025-03-25 12:47:55,229.8673937037547,26.012513446919762,5973.241099059668,1670.1837266165496,50.02775158588819,0.9505237029837159
2025-03-26 11:46:15,225.5906267438614,42.47464496041519,8788.724477608088,2660.5813542916994,50.032018785492184,0.9514257452109892
2025-03-27 10:44:36,229.18466518028117,10.554485436514405,2447.53565258657,882.6036409761749,49.98616647179836,0.9627791362842548
2025-03-28 09:42:56,226.27548677596775,35.975152809464895,8144.826821469979,2237.628755443774,49.962257659886966,0.9358302379694181
