date,dayofyear,month,is_weekend,is_holiday,season,temperature,humidity,voltage,current,frequency,energy
2020-01-01,1,1,False,False,0,26.165561867580813,59.99196877323988,235.4543083530185,8.42825753852626,50.7465015522216,2004.811931111804
2020-01-02,2,1,False,False,0,25.067687513885087,68.82268376408061,227.6853024398737,11.991701774482495,49.91993493020103,2781.1038617255786
2020-01-03,3,1,False,False,0,26.811573748433922,53.512342045723905,229.25029640460446,9.99061701663773,50.309180283129834,2231.7603473054587
2020-01-04,4,1,True,True,0,28.734083980839248,45.115382243834446,222.83424092737644,10.903994250746159,50.72780023962865,1995.1796468968487
2020-01-05,5,1,True,True,0,25.391341237927794,55.99501534154782,227.376687964666,9.421802725992713,50.51582688728759,1681.4450243118215
2020-01-06,6,1,False,False,0,25.562743060575986,62.588814236595354,232.46827423821574,10.617314994559646,49.29554044865474,2486.311387908538
2020-01-07,7,1,False,False,0,29.36050608000831,66.53559701233263,236.480315308907,9.057779371173313,50.22244794750494,2116.4918240502966
2020-01-08,8,1,False,False,0,27.907657179438466,50.25692031322667,224.46421591598775,10.863904154599465,50.42535969723032,2447.666259234216
2020-01-09,9,1,False,False,0,25.604139434772907,58.550038320311074,228.17247031507367,10.10695237760701,50.445931511080374,2350.7221730839124
2020-01-10,10,1,False,False,0,27.798051528986704,53.403029407303805,229.2435038988374,10.54306993648,49.44335258294269,2355.5795902247414
2020-01-11,11,1,True,True,0,25.955431712807517,54.86414482386708,223.02105398903757,11.26265415965983,49.67148238149134,1975.4519062837412
2020-01-12,12,1,True,True,0,26.119585491545678,68.28127312546647,232.956746208792,9.382773188385578,50.49727911787081,1757.8723792722221
2020-01-13,13,1,False,False,0,27.703139673173723,47.211838503464094,226.38004834128697,9.9812728083997,49.619119814658674,2379.640203924615
2020-01-14,14,1,False,False,0,23.560167170743902,55.66408480348855,229.02304824411488,11.173342579104617,49.85015197166784,2515.793490933958
2020-01-15,15,1,False,False,0,24.103697286135805,56.40420947335735,227.74025314044061,12.864281359895308,50.78793790475098,3031.7213876722553
2020-01-16,16,1,False,False,0,26.59500651685911,59.1667908059802,226.05330747140164,10.677792137940836,49.97610037480761,2513.971394457413
2020-01-17,17,1,False,False,0,25.859162088137243,53.90174612286387,229.96477507259723,11.45658341656576,49.63661293108308,2629.745070955913
2020-01-18,18,1,True,True,0,28.67770691175344,54.62800644410584,228.92195210715988,10.807792204110386,49.56119132156855,1964.4050851568
2020-01-19,19,1,True,True,0,26.39664846588122,50.807482548295695,228.14071058860668,12.906054579833393,50.166359664792594,2320.9139102575905
2020-01-20,20,1,False,False,0,25.55062159327055,53.79147540214624,226.35769189159828,9.265347031817084,49.333425995761395,2093.8724421801526
2020-01-21,21,1,False,False,0,31.468058759606823,50.41223308938361,231.59762335391477,11.155649411198473,49.87633201805179,2513.285918975087
2020-01-22,22,1,False,False,0,28.24569282793366,54.92074027296783,238.26808634246143,9.483629595109958,50.16661526749501,2255.8343243415525
2020-01-23,23,1,False,False,0,28.99169047181192,49.65194152039074,230.69943616419565,8.650418648194105,50.649574910273834,2070.490718415166
2020-01-24,24,1,False,False,0,26.16538351963282,53.07512628250103,234.98059107455563,11.501926020735736,50.333774040185,2672.175121724459
2020-01-25,25,1,True,True,0,28.083170577072806,50.73555206140593,223.04889037423268,11.39107860398441,49.64296744100891,2020.5777390280562
2020-01-26,26,1,True,True,0,29.549601104924044,56.20706110038356,230.78880719646884,11.013489839909093,50.58920965878186,1948.3751228650767
2020-01-27,27,1,False,False,0,27.1803062625595,50.017577239883764,224.51315840514468,11.238493935181477,49.85024248122626,2541.892873511209
2020-01-28,28,1,False,False,0,30.38689874571985,41.11000139005008,222.6153753623405,14.48895024677981,49.3821484889753,3238.687182040732
2020-01-29,29,1,False,False,0,28.586061021320276,55.9883596832529,226.3031429627048,11.178026382315931,49.91397932036726,2532.807620426417
2020-01-30,30,1,False,False,0,29.354368002013217,44.85673753244824,235.95949667206787,11.991451011730007,50.71908460057285,2818.655392584464
2020-01-31,31,1,False,False,0,28.883296214062252,45.826359535942885,234.75007914334822,10.876648011942432,50.08262002503246,2538.656085679204
2020-02-01,32,2,True,True,0,33.93871244267338,45.82990828157901,231.215023610272,11.865479397137255,50.00626093216489,2219.8766908500625
2020-02-02,33,2,True,True,0,30.35305726590713,55.3967451077676,222.33649720055035,11.37578183955928,50.81860582235143,2021.960359620764
2020-02-03,34,2,False,False,0,28.408931273764395,37.56592388425705,229.01859674306033,11.246787456773129,49.28432257647279,2591.472074795401
2020-02-04,35,2,False,False,0,32.31210738711756,63.65626140380152,231.50850004450868,13.519003801073678,49.357200442973614,3140.513432955306
2020-02-05,36,2,False,False,0,28.36631543459596,52.974592046063705,230.877681147893,12.919585783545742,49.192076764516585,3039.015371451113
2020-02-06,37,2,False,False,0,31.364994059617146,48.54093827872911,220.78103208259628,11.92092670828152,50.186324093240025,2665.764206904134
2020-02-07,38,2,False,False,0,27.165428453391712,46.88443573218729,225.54841075990063,9.521218674401412,50.08324656355756,2157.138832666236
2020-02-08,39,2,True,True,0,28.564095386611815,48.32464323010658,229.67961117925643,11.505131022070033,50.771368183639886,2189.9163173049665
2020-02-09,40,2,True,True,0,31.74804548064002,49.24433485762602,232.68145454758596,14.609324467075616,50.12173753856838,2740.4685200182607
2020-02-10,41,2,False,False,0,32.963228770340635,49.61060974020996,219.01936089450027,11.715227016465235,49.79792142026035,2631.1096683197197
2020-02-11,42,2,False,False,0,31.95908274480272,48.912397792277694,229.1893801226007,13.088121426780493,50.000897436439054,3030.005567192481
2020-02-12,43,2,False,False,0,31.513139623552973,46.33623120413269,230.71524384939477,13.465273258451436,50.058853709230476,3014.5478493757805
2020-02-13,44,2,False,False,0,31.26832028105809,44.659769624944126,234.24805994258105,12.280122217526975,49.164119363335914,2941.836543479447
2020-02-14,45,2,False,False,0,29.037539289781616,44.65248250000269,233.46428792118718,11.256553349286788,51.35516582216745,2634.762024205228
2020-02-15,46,2,True,True,0,30.67687780602833,44.20101838126468,232.91285659404403,9.699657535062435,50.259935509050955,1804.7422170352295
2020-02-16,47,2,True,True,0,31.315162841039548,50.615513933695155,226.00029746649034,12.855095323496691,50.1050041540113,2338.2717110307517
2020-02-17,48,2,False,False,0,34.468414682077686,47.69001135559345,220.45998931438345,11.391495066068408,50.30758199213929,2494.1197224424395
2020-02-18,49,2,False,False,0,33.156957456102475,29.80037599933778,228.034736214693,12.417066714977357,50.354705490293306,2842.8739759295536
2020-02-19,50,2,False,False,0,29.056977774060158,47.56650678107451,235.0081591260428,11.025097085846323,49.92972325724878,2561.3939670134887
2020-02-20,51,2,False,False,0,33.34231620762897,45.050023697941555,236.96727263762216,12.04300694018161,49.68437943187965,2917.5121219075104
2020-02-21,52,2,False,True,0,32.03279394987512,43.77685729135162,233.55274551148892,12.37460660811338,50.29972534316085,2306.4192726785423
2020-02-22,53,2,True,True,0,31.555612566955855,41.72664670563725,232.14670411400868,12.64143055131463,50.19285542026573,2328.60395808294
2020-02-23,54,2,True,True,0,34.2369634594285,49.09347962545188,231.89819824192983,11.289261077171615,49.59505495045529,2048.121151837113
2020-02-24,55,2,False,False,0,35.17738963506551,48.01912272224155,227.2194062661961,13.631528125783436,50.70951780568363,3110.7865166988972
2020-02-25,56,2,False,False,0,35.07732577125654,39.23063051382069,229.3496985322319,11.867534875175272,50.14667601816149,2731.1709009484516
2020-02-26,57,2,False,False,0,31.633271217212805,44.948818040626136,238.34534762913165,10.819042418644178,50.36490968113382,2598.0896569699435
2020-02-27,58,2,False,False,0,32.78775930464236,37.87887376629534,225.28720997104062,12.41283179693997,50.69596044383996,2745.0896489971683
2020-02-28,59,2,False,False,0,34.16069777808241,35.66778280186891,238.07389395354926,12.583826583609044,50.01094441058242,2915.821535655415
2020-02-29,60,2,True,True,0,35.53872983700275,39.266169797579465,228.38985922753972,12.736881307999168,50.158476003492055,2358.4591882707778
2020-03-01,61,3,True,True,1,32.71621507160539,46.55082090932393,236.6271605454754,13.96450146787387,50.40501361925306,2717.736357714719
2020-03-02,62,3,False,False,1,33.3875990981148,46.84883941218225,222.9659249525123,12.39122627869687,49.637569458099975,2711.5035474060296
2020-03-03,63,3,False,False,1,31.628005151421583,44.49831105399277,232.92952100582323,12.53258290546132,50.027025831423,2998.6805973129585
2020-03-04,64,3,False,False,1,31.527400216434145,45.413386332355664,226.3161493202619,11.572759658145552,50.062774293325575,2633.297955777191
2020-03-05,65,3,False,False,1,35.62136034131083,44.22921891438692,222.92366404037907,13.519446111844626,49.5219707241583,3013.451317821319
2020-03-06,66,3,False,False,1,36.782618185168005,38.30677758002337,231.09267021205474,12.905350502486012,51.15881839433694,2962.4544728146857
2020-03-07,67,3,True,True,1,33.99725963869267,43.54513410261012,235.04735894297986,12.32235623726184,49.2963532782538,2247.8439306471105
2020-03-08,68,3,True,True,1,36.2167786729504,45.264420700229785,225.7752928070325,10.858239169684442,49.35094804815642,2010.6041281196656
2020-03-09,69,3,False,False,1,34.99868888588723,44.91623378125946,222.504920197708,14.227037245792676,50.65711328785179,3126.8054689530386
2020-03-10,70,3,False,False,1,33.04813277901901,46.97733525712978,229.54077617832522,11.573831722012718,50.35663312539827,2617.6759830412416
2020-03-11,71,3,False,False,1,35.12135179043578,44.46789930339641,229.5628233561141,12.22829016445598,49.48701759125961,2856.7571304646635
2020-03-12,72,3,False,False,1,37.532037007203364,42.58288469796199,232.74159813777248,13.19513367335743,50.30364450755085,2976.9073264451586
2020-03-13,73,3,False,False,1,34.43891308473163,46.081340220299154,234.74797285682243,11.656611620268775,50.733925222498655,2660.1860577039665
2020-03-14,74,3,True,True,1,37.69163557754707,40.50863804327342,229.70292409363753,11.375194701522574,49.98486847120151,2089.425675883946
2020-03-15,75,3,True,True,1,29.371807630543515,36.14826281128018,239.27751657397133,10.759441768916236,51.29941145003729,2074.2582264010703
2020-03-16,76,3,False,False,1,36.301204385298995,39.664454167633814,231.12117372267645,13.618216765870201,49.13796909456598,3171.6949753361982
2020-03-17,77,3,False,False,1,34.87473335499141,36.68321294305796,228.2678674699655,12.3650055208282,50.34691172692955,2807.4435168239906
2020-03-18,78,3,False,False,1,34.14298985079247,36.96557758552845,221.94216320448587,15.849571457990592,50.5832641681105,3644.2066586825936
2020-03-19,79,3,False,False,1,34.96200496812757,39.5584436471458,228.68670239841916,11.939189958886097,50.44567195080263,2718.9393530676875
2020-03-20,80,3,False,False,1,30.837926873514306,36.26434859035338,228.31806527294432,12.022468387385906,49.89782213667718,2733.407414407949
2020-03-21,81,3,True,True,1,34.405394391845896,38.637911071935704,234.80152398140734,12.388028479970876,49.85477925899443,2287.133039537097
2020-03-22,82,3,True,True,1,35.58771956696335,30.666789679882786,232.31241812033426,13.205182982320448,50.22207258554363,2460.3777331015344
2020-03-23,83,3,False,False,1,37.855113040356564,41.164362314850734,224.1031543918369,12.499594146476749,50.407877243326034,2831.9465384455184
2020-03-24,84,3,False,False,1,33.88568165763202,40.07284934172772,230.8612719320552,13.58899884225631,50.30123671814118,3197.3524597331902
2020-03-25,85,3,False,False,1,33.32519186315315,35.956213627351204,233.35765585864527,12.004065330693201,50.520028945396696,2726.776333122588
2020-03-26,86,3,False,False,1,33.95567587430272,43.318634030461354,237.64015679693915,11.606165269977957,49.49056502146663,2745.7911676509666
2020-03-27,87,3,False,False,1,36.8040539664857,44.696925074385646,234.43751983707028,11.193760179915358,49.88611451043818,2646.5725547707716
2020-03-28,88,3,True,True,1,35.64185643087501,31.96386750506037,233.8042332715574,10.771732095529497,49.52999203393812,2044.134127611247
2020-03-29,89,3,True,True,1,33.93297970486275,36.18656131244512,230.3004299730758,12.479681014243994,49.80694361195693,2299.5881556960053
2020-03-30,90,3,False,False,1,36.02421988602562,36.15891821146569,231.94156002711725,12.69832519354645,50.507610445907154,2972.3905535994145
2020-03-31,91,3,False,False,1,35.19406249605798,35.31548426966201,236.2475245035308,12.368535191725387,50.053991960362616,2881.587626133636
2020-04-01,92,4,False,False,1,36.936456567613156,44.17866578654746,223.33611301260174,14.243155773151376,51.30342958157488,3258.9063190245442
2020-04-02,93,4,False,False,1,33.59135661911887,39.08436984397287,228.25280336391523,14.226669051670207,50.09670318359486,3296.90849872335
2020-04-03,94,4,False,False,1,34.3334728626548,38.759045870503364,226.1371562562188,12.6618361593106,50.02984594028987,2796.0652326954037
2020-04-04,95,4,True,True,1,34.19495530238961,30.096330040087192,231.8957655936306,11.199830369404213,50.05309145972011,2023.9994380195901
2020-04-05,96,4,True,True,1,32.03955912127746,43.33264596268749,236.15111087825395,12.423271597207457,49.68109565357003,2294.669423232896
2020-04-06,97,4,False,True,1,35.54329366513613,34.00505812398558,227.01512856639462,12.385494539385032,49.9710816938112,2283.254206718324
2020-04-07,98,4,False,False,1,35.45467903703392,40.552674303451916,218.0484781626528,12.322635585524186,50.563894013555824,2622.6955480556253
2020-04-08,99,4,False,False,1,34.92136755321947,41.697408354749115,227.93889627487766,12.27562328808212,50.05698533406389,2781.540806661219
2020-04-09,100,4,False,False,1,34.417601635573114,47.177163573761064,234.56736866008703,12.312569874972214,49.60327013505827,2910.8623368365274
2020-04-10,101,4,False,True,1,32.02874001553748,33.8989311742913,232.6881495147494,12.57130283399373,49.537457689760686,2336.846258017899
2020-04-11,102,4,True,True,1,33.9879748742691,25.420430117447467,232.1409312390529,12.313238557124391,49.77489905416708,2299.66970796121
2020-04-12,103,4,True,True,1,34.11070788340136,41.51796928673833,228.6000334906276,13.147163583562062,50.03693171720544,2351.0634928397994
2020-04-13,104,4,False,False,1,33.155550967880444,49.687757154457174,223.60484631890108,13.288400367801966,50.59679326773813,3001.0934407362497
2020-04-14,105,4,False,False,1,34.39861054295859,46.97213608725117,232.57647160812235,12.005709502704695,49.32975567931678,2761.5849606673637
2020-04-15,106,4,False,False,1,35.48747954386972,41.92360054453502,225.8285909498269,14.174878675079226,49.840086861055624,3184.8618943579936
2020-04-16,107,4,False,False,1,38.40707728806255,38.52068874593669,240.92048366690227,11.91034934385183,50.07215500971754,2881.3337109578542
2020-04-17,108,4,False,False,1,34.93633379553664,45.1236852346437,232.85253604177257,11.258352837146552,49.08314711618528,2626.689920859202
2020-04-18,109,4,True,True,1,35.051910747749986,36.33514784263975,227.09675848723023,13.24182106125639,49.5832008585168,2406.9387125341887
2020-04-19,110,4,True,True,1,34.33472396858938,43.705044270322595,226.94307376305687,12.027676605622176,49.66005573013191,2146.1469781874875
2020-04-20,111,4,False,False,1,30.59006900330612,43.976517124249206,229.53527896693205,13.149574900928648,49.60201481307475,3003.3138726212655
2020-04-21,112,4,False,False,1,34.31578571205588,46.88162378316171,228.80249038989126,10.406975437785764,50.095944772510826,2381.251077133664
2020-04-22,113,4,False,False,1,34.42769973026184,55.515740430848716,235.58416887764977,14.184627734597006,49.9197201952491,3272.9194740355415
2020-04-23,114,4,False,False,1,39.16939144690151,43.82180357984112,230.93208084872023,13.445165574619683,49.722356948699485,3081.793415186834
2020-04-24,115,4,False,False,1,33.79111433103169,39.46256447841764,226.34184130545736,11.25227432901518,50.21398131327632,2566.244484455068
2020-04-25,116,4,True,True,1,34.70914098560939,42.032501509849055,239.45220342577892,11.253036766436363,50.86153735882313,2091.7797289713244
2020-04-26,117,4,True,True,1,33.96413448383636,33.47327027668714,230.2465416576011,14.38233331107158,50.81962825837088,2707.0150872526297
2020-04-27,118,4,False,False,1,31.62103683211003,39.008600241669846,233.84419837984447,11.950137968706768,49.03861411396883,2857.951096950769
2020-04-28,119,4,False,False,1,36.16621885532497,40.604460714842546,226.9588674627762,11.829987119155856,50.28853609191757,2622.662949864839
2020-04-29,120,4,False,False,1,35.30398810510891,40.20427884481098,231.81557813872263,10.373984517771325,49.91098835496808,2472.732200241824
2020-04-30,121,4,False,False,1,35.29912708117931,43.76543252961805,231.55554995571597,12.264340750526411,50.07757767143268,2832.697087896835
2020-05-01,122,5,False,False,1,31.812646370909633,39.07553222539943,220.55175353951924,12.361706769313981,49.80085848322872,2747.321832671397
2020-05-02,123,5,True,True,1,36.348810319370465,48.9817408093062,240.0763755523032,13.278459606018966,50.058794314943604,2525.443011498146
2020-05-03,124,5,True,True,1,30.64878844794607,43.5715042585427,236.45322230461272,11.136668743874713,50.07570369803601,2152.7932095439296
2020-05-04,125,5,False,False,1,34.53296898178691,43.72271721415971,228.01402341927007,10.987489646015302,49.71052412132554,2525.606422407954
2020-05-05,126,5,False,False,1,37.64445323885905,42.33330465394188,224.48865129772074,12.930025230948207,49.55181622608741,2861.936262511183
2020-05-06,127,5,False,False,1,31.18430786419778,44.95704028415935,231.73780806901777,13.456344225564813,49.77565215869026,3060.0836154563094
2020-05-07,128,5,False,True,1,31.932204004003903,48.51957430192267,230.43348849707198,10.848287487844951,50.117129632228384,1926.8318622741385
2020-05-08,129,5,False,False,1,33.16113136800144,40.27605238376674,231.77834474281616,13.470062677647588,50.299498170842135,3131.465919828782
2020-05-09,130,5,True,True,1,31.849547242554745,41.54330138505247,230.95788698097044,12.394491406722965,50.42667448867007,2318.7080069894123
2020-05-10,131,5,True,True,1,29.647513551538143,43.54192810218557,232.53120494652964,13.416457463175767,49.75290498846655,2528.344299959869
2020-05-11,132,5,False,False,1,32.776012077517485,38.56230492335421,237.23652849695904,12.221445476854012,50.14192228365137,2893.474243413339
2020-05-12,133,5,False,False,1,30.402060847867872,41.430829935474264,232.84051602564324,9.735722565108073,50.48125129597665,2209.0208431590445
2020-05-13,134,5,False,False,1,33.359404969756326,43.38576318664121,224.7517225054503,12.071698650229749,50.58279744757206,2679.031325304666
2020-05-14,135,5,False,False,1,30.456727072397268,50.38277936253069,236.81281426356227,13.248816480930731,49.97058357293424,3195.1069484587683
2020-05-15,136,5,False,False,1,35.27663794679469,47.571751300536285,238.20307281744144,11.259284721944171,49.88953413753019,2657.7647902635695
2020-05-16,137,5,True,True,1,30.4893295163993,47.47907718017881,245.76028367256043,11.728785861414082,50.095562116918195,2313.1466738827467
2020-05-17,138,5,True,True,1,31.288689236458424,51.021797445994295,224.382529833802,11.903710177109954,49.4251462635513,2083.005158979901
2020-05-18,139,5,False,False,1,33.4347685295095,46.34054983730339,231.21441006575137,9.142806348562566,49.90319524448225,2130.7777285012517
2020-05-19,140,5,False,False,1,29.218910009267425,49.2436782318409,219.58950648405505,13.675539168078076,50.372293199236566,2980.1206687376757
2020-05-20,141,5,False,False,1,32.00648344129911,47.042956266520164,232.76574578189604,11.064093391730081,50.320973564721854,2627.677585415388
2020-05-21,142,5,False,False,1,34.034832640930496,49.157274344695615,227.25899850916613,12.43189957218249,49.86486619781805,2863.938931651064
2020-05-22,143,5,False,False,1,28.07266167683589,45.19167297272682,239.61722897412477,11.799587307639294,50.10885910054358,2802.5991163660365
2020-05-23,144,5,True,True,1,31.522113716697888,36.18990873954184,226.1269251499071,13.103472856249343,49.587674829854656,2364.1052192477646
2020-05-24,145,5,True,True,1,31.53600622074607,47.994569063246125,221.5540848101637,12.21092831210285,50.35174607411251,2136.7490254943395
2020-05-25,146,5,False,True,1,32.44149826647936,56.06503441714731,227.64368129648742,11.528431485356446,49.96108928193176,2028.5280064934489
2020-05-26,147,5,False,False,1,28.26382125728708,53.87097358044197,220.1225611439143,10.827801711193693,49.86202427415193,2340.571322749053
2020-05-27,148,5,False,False,1,27.95497939793321,54.35867527564485,233.75549727253656,12.476618488612669,49.819138081953305,2926.389025471419
2020-05-28,149,5,False,False,1,31.496287516640304,56.007234731989,219.6745847687184,9.762280011667336,49.96855306655007,2160.7877828704604
2020-05-29,150,5,False,False,1,30.901269828085706,50.56777695160765,230.1422879059158,12.238080564761692,49.77606117753402,2823.9272559308097
2020-05-30,151,5,True,True,1,30.66160961085028,51.41190173471221,219.61094090071902,10.449142421492686,50.32907151800128,1820.7101463337692
2020-05-31,152,5,True,True,1,30.705314553451707,47.64073510477123,228.3985109773168,12.756009102293966,49.80235822599191,2377.4161182676826
2020-06-01,153,6,False,False,2,28.50267762792992,49.455048885056534,238.21689077902266,11.620117663988765,50.796482048013694,2771.2853956298504
2020-06-02,154,6,False,False,2,30.176102471060645,54.42334389784708,231.80323945717896,12.057602290871701,50.732605251740694,2830.15396251516
2020-06-03,155,6,False,False,2,30.14521188168195,57.67555013359774,225.68253197517532,11.449708894350096,49.55422825507275,2495.3105370454887
2020-06-04,156,6,False,False,2,27.976485007452215,51.27300883747554,229.8439825553046,9.569179257910488,50.03485213471464,2003.2982578428434
2020-06-05,157,6,False,False,2,32.98155242198506,50.0357855508708,230.09008436022222,10.414271856513324,49.6746716893319,2410.410091407343
2020-06-06,158,6,True,True,2,30.04122542997979,52.608148936469526,232.36315172921704,11.900457214058248,49.83667621840569,2140.9439135357434
2020-06-07,159,6,True,True,2,26.55329577215937,55.93251130111814,223.16570818359588,11.347426647329245,51.0012137338224,2015.2626179144577
2020-06-08,160,6,False,False,2,30.09018686930731,46.030267927450026,232.96283636923664,12.314113800917568,49.8462142914421,2853.6260263840877
2020-06-09,161,6,False,False,2,26.667773966843033,42.09370200046652,216.4780418419861,11.488415755226475,50.18011301853871,2566.359776678826
2020-06-10,162,6,False,False,2,30.03029233419224,51.1488912594163,226.85057723818096,10.07013504730954,50.27066064700414,2304.415775995786
2020-06-11,163,6,False,False,2,30.61127598026011,48.12678921281703,227.5586307877423,10.192161308952956,49.49968531375838,2327.6072235730717
2020-06-12,164,6,False,False,2,26.489705772654847,52.020135861081336,233.1666341303562,11.042238513330718,49.572452262795395,2616.531145149595
2020-06-13,165,6,True,True,2,29.893880451223552,54.1540325035889,230.11315426338436,8.576094391820366,49.39698881429594,1597.2025847517962
2020-06-14,166,6,True,True,2,28.627868605865157,52.96030263476594,222.97218473071857,12.514133911220632,49.55701463305111,2209.3591729086875
2020-06-15,167,6,False,False,2,29.280775247269048,62.823907412270415,225.07503437091492,11.232743214561577,48.574984945341406,2581.783861609836
2020-06-16,168,6,False,False,2,31.26380777011725,57.53163382563922,230.99340004773703,11.96810113849168,50.272291200396815,2709.0648677009717
2020-06-17,169,6,False,False,2,26.812280470300383,57.737837601189256,229.60466329067722,9.110313069882668,51.02709692062803,2107.932724259744
2020-06-18,170,6,False,False,2,25.627736825682984,59.68517283658746,227.10437945182127,11.885127906674644,50.073910369518266,2621.786108244053
2020-06-19,171,6,False,False,2,25.18770003868472,51.219657997810536,227.5958310524401,12.821517580408479,49.2918655703297,2928.3211419423387
2020-06-20,172,6,True,True,2,25.166045287324746,62.44998349483605,233.48083998579645,9.21842140179937,49.67861180855002,1731.5092998767748
2020-06-21,173,6,True,True,2,26.473866710556965,57.21701766933565,227.41153713565393,11.25982283371932,49.7705615774875,2132.313642888729
2020-06-22,174,6,False,False,2,27.140295918832038,61.290369137257365,229.55954377985464,10.438507535446918,49.491207611393314,2318.01033290768
2020-06-23,175,6,False,False,2,26.84086337318585,52.92141786005029,240.84968294040272,8.841810684109499,50.43009131919758,2099.5029410941474
2020-06-24,176,6,False,False,2,27.770956569288998,50.85515763387328,222.8815868155804,10.827860993216955,50.40513002218767,2454.464961315429
2020-06-25,177,6,False,False,2,25.971371281927805,63.05705494566006,220.7407863421267,11.117213454288946,49.42227410309117,2470.788302652878
2020-06-26,178,6,False,False,2,28.680932946649264,61.19361539803267,233.91794832399304,9.631032885031543,50.36254052222375,2261.886705274361
2020-06-27,179,6,True,True,2,25.07281910718202,55.145475105095755,226.60678469352948,11.346556352352602,50.76340633178863,2009.158536732525
2020-06-28,180,6,True,True,2,30.870560663224545,55.65168459362653,228.4088123612869,8.462303292224394,50.95127910261478,1516.7507984498143
2020-06-29,181,6,False,False,2,26.50951909780134,65.97144104519055,226.09421810934444,8.582699174231754,51.43260601154298,2002.7507094768075
2020-06-30,182,6,False,False,2,23.37175485605432,54.741372768118275,228.70099929616245,10.162418386254819,49.5490036752784,2321.5797805144753
2020-07-01,183,7,False,False,2,22.772145034990896,69.2457581107449,237.99269056048172,9.999564287306207,51.4121102131976,2398.5911939757334
2020-07-02,184,7,False,False,2,25.706760428215045,56.87294486280705,234.0106422930906,9.205971190894498,49.82289680574561,2148.535814874086
2020-07-03,185,7,False,False,2,24.122852099302996,64.91125560279085,234.31111755943488,10.680527736958293,49.70376727230974,2443.412114408751
2020-07-04,186,7,True,True,2,25.825868214526256,60.41894157020377,222.91886472103678,10.35025448211857,50.16353618743892,1892.5041042859052
2020-07-05,187,7,True,True,2,25.172610456812457,65.42009805339877,224.24423131723566,10.625979633233626,49.708969332953494,1931.413327104286
2020-07-06,188,7,False,False,2,23.908974676514262,60.02500543169434,215.80460670257287,9.593253315196135,50.19952207032326,2185.5501005524147
2020-07-07,189,7,False,False,2,22.189822492646247,62.27221188292415,225.95309589458623,10.267603246613257,49.33996140613135,2269.217672007043
2020-07-08,190,7,False,False,2,20.682823776102463,63.63045876060816,234.7835159319283,9.168105164612264,49.880623698968286,2193.6486110413616
2020-07-09,191,7,False,False,2,22.648978126667213,58.75359691795752,232.58473257874186,11.616421099326972,50.64279111718084,2636.2249966071686
2020-07-10,192,7,False,False,2,25.084727459261778,67.80621172447302,228.89243368523938,8.699033191062465,49.97146935428442,1999.0102061946154
2020-07-11,193,7,True,True,2,23.630521631004786,61.872362427725385,229.88849858140972,11.565997672281627,50.07079789336994,2175.9372010346806
2020-07-12,194,7,True,True,2,20.54179354464026,63.630455743418906,226.55557228712297,9.44486927770868,50.237629302358656,1608.2234557058603
2020-07-13,195,7,False,False,2,23.211152697304406,60.13531902928118,231.02379441200893,7.98392636411187,50.58533081465883,1834.230339231118
2020-07-14,196,7,False,False,2,23.467578057151556,52.62749485670555,233.82939139740307,10.677162339796766,49.17238764390528,2468.473885063819
2020-07-15,197,7,False,False,2,20.762063322788382,64.81450984461134,221.92056606294764,9.384834846952154,50.29226202591872,2047.5899967281423
2020-07-16,198,7,False,False,2,22.670795284610982,78.16150160119035,231.49823843918674,10.060127620196216,49.865930430379116,2348.1624551617992
2020-07-17,199,7,False,False,2,22.314110684899838,70.3484146733374,234.66217435477333,10.383163892944946,50.08331894765592,2492.5701011215633
2020-07-18,200,7,True,True,2,19.746931211603854,66.6541560932103,227.92449855518316,9.447817096324556,50.52997508488119,1716.047243535231
2020-07-19,201,7,True,True,2,22.5845043113383,65.7590682974861,233.50350306060292,8.468438032379707,49.40290667429408,1592.202278187842
2020-07-20,202,7,False,False,2,22.827484230491166,67.5068203218737,244.07327222236276,9.987487930995659,49.49367777927846,2443.3942982524286
2020-07-21,203,7,False,False,2,23.70997935964322,70.44886370074819,229.47828603506554,8.963918569442395,49.0322850201431,2057.1148447913583
2020-07-22,204,7,False,False,2,23.490466796772132,62.12569570757524,231.96653525002662,9.600716626419116,49.72542052911811,2172.577839862161
2020-07-23,205,7,False,False,2,18.46758161204617,73.9154805255907,226.30971458169304,6.713145530596645,50.66521617218941,1574.6722790608396
2020-07-24,206,7,False,False,2,19.18844715360509,72.23241842821484,230.90625581301026,9.266210887040453,49.93970640576327,2154.3858299082053
2020-07-25,207,7,True,True,2,21.93651094626111,72.55551546334789,232.30135812491153,8.133346298408107,49.32993755217261,1531.253987476469
2020-07-26,208,7,True,True,2,21.777568502128876,71.46338411210566,230.9742117013507,10.37830861726987,49.75716062771248,1877.3718398825154
2020-07-27,209,7,False,False,2,21.624907529107144,69.67276009078572,224.9015234014557,9.30153099483761,49.25606914825469,2068.9674708053744
2020-07-28,210,7,False,False,2,28.14639604622485,73.23981718303365,231.03180885662726,8.872137665323919,49.43740694913442,2040.93930335926
2020-07-29,211,7,False,False,2,21.430185944647693,73.13248954574897,237.3109796935882,9.07283147032863,50.194409455131854,2076.376290146063
2020-07-30,212,7,False,False,2,22.408404209274295,68.69810859260589,232.24317882257265,7.542741025797212,49.41306333684699,1667.348436606693
2020-07-31,213,7,False,False,2,21.895585392528652,67.89209456628149,234.8099359453592,10.119531250190727,50.55631715260165,2346.1290881224168
2020-08-01,214,8,True,True,3,21.142158592453068,71.55798773966232,228.81494014993686,10.443183245369347,49.96443985458483,1937.7711177333283
2020-08-02,215,8,True,True,3,19.062161029099975,79.07913588329829,233.74950119711855,8.800723366062417,50.04279735197226,1613.074888096236
2020-08-03,216,8,False,False,3,21.065534055580027,65.4204700908065,231.39633919108263,9.954682252951686,49.86081351619605,2252.5367712639236
2020-08-04,217,8,False,False,3,17.858456946823097,64.55690741045306,225.24544635156383,7.752084014096938,50.38642391927186,1705.387341248204
2020-08-05,218,8,False,False,3,18.788640107476738,72.99334160848511,231.59260502399437,7.481569630062046,50.39157994388851,1709.9090791372055
2020-08-06,219,8,False,False,3,18.151420381417058,72.69537347809744,225.04151668279846,8.277568991851503,50.16752717595609,1845.10373223176
2020-08-07,220,8,False,False,3,19.147507646523415,73.57535433965559,226.83559862557604,8.630068848693131,50.282394552953825,2065.88290608357
2020-08-08,221,8,True,True,3,23.476471133713737,74.19235721024212,230.94664153646187,7.760159518866896,49.893955165039785,1486.4772543599784
2020-08-09,222,8,True,True,3,14.97784146885816,72.11668109167154,231.48622136690062,8.65147974658098,50.271101503454524,1653.3973902287282
2020-08-10,223,8,False,False,3,19.951973248383393,80.93818956966932,224.05383767461436,8.380225342363723,49.83106111226309,1936.05066674832
2020-08-11,224,8,False,False,3,15.223004685529848,65.73653545209076,235.26992885591437,7.036224153081689,50.0011158110812,1605.4709124430929
2020-08-12,225,8,False,True,3,17.375497626285803,69.84668141713172,232.86003139150236,8.51460142481112,49.862678125316855,1525.0500533047566
2020-08-13,226,8,False,False,3,20.370167099164572,73.71685864489025,226.47635782194558,8.821208014090473,49.7713907303404,1942.4515480442653
2020-08-14,227,8,False,False,3,18.195747769321155,66.25693671014741,222.31207601775412,8.091625636929459,49.6554441011391,1865.5914003711619
2020-08-15,228,8,True,True,3,15.788674343069612,73.82906843711936,229.27547710459285,9.03589727294016,50.23384505192944,1630.0081372130312
2020-08-16,229,8,True,True,3,16.392623444720446,83.2467925825712,227.7702814306942,6.629565465475164,50.65530295640673,1145.446584355627
2020-08-17,230,8,False,False,3,19.063619957004477,75.27054861105107,230.5657022852651,8.27927775987239,50.58555098583478,1887.3676811087635
2020-08-18,231,8,False,False,3,16.127046628079768,76.54180106627217,228.18441669422216,6.606053261057438,49.37171733202728,1495.4681334396241
2020-08-19,232,8,False,False,3,17.906248903843867,69.3050931955526,219.96271569627496,6.627918159170888,50.644601525703436,1471.3155413886122
2020-08-20,233,8,False,False,3,17.452257551902196,72.73710609493816,228.0582653084942,7.077403327890582,49.840920749191035,1626.6078768828922
2020-08-21,234,8,False,False,3,15.947958891117958,74.15123986187385,228.47190444465843,6.733287692324633,50.3003665075728,1496.958034045513
2020-08-22,235,8,True,True,3,21.431389627863506,74.64220569636605,233.16830512387028,7.095054616022718,49.546892333976395,1357.7563072891332
2020-08-23,236,8,True,True,3,18.30600940680987,82.83775004106712,226.50900162694475,7.397301097940965,50.070989956937005,1308.4845524553004
2020-08-24,237,8,False,False,3,12.88491536347534,79.41186783094179,238.39337336686282,8.41771464736855,50.156861591448454,1998.9135739905887
2020-08-25,238,8,False,False,3,17.207528115079697,71.2550783280044,220.4417972467412,7.22922680695655,49.257697604040175,1627.96245355499
2020-08-26,239,8,False,False,3,15.412885083224129,78.22886572271058,236.55583748901313,5.93531169705868,50.304133583172096,1371.9415590588346
2020-08-27,240,8,False,False,3,18.345611875406085,79.66638790799999,228.87840514560946,8.63229140823925,50.67296750391916,1947.2775190908899
2020-08-28,241,8,False,False,3,14.962467949603967,83.04987228719827,234.29792436171778,6.6271626943257695,49.912676027159186,1582.3138661725934
2020-08-29,242,8,True,True,3,16.227305419567934,85.42053753572674,230.39900742029366,7.37831306364589,50.68008406541401,1317.0781462099083
2020-08-30,243,8,True,True,3,17.378553277461798,72.60587923972794,235.69777768012736,7.857110122790977,49.905153253273795,1462.2831147636891
2020-08-31,244,8,False,False,3,18.014447201247027,73.78533937313928,228.06319017723595,7.584491462274817,50.42479226552331,1757.5304276605486
2020-09-01,245,9,False,False,3,13.79928514615309,71.70472809847179,224.50689787411093,8.454142935600869,48.89071501702445,2000.7180267278793
2020-09-02,246,9,False,False,3,15.450424302023176,76.9701769605178,237.10252143635532,7.814831175504279,51.20938888965673,1883.1864015496385
2020-09-03,247,9,False,False,3,15.091716470329,80.61435163593835,229.4325967705893,6.451172548098166,50.74772912262148,1503.741258074802
2020-09-04,248,9,False,False,3,14.659783511605735,83.3560983372782,231.10779236812104,9.46849476701761,49.85768724787316,2214.783001838183
2020-09-05,249,9,True,True,3,19.424862179620032,78.17107855337132,236.17375957022398,7.462519573055585,49.01395548667809,1356.3015290445837
2020-09-06,250,9,True,True,3,16.634127161327978,77.07750696018428,224.8402237895278,7.099908895200314,50.144014184152745,1282.855920839674
2020-09-07,251,9,False,False,3,13.235324869398974,79.55591112008162,232.9774544881963,8.191053256476291,49.27803722646312,1906.8424128542772
2020-09-08,252,9,False,False,3,17.528484583729757,74.73621324039274,227.05052621768556,7.457279152816135,50.222426768778746,1709.2583828177176
2020-09-09,253,9,False,False,3,19.87549893107095,89.46882393437694,229.33915322177813,7.5885841540530325,50.20578285958214,1746.1848666665196
2020-09-10,254,9,False,False,3,17.637319087198087,71.08639139624782,230.36139482692144,9.663900568429424,49.529298415498985,2245.1745982829366
2020-09-11,255,9,False,False,3,12.477644267970255,80.14629857192463,222.49889069276531,6.879793831708438,50.56048351180719,1515.173136005097
2020-09-12,256,9,True,True,3,14.494721887963042,89.4328298492453,226.10581478589782,6.821196116091268,50.402787351403084,1236.780130383164
2020-09-13,257,9,True,True,3,17.94664412850028,79.43527765983013,236.7553644620657,7.240425061050575,50.48791166864428,1309.9761510485932
2020-09-14,258,9,False,False,3,13.949955583120952,78.53181392844094,234.430955942924,8.181104289888593,50.00442885183445,1901.9087354471933
2020-09-15,259,9,False,False,3,16.208261026051815,77.76973971606101,229.68680211336383,5.589652620737408,49.29223796654315,1353.4111127905908
2020-09-16,260,9,False,False,3,16.82808614056806,78.72417099662015,231.21561729256447,5.118089518636311,50.48893613610557,1199.3226443915116
2020-09-17,261,9,False,False,3,13.386033550520152,86.5537187084245,228.5287874718177,6.484853077482748,49.8648143004321,1480.929558860864
2020-09-18,262,9,False,False,3,15.0848123714215,68.68767929123219,236.7829169291399,5.427235966004242,49.30510992840367,1379.8829267059402
2020-09-19,263,9,True,True,3,8.688199800062034,87.4658184082287,228.99823711102917,6.6263889965344145,50.67601968298716,1145.9033699795882
2020-09-20,264,9,True,True,3,13.091743217693118,72.72465842610791,231.15921046067425,7.5446552462378,51.049703760251255,1339.74046216234
2020-09-21,265,9,False,False,3,14.608087794890276,78.55109649170697,235.73015072071033,6.143218365750715,49.9793759355104,1533.7773618324654
2020-09-22,266,9,False,False,3,12.593292996135755,77.77215782145028,226.11314257577047,5.599831231238294,51.07956057730165,1268.4934843916833
2020-09-23,267,9,False,False,3,18.332254115189127,82.8892658110167,237.79394592248448,7.089566613913105,50.045657364305676,1673.7268681882147
2020-09-24,268,9,False,False,3,12.18866413307176,71.97808666369254,222.3476929512831,7.877227551313078,49.80977204791682,1691.5231566319658
2020-09-25,269,9,False,False,3,14.153322009064333,82.29586355520338,238.148210655564,5.3150498562208774,49.684770772907264,1288.154426123865
2020-09-26,270,9,True,True,3,15.282309545918261,90.11691815603209,228.13662208024013,7.8264809157098085,50.81854120399637,1455.6285285847734
2020-09-27,271,9,True,True,3,17.893749422281896,73.18394477175976,228.78650626087358,7.8206670569832255,49.609928059306114,1376.6857560356157
2020-09-28,272,9,False,False,3,12.13281289076755,80.94686401114673,220.54994914408528,7.955446260094557,50.36763465498749,1747.5594888048363
2020-09-29,273,9,False,False,3,17.32716091776254,76.68101472476411,227.72602641311153,8.218730238907472,49.720418082470395,1854.8429878660281
2020-09-30,274,9,False,False,3,15.020558724677272,82.10703034266585,224.80096734486557,9.202041705451045,49.76984661871282,2081.4267342541298
2020-10-01,275,10,False,False,3,13.03929767810519,80.05408210438661,226.96176827313263,6.644602445441273,50.51512484698478,1452.1082083783006
2020-10-02,276,10,False,True,3,15.931706836129706,76.72574348986186,229.3134451710556,7.111821546358808,49.80998157685532,1367.2664129154837
2020-10-03,277,10,True,True,3,15.413765179591298,82.34146764636932,234.78895807236452,6.5882553032852815,49.797602310289854,1283.2708676183454
2020-10-04,278,10,True,True,3,13.826316514600855,88.88687753428201,231.03801675700313,7.010001925431345,50.5664023485874,1277.5027759149045
2020-10-05,279,10,False,False,3,15.180414208508246,78.86776232123259,231.53838326700557,8.545116367194774,50.79869864661081,1967.7014929067875
2020-10-06,280,10,False,False,3,14.28719373733696,83.37234151538772,224.5224030557722,5.672331795387475,50.32234490164212,1266.7444581161778
2020-10-07,281,10,False,False,3,15.304812596323172,73.25259820992079,225.59622955198634,6.162283699580628,49.672615112188026,1351.2725404047296
2020-10-08,282,10,False,False,3,16.424936398168562,74.87634915550959,238.99362509175657,8.407383451242502,49.74469575035121,1987.139577637137
2020-10-09,283,10,False,False,3,18.29853920835084,81.95430522231169,226.32399482618376,8.05798817972013,50.03995763187002,1810.2025567126984
2020-10-10,284,10,True,True,3,12.679630834825378,86.94079115532719,238.2810412602865,6.683446902926645,50.160465030962825,1354.6743683251148
2020-10-11,285,10,True,True,3,19.45300204659644,81.22043067650954,228.78469400559567,7.910482590305891,49.50606704493011,1495.168786504302
2020-10-12,286,10,False,False,3,11.31734098589843,77.7934655078655,230.01143968071753,7.407670817975063,50.361518969789934,1750.5817648901138
2020-10-13,287,10,False,False,3,14.955425258204627,79.26586799839976,235.35182580114966,8.577973243483726,50.0427566648198,2037.337945177524
2020-10-14,288,10,False,False,3,16.475995194454082,72.92231766989734,236.35946210969328,7.164317828272251,49.14214584068093,1637.4879578267535
2020-10-15,289,10,False,False,3,15.904584358921515,82.09619656438575,229.44593719860455,8.128412300908018,49.53553675876964,1862.9566230896367
2020-10-16,290,10,False,False,3,14.143303121635805,83.37889691186047,228.0587847323923,9.758622558875718,49.74793566317417,2274.0640244199735
2020-10-17,291,10,True,True,3,15.021407233366391,76.594771203643,229.72039775738892,7.729394675271749,49.96357115557947,1357.5664639134518
2020-10-18,292,10,True,True,3,14.503432967730799,76.38741618711111,231.6897876411606,7.196158616909383,50.944639397752,1365.6488297707374
2020-10-19,293,10,False,False,3,14.36530661184015,79.94386976901983,234.45651843434877,7.88565782293955,50.11908565306982,1964.9743399941317
2020-10-20,294,10,False,False,3,17.300643614623095,76.3022157636589,230.02114929497077,6.815150967970429,49.57961405505069,1620.7196905707774
2020-10-21,295,10,False,False,3,16.37565868370084,78.02100944805876,233.09443149011577,9.586456019055957,50.11031540215358,2305.250972544946
2020-10-22,296,10,False,False,3,14.338763973686726,88.7107015477169,238.1917986613547,7.397445986958392,49.82395612627306,1772.9279026559477
2020-10-23,297,10,False,False,3,17.589486873700157,76.83198754276371,231.90654806132392,6.9641528166245825,50.16237911976677,1663.4292373132025
2020-10-24,298,10,True,True,3,16.473319159899884,76.12508505459208,231.55826428002388,6.421927030423962,50.290283843517805,1153.747560480651
2020-10-25,299,10,True,True,3,17.55558610965156,74.52343742441406,222.40544587454966,8.37617875319853,50.60461532361197,1530.1194068811003
2020-10-26,300,10,False,False,3,17.26294898732479,81.32120393697039,216.8463493158547,8.168294803871008,49.98785675216499,1803.9843150581316
2020-10-27,301,10,False,False,3,14.42219651356037,76.52800550809592,231.94187864615085,6.826701589207261,50.81948026379992,1597.8935502592788
2020-10-28,302,10,False,False,3,15.038962820172422,74.0159773693911,229.52587884359565,7.924248815292332,50.4540113312681,1884.620544491219
2020-10-29,303,10,False,False,3,17.735670158804094,83.69296355636159,227.42608662542628,5.863768916354413,49.646280227593905,1306.6347756299313
2020-10-30,304,10,False,True,3,17.54617698357096,84.00299616962945,231.21765102093173,7.5826015108843645,51.10492783287423,1393.2321721558774
2020-10-31,305,10,True,True,3,16.370557229313675,73.71639175967921,229.69798135401547,7.876464477249286,50.16349725663505,1452.1394945725324
2020-11-01,306,11,True,True,3,16.736483851342285,67.19438421767511,235.63890125316948,9.15787853497664,49.58243774801388,1674.8814000790346
2020-11-02,307,11,False,False,3,19.149145735232064,81.36832947810292,230.43055434129488,6.707325980367876,50.826456525615214,1556.919440993951
2020-11-03,308,11,False,False,3,15.505150958670262,72.70644979761887,226.26538357464915,6.228135492100252,51.038888792599224,1323.2649454272575
2020-11-04,309,11,False,False,3,17.87942922931593,79.87678527146616,234.95083119479645,6.640142379167715,49.98348736814022,1612.4546979586585
2020-11-05,310,11,False,False,3,16.480224105058603,65.8624780130151,228.914344625269,6.228814322662997,49.7481748698122,1428.1968167931868
2020-11-06,311,11,False,False,3,16.551026711798787,79.96066751883737,232.63268341836152,8.932574093234951,49.91381252127317,2051.964035947396
2020-11-07,312,11,True,True,3,19.288097136406606,69.22191260940696,227.612946469036,9.175802324753704,50.35736586375885,1629.1064420689404
2020-11-08,313,11,True,True,3,18.8478741872683,78.70715714597279,226.75086557251282,7.979329024736501,50.63892832751526,1435.7268589565417
2020-11-09,314,11,False,False,3,18.932871003161896,74.89580555615409,230.42084115092848,8.913050465033333,50.285243665431786,2088.1655709122756
2020-11-10,315,11,False,False,3,20.027899529523033,69.82145398474653,230.06414321771842,7.859040955144548,50.050861604235884,1835.4704727951678
2020-11-11,316,11,False,False,3,17.572286806299964,72.31835670888533,232.39913517683416,7.663972089209569,50.749005885152215,1745.8235881877756
2020-11-12,317,11,False,False,3,19.009735712950068,77.54326448692706,228.65677123345128,7.460711312054281,49.84358176347424,1663.6401760878362
2020-11-13,318,11,False,False,3,17.143026103853963,74.39509680331572,220.818201081148,7.518676893734697,50.51545966918346,1693.105641500872
2020-11-14,319,11,True,True,3,18.531766482159135,76.53753309190274,227.83613058205805,6.317228576845644,49.85596860082436,1115.3169617299789
2020-11-15,320,11,True,True,3,17.74513062074816,83.24348020684809,233.96909233571907,8.165879782452397,50.21551147900545,1531.4462733623643
2020-11-16,321,11,False,False,3,18.32346425774876,65.28191908562646,228.51311960378447,7.898507788114953,49.94321871760477,1811.1003870031493
2020-11-17,322,11,False,False,3,19.445877862544368,80.9271571395744,228.76808298742725,8.722029867579039,49.97207390867359,2010.9251591514776
2020-11-18,323,11,False,False,3,16.74721245111027,73.09703597953275,234.93188252952967,8.108619641711773,49.81130674126889,1947.8867986523608
2020-11-19,324,11,False,False,3,22.698478941021104,67.81177175765092,226.4401338637054,7.891407615325963,50.672427015590344,1723.7832499441092
2020-11-20,325,11,False,False,3,16.63364222809882,65.3809131358035,222.2859839087855,7.222510067321836,49.633536980945735,1509.9047903427186
2020-11-21,326,11,True,True,3,16.351155290015857,70.8101030919643,229.19684440237253,8.206012991499156,49.629883873725646,1476.2614621597663
2020-11-22,327,11,True,True,3,21.231453045848873,76.08369591770878,227.5791302437563,8.912806620470784,51.060496782922556,1712.7714433656365
2020-11-23,328,11,False,False,3,20.636058518318233,70.55403964631586,225.16876840123373,7.0724809480338475,50.48892378232716,1693.6105296143403
2020-11-24,329,11,False,False,3,20.440236899566294,78.46058342204975,229.12310772050654,8.345072933319335,48.807443150653484,2003.6079014147037
2020-11-25,330,11,False,False,3,20.589673455617376,63.358722512980876,232.4575282362339,8.53293768265613,49.7173706303948,1973.896533916027
2020-11-26,331,11,False,False,3,19.451153322629967,70.26080308108678,229.95355719216093,7.624629276878875,49.09400533121897,1664.2048703905496
2020-11-27,332,11,False,False,3,17.82543954164535,63.76286904684993,231.5349053634312,7.798128180477101,49.52465465329237,1688.3869151960796
2020-11-28,333,11,True,True,3,19.91745304273195,71.54361355529865,239.06703849257713,8.660364026669564,48.43074266688298,1625.6241560213637
2020-11-29,334,11,True,True,3,18.558967138454737,73.85762710396378,228.2856056922122,7.340566150151064,49.93150521115303,1330.6927902613206
2020-11-30,335,11,False,True,3,22.012483965235727,67.01432490176391,231.39174317322335,8.86859706476946,49.42902909041934,1706.7273775071478
2020-12-01,336,12,False,False,0,19.91854683583784,55.78930640387422,227.45393318700434,7.668444105993436,50.02995262839822,1787.6080463100307
2020-12-02,337,12,False,False,0,18.713502897386466,69.49474753337356,225.76820140056515,9.672202880324663,49.187439370558735,2195.046101821846
2020-12-03,338,12,False,False,0,19.874934899289904,70.37081193497997,227.07546173291115,10.993139720167068,50.04145592658602,2451.7800393042853
2020-12-04,339,12,False,False,0,21.49810698304693,69.89327930793782,227.60620714239155,7.840916420646884,49.792541860939835,1736.6022691116896
2020-12-05,340,12,True,True,0,19.70061486826888,73.73307026319006,231.79737898773564,9.282627054537723,50.7509764825943,1734.057281443563
2020-12-06,341,12,True,True,0,19.3406793168074,61.879006216350106,241.7453789335038,8.06879412750006,50.705678430872815,1595.327504053132
2020-12-07,342,12,False,False,0,21.630740360547748,70.31332678066691,226.4197828186208,9.883963955066967,50.39267280150514,2257.5190352056184
2020-12-08,343,12,False,False,0,21.792687713310713,72.55070720688047,227.91687347192268,7.625567962242766,49.83669310966939,1686.265710421699
2020-12-09,344,12,False,False,0,20.44935242749402,57.369202898683966,229.68438493444376,9.419558391898596,50.99269019763015,2196.0588570369114
2020-12-10,345,12,False,False,0,20.682694392822217,67.53251551506469,231.97899424354873,8.114442334328308,49.22348236108009,1903.6757199198253
2020-12-11,346,12,False,False,0,22.251403257791623,63.08371434894595,231.31775405977393,8.829206425824536,49.29822068521817,1988.8188802423465
2020-12-12,347,12,True,True,0,19.054619070442456,64.86569648905191,236.4204789697406,8.054211050883824,49.95810845005547,1484.1282989836525
2020-12-13,348,12,True,True,0,19.30024812244079,66.6788260273104,217.86803964732397,9.956903172253924,51.12701905446056,1769.8575788058251
2020-12-14,349,12,False,False,0,20.843529982154074,62.169970584044485,218.06535064902164,8.347145172958097,49.89883054656496,1808.4977623021014
2020-12-15,350,12,False,False,0,22.019572745414425,60.891877912987866,227.52060913994924,9.785904373983263,49.90837737839536,2305.9522892357886
2020-12-16,351,12,False,False,0,23.23508747113651,64.10421988331166,235.48650093771855,8.939883673719816,49.2790448219441,2130.278388917745
2020-12-17,352,12,False,False,0,25.731497303857434,58.15910202019723,222.171759841972,9.219763089188637,50.47296479263519,2024.0394314416326
2020-12-18,353,12,False,False,0,24.664274247717845,57.82701461434442,214.9618383015312,9.53244240779427,50.476588127164675,2048.601063463384
2020-12-19,354,12,True,True,0,22.797855841640708,66.31285035318002,232.85589703109605,8.67349519881142,50.394537600699955,1618.9087735631965
2020-12-20,355,12,True,True,0,23.249036142379843,56.830993373258345,231.21828611851356,9.696487680996453,49.685389663576316,1757.1846947133386
2020-12-21,356,12,False,False,0,21.451853064081572,65.56474264697997,224.54895796600286,11.067408102361568,49.646646615813495,2439.545546860906
2020-12-22,357,12,False,False,0,23.59018600688257,64.20369146061374,225.07230199639534,8.81006889782749,49.35343887479751,2017.9719822713537
2020-12-23,358,12,False,False,0,23.220602273166197,52.918695940716276,225.15128140182662,10.811186008575786,50.04193625088047,2476.4160481564422
2020-12-24,359,12,False,False,0,24.614420146201823,57.816442285637585,230.5526765873697,11.188792541145478,49.45979633536075,2609.7951416195356
2020-12-25,360,12,False,True,0,22.48589012552089,66.83099167532748,226.86842361908498,8.925950614759616,49.41129174737536,1695.7789809340434
2020-12-26,361,12,True,True,0,25.35066876045914,55.61054114884425,232.4703195948776,8.338538114502485,49.788154641544665,1523.6814345453888
2020-12-27,362,12,True,True,0,27.54928115377261,57.85011862622683,215.72686668547806,10.147101898502001,49.75542191240789,1834.9155371052384
2020-12-28,363,12,False,False,0,24.438263586858827,62.138164528485724,225.715740674361,9.349327642364889,49.731010735589024,2065.2443576759606
2020-12-29,364,12,False,False,0,25.63128988263953,63.40058374187033,224.36973019544476,11.816963150695496,50.23322229842013,2600.7345556826367
2020-12-30,365,12,False,False,0,26.38028798342223,57.881860909686914,228.71829660813754,10.034807540499834,50.03952390107514,2207.1461433461536
2020-12-31,366,12,False,False,0,24.36969261778667,55.80818347922594,227.30976120754931,9.249440660432322,49.85592198474444,2080.198382134927
2021-01-01,1,1,False,False,0,25.62031852517918,65.90758376117668,233.98921889947883,8.904480557455793,50.09150646415574,2058.3663335032043
2021-01-02,2,1,True,True,0,25.369400917791047,67.14676873431863,220.7033161416997,11.193169793959068,49.504236479447684,2002.5926173438302
2021-01-03,3,1,True,True,0,25.7115488693302,63.003555257565,230.22745738165375,9.583675027585574,50.05263931195484,1777.3346542594845
2021-01-04,4,1,False,False,0,24.142004700312267,58.193410570391215,232.79168211605852,10.250236079867388,50.07530124642232,2326.521030568086
2021-01-05,5,1,False,False,0,25.90866833589235,53.383707842743746,239.28323718280978,11.21369714132482,49.24847657032126,2663.613440842532
2021-01-06,6,1,False,False,0,27.027013556965247,52.931794028819674,227.5911701445326,9.825046740411475,50.49784687718518,2217.5207833205895
2021-01-07,7,1,False,False,0,29.10436766458361,59.356430267558444,231.62229302176257,10.314695305957898,49.5592831473865,2300.3142662386845
2021-01-08,8,1,False,False,0,28.291329373303064,58.49665938993217,220.98068603718818,10.395267906517274,50.04515489960322,2248.106097171884
2021-01-09,9,1,True,True,0,30.849453121665924,63.07453516886061,218.0402189784349,11.146250973508936,50.582205870267636,1905.7241209112806
2021-01-10,10,1,True,True,0,25.178236316038674,58.98183215388477,234.2238718789085,11.10462376805476,50.46283837885694,2152.4556307609196
2021-01-11,11,1,False,False,0,28.6269083718738,47.87848508658867,229.97219853175966,10.344566398274903,50.01716669428442,2388.5352132669136
2021-01-12,12,1,False,False,0,27.417729010162894,60.31929447899588,235.89256344899212,10.678962561102376,49.81875049855896,2552.1962912116282
2021-01-13,13,1,False,False,0,31.598820996477,49.736387008867794,223.13298555515127,10.293985527489008,50.47375595428778,2221.9959491526806
2021-01-14,14,1,False,False,0,25.770131089349196,52.47553013625392,232.59951069764375,9.238405891098406,50.33734748890431,2208.559414046418
2021-01-15,15,1,False,False,0,25.87408926680032,55.31674464578866,239.34408920271926,11.02366074274669,49.69081748997794,2703.503143303683
2021-01-16,16,1,True,True,0,26.520796284453013,63.716196630203285,232.09852804178632,12.708066233435385,49.60255317649916,2259.7015252730735
2021-01-17,17,1,True,True,0,23.637032880186474,68.9614231355362,231.38290752795524,9.981728157950764,48.963822409152,1812.4151904764547
2021-01-18,18,1,False,False,0,26.99770220320137,56.12136904226624,230.04278040412174,10.141733964366164,50.077015920841795,2357.8209579324844
2021-01-19,19,1,False,False,0,26.694431293816248,51.84974229180271,222.14559271437045,10.093081213433353,49.9586511274908,2274.352931149339
2021-01-20,20,1,False,False,0,28.676016568893548,55.11836893832345,236.77786467855174,11.737160477505462,50.56809568732127,2745.175058728873
2021-01-21,21,1,False,False,0,29.220273173318034,56.56647159623985,226.94571180097466,11.509513820725555,50.17952754674018,2596.759833375034
2021-01-22,22,1,False,False,0,32.4495871073385,50.20954269590161,232.52241628191507,10.950635936255562,50.667114597086346,2516.3992746694576
2021-01-23,23,1,True,True,0,30.757481738808174,60.47604998017052,222.18482846714375,10.238971157091855,49.651317886041916,1825.476142522095
2021-01-24,24,1,True,True,0,27.861072580734927,52.33997810894711,224.10270167746108,11.296840759257844,50.56907516548381,2085.1809542288906
2021-01-25,25,1,False,False,0,27.375106683426456,53.370581575287794,237.1754369961112,9.686958680501146,49.73554181044767,2258.9565503540716
2021-01-26,26,1,False,True,0,30.311594268517325,53.906431106795026,228.26348855521078,11.441753344508786,50.38879803089613,2139.428651773082
2021-01-27,27,1,False,False,0,26.841827003362823,52.38247891089848,237.26637738021273,12.216212411309165,49.27062080373465,2859.4128605211745
2021-01-28,28,1,False,False,0,33.298420240737215,54.16986623343254,229.60884670470742,10.139451676074874,50.117567649683096,2285.7264449368204
2021-01-29,29,1,False,False,0,32.14621864260046,46.592486246948326,220.79051113521072,9.903683243517701,49.007656029277044,2227.5690163746553
2021-01-30,30,1,True,True,0,28.999404197390362,46.593890267031185,234.46033799865862,13.060764542174791,49.86643125702912,2495.8818341637384
2021-01-31,31,1,True,True,0,26.66044038033929,43.5944200643285,227.05053841122196,10.914253192051728,50.22017699693896,2025.040147727527
2021-02-01,32,2,False,False,0,32.94190082198633,51.0057209048976,233.49344406758522,12.706194668040473,49.739515724384454,2901.0232836230507
2021-02-02,33,2,False,False,0,30.15097202487776,52.41923715947408,230.12605433770042,11.460017849417067,49.474781185622014,2613.951141422366
2021-02-03,34,2,False,False,0,32.99998575562312,50.533159284909964,222.28440886028565,11.495351122561532,50.423059234647965,2596.3867585201774
2021-02-04,35,2,False,False,0,27.478162245322444,56.33998090223923,230.82147382685284,12.138517968369998,49.948268605076535,2803.907699561093
2021-02-05,36,2,False,False,0,29.609252688630463,47.66632790658821,240.981115710764,10.858401963614963,49.75521467648466,2562.985177718011
2021-02-06,37,2,True,True,0,30.957754269044003,50.768451986045875,232.46493229257229,11.916677204377937,50.02094796057714,2239.083544530798
2021-02-07,38,2,True,True,0,31.178729888680746,41.70040135457215,229.71241123497268,11.443941195521285,51.318334570972794,2067.311897893971
2021-02-08,39,2,False,False,0,30.32033654145019,44.96137434344629,235.3767170097845,10.545646801917572,50.57675142489077,2571.925965399702
2021-02-09,40,2,False,False,0,32.60002287359677,50.11641150355822,231.05334232601555,12.243778977396932,50.58128683409392,2906.208128549479
2021-02-10,41,2,False,False,0,29.351054751584623,50.630042364175395,231.04767115131398,11.682580876227027,50.21777315949618,2729.43797580691
2021-02-11,42,2,False,False,0,31.331587212380192,44.66454072393954,224.54187413920448,11.827879026282126,50.083242636288574,2723.9044588916663
2021-02-12,43,2,False,False,0,31.985027451753254,45.53033153856611,231.169240128948,10.813169913084678,48.80195885583479,2502.9118396991566
2021-02-13,44,2,True,True,0,32.899405340354164,38.05709299307671,235.17721708208472,13.652558669433803,49.66050982676843,2606.888477860616
2021-02-14,45,2,True,True,0,33.417813026694255,43.62370291423721,225.81968923949987,12.975089167541057,49.75971279339876,2417.910497700242
2021-02-15,46,2,False,False,0,29.867282039142008,49.627475600627015,237.12247910623475,13.099125751017302,49.062553967976235,3118.3721062952577
2021-02-16,47,2,False,False,0,29.16821204148788,47.822688529892666,229.54146987927436,11.865487412446056,49.42129210489228,2710.8620629111815
2021-02-17,48,2,False,False,0,34.909523873436875,47.225556351095186,225.5611524423073,10.477068179388537,49.00958176453868,2277.9884748506493
2021-02-18,49,2,False,False,0,33.134348900924735,44.75118760856399,234.98816038460123,14.193833645579177,49.980838082151315,3331.226180893634
2021-02-19,50,2,False,False,0,31.08608501167252,44.322318691566586,228.56602882130866,12.213819917429818,50.40938298542441,2832.835474493653
2021-02-20,51,2,True,True,0,35.79645221988442,40.774737026980446,233.79757443743054,11.55944468463176,50.55338725931217,2209.337774666825
2021-02-21,52,2,True,True,0,33.03430777929347,47.36454317459378,228.54120683870732,12.75768912769544,50.20739223103962,2357.7443890591776
2021-02-22,53,2,False,False,0,35.26805093569543,45.77410369302863,229.70086928235048,13.539957758273628,49.51830182940071,3083.075112373646
2021-02-23,54,2,False,False,0,33.14864784456698,45.933010265485805,232.46780102167145,12.381032708438562,49.03396742074002,2779.350369660722
2021-02-24,55,2,False,False,0,37.23688643983758,40.65131619828936,231.45448528795004,13.713192344961458,49.121565650299246,3149.219120957474
2021-02-25,56,2,False,False,0,36.72544721791055,32.328304253582516,220.0223410977413,13.547429598424111,49.36550871137275,2965.5199325494086
2021-02-26,57,2,False,False,0,32.81377796669993,48.39932016377194,224.39378129952803,11.417130691695366,49.55557015098216,2546.2866791409187
2021-02-27,58,2,True,True,0,35.349325958253495,40.34297015895975,234.64704992395409,11.848065111243958,49.92012575100421,2255.018638377152
2021-02-28,59,2,True,True,0,34.78892281444558,38.25199480559796,229.33931705549227,13.50698843786235,49.49291789093652,2577.4306236033676
2021-03-01,60,3,False,False,1,36.32490269782273,45.867150480099255,227.3813434861429,9.86367931101697,50.16948794683413,2248.9931135475654
2021-03-02,61,3,False,False,1,31.74471662613576,40.27879034781449,223.2071299237126,12.452913371023802,49.883863248600264,2768.742463277025
2021-03-03,62,3,False,False,1,35.13101997143931,47.382896105534925,224.60131839362077,11.196843913808056,50.005272855870516,2501.8648142386733
2021-03-04,63,3,False,False,1,35.95752407313282,45.017913701389794,219.89100680019027,12.175648728396567,50.5701252763356,2683.534895677963
2021-03-05,64,3,False,False,1,30.402334491749258,45.205754014118064,229.49359640649234,12.377123950349441,49.40988413289981,2799.056000517205
2021-03-06,65,3,True,True,1,31.629791671190883,34.818548922809455,227.00781209709476,12.340648231049222,50.20935228914618,2247.148771769596
2021-03-07,66,3,True,True,1,29.991673772506157,47.573905483070135,225.1670605450734,12.168780186295301,49.99301338576196,2214.547388790385
2021-03-08,67,3,False,False,1,33.602466212964224,42.69177403540969,229.65938287416023,11.645240314927188,49.83325685951515,2684.923007326194
2021-03-09,68,3,False,False,1,35.64479738875827,39.415987377860354,231.81985315426368,15.054825129968592,50.44262816043298,3512.8844475926767
2021-03-10,69,3,False,False,1,37.28013093998402,41.86171946890284,240.46598966104972,14.65008705489894,50.439507077278506,3544.5350627442335
2021-03-11,70,3,False,True,1,34.4865618490688,32.15159223526497,222.44058290218393,11.639445866212492,49.52675460200579,1982.6732643986556
2021-03-12,71,3,False,False,1,37.65579167056154,42.96964412479444,235.7969052165026,14.401684925129254,49.90891970807104,3427.7162431684073
2021-03-13,72,3,True,True,1,31.695760957841642,35.67878611934371,234.86550780507537,12.437323671808574,50.140605841292036,2303.3279296492015
2021-03-14,73,3,True,True,1,31.103800284241228,33.96723759949935,226.1045363031165,12.98235702221717,49.86349662598871,2293.5038935537395
2021-03-15,74,3,False,False,1,34.45125286812582,33.02944840842927,231.01617977293014,12.8054305198788,50.2925106661439,2903.0390476573375
2021-03-16,75,3,False,False,1,35.37942873660162,46.121077942368395,227.71183375331194,12.223640710362936,50.140596008955136,2805.1447218220073
2021-03-17,76,3,False,False,1,34.59200988036036,37.33347201888869,230.9284429020937,13.881072156570712,50.91628062017801,3194.40563256724
2021-03-18,77,3,False,False,1,30.56575501843532,48.0763647166727,237.54565506702275,13.03607829613118,49.234860432035106,3012.565319160208
2021-03-19,78,3,False,False,1,34.562764472698625,37.66246164513887,233.02803116315656,12.44574994229802,49.9387820051263,2924.110496162291
2021-03-20,79,3,True,True,1,32.16954441404686,31.74424721275865,232.54304186616721,11.628955580716498,49.5457487442439,2091.4057570331433
2021-03-21,80,3,True,True,1,36.15240980037617,34.64382599560989,227.8484534002268,12.050324397095707,50.302053727719525,2203.5092894053323
2021-03-22,81,3,False,False,1,35.57793465971462,46.3567768201656,222.57971667537834,11.31204133465418,49.19141405497723,2529.755901571149
2021-03-23,82,3,False,False,1,32.99373485128515,39.355372124968376,228.95765894729797,12.974271875597129,50.17315635511245,3014.8377692672398
2021-03-24,83,3,False,False,1,33.87159111620015,37.35645729553304,236.03304077431957,11.773131892977664,49.68497578432583,2867.932359459982
2021-03-25,84,3,False,False,1,32.80379505040141,40.86691309418054,222.36416071705176,12.711106115735255,49.63291906693949,2758.2606269158264
2021-03-26,85,3,False,False,1,34.81682087439318,42.55057046352988,224.7245531591165,14.352755574292228,49.27675089822966,3222.792890231687
2021-03-27,86,3,True,True,1,36.86947460247427,45.60939976781163,230.63133868117035,14.187056561363123,49.767462026899494,2603.7671126019163
2021-03-28,87,3,True,True,1,33.001797638410466,47.251570535717484,225.0767260757637,12.959698025221849,50.54225026514546,2355.2286062560274
2021-03-29,88,3,False,False,1,35.99244724259133,38.202823597959814,226.03738276442394,12.908221537323543,49.98740565823526,2928.5240509866635
2021-03-30,89,3,False,False,1,33.93198487565195,33.36994677486601,227.88200709135913,14.877624583140058,50.313840208937236,3372.715638620871
2021-03-31,90,3,False,False,1,33.41193935527422,37.93730415478581,223.17191297904924,13.520061626298384,50.832320910983135,2995.2529073051032
2021-04-01,91,4,False,False,1,34.78584667745279,41.316402308120765,225.12939076891817,12.672165759332048,50.13187779241129,2797.054414361967
2021-04-02,92,4,False,True,1,32.928681941708625,35.21249694583567,233.51713958393654,11.573731858843761,49.72060021396883,2211.524885511263
2021-04-03,93,4,True,True,1,33.88816419617921,35.267745963361676,223.46315108884517,13.392512060226814,50.2336261075914,2417.1465658588927
2021-04-04,94,4,True,True,1,32.59304137067264,41.800559484805845,222.0106393275258,13.825962919337963,49.72785192684285,2501.497103522466
2021-04-05,95,4,False,False,1,38.9086218744867,39.87238010426871,226.84987510233051,12.362099958082531,49.74778865835142,2788.8210246697718
2021-04-06,96,4,False,False,1,35.037116121485155,40.31954078869929,233.65977751254923,13.281179460400542,49.24005360019051,3070.4356643867077
2021-04-07,97,4,False,False,1,33.551602095021806,36.40887342475259,229.01539096001557,12.621742638387063,50.46312874554219,2836.65757159545
2021-04-08,98,4,False,False,1,35.360528314142584,39.10100758109144,227.6770946094219,12.79573814860324,49.80699871217528,2931.242364243962
2021-04-09,99,4,False,False,1,34.68648454055288,35.689357943616635,230.22179398757802,10.485520134418033,50.09104912290793,2362.0055950121778
2021-04-10,100,4,True,True,1,34.44483670325696,44.82486265019175,221.27146283570175,12.744251366980885,49.48201903569668,2348.3844676225294
2021-04-11,101,4,True,True,1,36.08781489972516,45.61927984350562,232.47352826887516,13.927213752299545,50.217973814857736,2524.784686906828
2021-04-12,102,4,False,False,1,36.34428093989443,31.287051585361127,231.91717515701822,12.31737710037339,49.61902938093246,2870.2943084229655
2021-04-13,103,4,False,False,1,33.73513462123384,35.95116726200781,227.95345762952138,12.991367443151786,49.92914563914909,3039.7698633627333
2021-04-14,104,4,False,False,1,33.608469025034324,33.202554971452514,235.02962255898208,12.172080945205185,50.43891301561956,2890.7540782721426
2021-04-15,105,4,False,False,1,34.17107857198733,37.52728465051949,224.36251950523481,13.276796266179957,50.39537965611626,2987.5991468624184
2021-04-16,106,4,False,False,1,30.07553550076947,40.45811361921008,235.63954496626783,12.68729015153602,49.98898496374153,2941.2030958148644
2021-04-17,107,4,True,True,1,31.604323361244386,33.730643575604276,230.77246832797624,11.951170105010439,49.11593448364664,2137.3123602042374
2021-04-18,108,4,True,True,1,37.320926704762016,36.47877318583058,228.31723705060912,14.208704918627017,51.49640528503032,2633.776304716536
2021-04-19,109,4,False,False,1,37.82674539330703,36.1830919807546,229.90063182315845,13.789975003423553,50.87292948513657,3245.6313281513835
2021-04-20,110,4,False,False,1,33.98554372100895,42.359592070536216,229.4636761709453,12.24017797610834,50.36133741244415,2786.733735860552
2021-04-21,111,4,False,False,1,35.580725360015734,41.79588801359732,236.1014144820886,13.326071739589038,49.623398109204516,3089.351311825941
2021-04-22,112,4,False,False,1,34.99131377204139,37.97188647898104,224.61660436264492,13.348056041706675,49.94320391914902,2875.2865514029895
2021-04-23,113,4,False,False,1,40.46500092729027,42.601544596990315,226.187403804267,13.434473028125115,49.72828978511174,2989.670333526942
2021-04-24,114,4,True,True,1,36.48205704480009,39.12632332101096,235.1815144603624,11.078616270584202,50.631927969548194,2078.705759988012
2021-04-25,115,4,True,True,1,33.920001077632406,40.64910705532487,227.0223253240807,13.75935741921081,50.13125144542592,2578.9012150613407
2021-04-26,116,4,False,False,1,32.19496541974131,50.52763352230171,234.50266538665795,12.162114927356917,49.607918070820084,2885.7050518157052
2021-04-27,117,4,False,False,1,30.820665382731704,49.02095506008447,238.49717991504355,12.352239473532785,49.76462245043761,2961.228550308189
2021-04-28,118,4,False,False,1,34.36532017908354,35.98425971247715,227.99102486529182,15.325399624464925,50.56059407128495,3474.04758378686
2021-04-29,119,4,False,False,1,32.36787173572632,46.799534994803935,233.40681163287653,12.966045348609493,50.80004892341024,2997.2050184434324
2021-04-30,120,4,False,False,1,30.955614620540008,46.8817036069419,224.2315385933007,12.253714136473432,50.764165781743124,2817.951554179315
2021-05-01,121,5,True,True,1,32.42391741860816,37.262341725686355,233.77366649033905,10.409824583372059,50.37851603252699,1956.8712153388415
2021-05-02,122,5,True,True,1,31.46832527327032,47.281520106084734,230.99711992993383,13.97919051809609,49.87368756559868,2478.192164309578
2021-05-03,123,5,False,False,1,36.917504967643396,51.066247064746605,232.3651914108011,11.217756838440879,48.37924308733544,2572.9392325692756
2021-05-04,124,5,False,False,1,35.21577008742953,37.957744902729644,226.77213963982302,11.532308268559685,50.14858001190411,2572.2954194587214
2021-05-05,125,5,False,False,1,33.34330951155314,39.18170471478146,221.69458292216413,12.176424139168063,49.99908562057795,2672.1340705573616
2021-05-06,126,5,False,False,1,36.22343026501915,49.06108557072398,232.51626032374753,13.895474387872023,50.069991048160674,3259.069273106672
2021-05-07,127,5,False,False,1,33.320117129754394,45.538563418992695,219.68298423760274,13.222854141003507,50.0269486735166,2899.463813744481
2021-05-08,128,5,True,True,1,31.34223106055292,47.15146435478211,228.41324753878732,12.261602329122574,49.33686891902542,2236.7266560690537
2021-05-09,129,5,True,True,1,36.00807679236547,46.31464954432373,234.70590933209985,12.696840654986667,50.27870427842559,2449.6924833249977
2021-05-10,130,5,False,False,1,33.93431863815646,46.78736343506947,230.9594886793652,11.756563872365039,50.316108157015925,2680.4669260983924
2021-05-11,131,5,False,False,1,30.674348105017494,38.42819760451348,239.74171322394906,12.464305813666474,50.34116939102983,3081.4240062099966
2021-05-12,132,5,False,False,1,32.25820877173821,50.52824807382753,235.12554576290887,12.365002583149765,50.47328850178669,2873.762601154312
2021-05-13,133,5,False,False,1,30.77543176855057,51.37506919622062,226.73050805837212,13.226770378277378,50.30202582246081,3003.372277668885
2021-05-14,134,5,False,True,1,29.646620646557288,44.61991383402437,230.1365668992572,13.190844154984738,49.79498529423054,2414.4962908949183
2021-05-15,135,5,True,True,1,34.147930635928155,45.793448709897746,229.76314648727782,12.682650044465106,49.96458157604196,2337.375420685702
2021-05-16,136,5,True,True,1,35.99560241769988,38.603407142748054,222.08911618326937,11.790683183481784,50.045562433626685,2117.0955256867815
2021-05-17,137,5,False,False,1,29.258700953433493,49.08240140343026,225.29800541757822,12.858573124711661,50.05384972455331,2918.7026395180574
2021-05-18,138,5,False,False,1,33.058750742250915,49.627594843725156,227.1961954651007,11.987875214457885,50.499108827985864,2685.9437739041805
2021-05-19,139,5,False,False,1,30.50644895652651,46.716453694303816,219.81889748572033,10.960405859717916,50.32183437651125,2353.1585982068423
2021-05-20,140,5,False,False,1,30.706387874605944,52.91312078154897,230.23746734125822,11.600903800729661,51.03867171978498,2796.121299494859
2021-05-21,141,5,False,False,1,30.366775723613113,45.888678876282945,228.7546407767348,12.04999605541158,51.10323448994234,2732.293302036719
2021-05-22,142,5,True,True,1,29.692565593006005,50.65349222716548,221.63553049344213,12.836379923374436,50.03982479130696,2310.95892107957
2021-05-23,143,5,True,True,1,31.384671401848,43.007144567324154,232.02106432638666,11.70276027163035,48.08167222577031,2091.8474494980223
2021-05-24,144,5,False,False,1,29.4909457668112,48.266233776552795,233.5793637234548,10.636655088650377,50.618416233063634,2470.522491757569
2021-05-25,145,5,False,False,1,31.557154283808902,47.79419358466347,231.13517239432446,11.861613872971587,49.72981183050647,2735.276198205076
2021-05-26,146,5,False,True,1,30.77737630402646,50.077833346852316,228.37965912395515,11.876811796933973,49.599258039084496,2193.5785372269115
2021-05-27,147,5,False,False,1,30.259826585310424,47.39226192506721,232.9572107587593,11.907154432615727,49.800777362505315,2637.73477764636
2021-05-28,148,5,False,False,1,28.78076530001857,48.87432487433066,233.40110180238347,12.59863930318496,49.7766784765927,2948.843325228099
2021-05-29,149,5,True,True,1,29.298861724269845,53.95681698016544,231.53701784859845,12.654644555711853,50.306134905052694,2286.527857122425
2021-05-30,150,5,True,True,1,31.818082933270844,47.94066781060937,225.8769387478262,10.997979272104134,49.220282110436884,2003.5691978756881
2021-05-31,151,5,False,False,1,31.16245828540729,42.39243769399083,231.3830038275559,10.932043714998615,49.4611396271042,2477.672652908625
2021-06-01,152,6,False,False,2,28.057307644860654,59.476914102970085,235.97740325412738,10.463526729381854,50.17157927709871,2426.3817316834034
2021-06-02,153,6,False,False,2,30.061391681945352,57.94268355864422,227.01685470694136,12.157633791606546,50.311472015206654,2746.3064035296807
2021-06-03,154,6,False,False,2,31.214369323482217,44.88317467346328,240.48969669566216,12.862298631359307,50.320770822468006,3040.6338231844707
2021-06-04,155,6,False,False,2,26.220256372841845,55.10466697397963,227.37184533007309,11.052638152616453,49.60648186053335,2489.2820101892053
2021-06-05,156,6,True,True,2,30.491908228264823,49.45536636312382,230.16203506670067,11.080125788326491,49.51086717536688,1980.5106517618392
2021-06-06,157,6,True,True,2,27.92475588180385,53.604167951783154,226.63757201996833,12.741783576807638,49.74668258310604,2218.5549918563365
2021-06-07,158,6,False,False,2,30.234756925342534,54.07662978725401,231.1163541796013,11.733625729661872,50.11993637614236,2762.7306525688837
2021-06-08,159,6,False,False,2,27.409384453479632,51.75443855489096,221.28889153682363,11.617006534770455,50.74273868463627,2505.9120644141944
2021-06-09,160,6,False,False,2,25.16731545071061,49.33071368018575,227.2697910059164,9.942207389638169,48.97628140711463,2250.6293512001453
2021-06-10,161,6,False,False,2,25.36205243153135,50.12190150457141,224.53939399825717,11.763869261468722,49.88963562152082,2679.096629119601
2021-06-11,162,6,False,False,2,28.5522930200301,49.320615929468005,230.67669173946146,10.107700597502442,49.333660779487396,2300.863729799039
2021-06-12,163,6,True,True,2,28.813529825688267,50.0712403012356,234.97223687754453,9.854205260738633,49.17387866132326,1811.113427225702
2021-06-13,164,6,True,True,2,26.32243715914945,54.22494539907111,233.23003093557276,10.592549546040768,50.48347832267241,1987.7124310811118
2021-06-14,165,6,False,False,2,29.244313110289657,51.3141341521225,218.14170319570553,10.30434573437178,50.27231228724967,2303.704219949621
2021-06-15,166,6,False,False,2,24.47926662745424,58.6368050084441,240.2103482646394,10.619092331212608,50.22471675797363,2492.3501038806185
2021-06-16,167,6,False,False,2,27.504495329985435,62.99780051659633,231.47639970310433,9.350014843659102,50.460512919865494,2156.800381579921
2021-06-17,168,6,False,False,2,25.048189405284443,52.99764379577741,226.117504297535,11.69988284791048,49.760140551616935,2558.9235803946876
2021-06-18,169,6,False,False,2,25.999384486701803,57.432488305812,230.78563959495472,11.818603305208267,49.783681241833236,2707.9038727274265
2021-06-19,170,6,True,True,2,27.23000649703079,59.07256266788512,230.88094911251346,8.693220272178573,51.09286530836129,1607.389392054689
2021-06-20,171,6,True,True,2,25.245902167367863,59.27383494131075,226.66575641524219,11.56847647504728,49.87671447287021,2055.010744543068
2021-06-21,172,6,False,False,2,26.028554768795974,57.63420089731514,230.98958333671038,9.728771127355062,50.367566056527046,2224.3951973947023
2021-06-22,173,6,False,False,2,28.64065574781405,61.309251193811555,226.96263856189847,11.345396575798338,50.00319077048166,2504.569803958946
2021-06-23,174,6,False,False,2,25.304208230152454,60.349210814454594,227.97819003654988,10.36895109809321,49.075870734960795,2367.7486344898607
2021-06-24,175,6,False,False,2,27.958865998656094,52.09239191361458,226.56860432122457,10.415020096438742,48.97768549809937,2412.501279671789
2021-06-25,176,6,False,False,2,23.857176361901715,62.96973178589997,222.83664355130173,10.149879371943868,49.710507890030044,2206.907858206043
2021-06-26,177,6,True,True,2,27.004975854002556,63.404060841868635,230.72918235107693,11.495739453685083,50.52805062583499,2090.788463408201
2021-06-27,178,6,True,True,2,28.657002033650432,55.49513724665218,232.9264971825817,8.992571425175361,50.394145828318,1700.8138425069278
2021-06-28,179,6,False,False,2,20.658843773403355,59.845422054121315,232.57441798038187,10.788480170832388,50.45703858211202,2569.72903259037
2021-06-29,180,6,False,False,2,23.836431819104355,63.416644964055344,234.09962626317616,11.230396863903142,49.506476910531845,2554.3722180164245
2021-06-30,181,6,False,False,2,26.412328656632408,59.29769802521989,231.62170105007434,10.793795401221809,50.80793624506116,2491.6380147466675
2021-07-01,182,7,False,False,2,24.6799791968009,66.05332247128497,227.33637250891547,12.350519904989483,49.517553349906805,2821.878934915441
2021-07-02,183,7,False,False,2,25.656221777855738,72.85175581756188,234.19831932215595,9.445232246609237,50.10641219933498,2206.954698231872
2021-07-03,184,7,True,True,2,23.533845224297032,57.44611837287149,223.21241230079033,10.879849501912135,49.99482385504613,1818.9743588892338
2021-07-04,185,7,True,True,2,24.742957244900495,54.814072958980056,225.4966430874376,9.764842665644988,49.91306308984271,1786.6058935693832
2021-07-05,186,7,False,False,2,24.086512755557912,63.58112692697308,225.17899964288378,11.052766244255292,50.669296069147805,2564.8176637225724
2021-07-06,187,7,False,False,2,26.561699330984982,66.01197342361777,235.40028029569655,9.76015156657824,49.64744473991702,2303.375502059475
2021-07-07,188,7,False,False,2,24.563474188430433,61.59124357304145,234.71394257070037,9.328513968685932,49.32519737214404,2137.976989251413
2021-07-08,189,7,False,False,2,24.55861525293346,70.35247972989079,232.43652618522498,10.971095182506545,50.00999774310321,2524.426890351064
2021-07-09,190,7,False,False,2,22.888764293229258,56.73283388501331,235.35964932605899,9.12219352862333,49.80008663285674,2235.4919233640107
2021-07-10,191,7,True,True,2,22.56679558265627,67.22912731202294,225.60358608794007,8.14987665033982,51.688691459541324,1516.411245835854
2021-07-11,192,7,True,True,2,22.506813494975592,61.07278589357792,231.7429755993049,8.994732078010623,50.33825373821999,1699.5741121005776
2021-07-12,193,7,False,False,2,23.99123842750097,73.03531979111979,229.37412785808417,10.079733189411847,49.79532971239069,2329.850638540246
2021-07-13,194,7,False,False,2,22.191302140423712,74.7360320859596,234.23441051942456,10.802020082206361,49.47194421540646,2497.1479507650442
2021-07-14,195,7,False,False,2,23.444340559394867,61.273782963407,229.42387883723902,9.470566628977124,49.05985579471561,2162.7455717736584
2021-07-15,196,7,False,False,2,26.847744894984757,62.691377471139205,228.0752855579496,10.62728005654219,49.48739045713128,2419.9237968162374
2021-07-16,197,7,False,False,2,24.27202760205403,70.06758809251119,232.70454259280496,7.900758537079601,50.05747088587957,1866.0211173105297
2021-07-17,198,7,True,True,2,21.711298008384244,64.1627712441782,234.38084583595617,8.765740056998075,50.71366432579738,1719.0631998632102
2021-07-18,199,7,True,True,2,24.600121092335726,66.1983371441861,226.658274025766,8.870732857248251,50.56084457119396,1664.4169058536886
2021-07-19,200,7,False,False,2,21.216721061221996,66.87740009459432,229.69462164323812,8.99530211470701,50.11454741582319,1995.2032980144443
2021-07-20,201,7,False,False,2,17.792680520286027,57.475156662539156,224.70779683179174,9.144773265442717,49.83841616714876,2066.1016014489555
2021-07-21,202,7,False,True,2,19.68974255591989,67.32530212734228,217.5096949125353,9.702685510718602,50.13440617820608,1725.180699473339
2021-07-22,203,7,False,False,2,17.802293031240957,64.26462925455128,231.00229815706865,8.518356223817309,49.74068100125771,1998.702880729599
2021-07-23,204,7,False,False,2,20.679835724619707,65.5641456721206,233.04452678127316,9.053887494763822,50.85918199788194,2078.497238578751
2021-07-24,205,7,True,True,2,21.259757106339457,75.56203206959042,231.31033404543362,8.821753214064055,49.90540490936246,1778.1556070376455
2021-07-25,206,7,True,True,2,24.4169718579859,62.372977379612344,220.25219141122815,7.893339266139451,49.95683107087664,1326.9659886190516
2021-07-26,207,7,False,False,2,21.560295159372114,73.0306127685481,228.24575284961762,8.658265434471701,48.89208878748967,1922.0528901295127
2021-07-27,208,7,False,False,2,20.31179554268673,67.87619076639797,218.9082611997446,8.581339450194221,49.90228257673862,1890.2058518698682
2021-07-28,209,7,False,False,2,22.253623318862026,68.17587595983659,236.84850553827093,8.513363081945467,50.41824206898247,2122.217475811665
2021-07-29,210,7,False,False,2,16.01866244689964,73.82737048345811,224.56972708940958,8.664039376056074,49.466138711480724,1903.8712156376025
2021-07-30,211,7,False,False,2,20.75963403947849,71.87367534988654,236.2770180472995,8.662195017591793,49.624639832753594,2033.3861902184142
2021-07-31,212,7,True,True,2,21.679003316687034,73.32137713340866,234.72934821842074,8.1088866995666,50.39635550886683,1576.579635463816
2021-08-01,213,8,True,True,3,17.030409373982565,75.6010267334303,225.4970482373197,9.768989293633938,49.26167138824097,1761.4094922367585
2021-08-02,214,8,False,False,3,22.12688417625533,69.39216434743577,224.33607524366127,7.282332197749426,50.528900503770956,1616.9596311371376
2021-08-03,215,8,False,False,3,20.369692333369496,68.27285145328361,231.7518510819317,7.686839747044304,49.73392805491345,1809.720985442021
2021-08-04,216,8,False,False,3,18.71701978679189,66.19025283628703,225.77837981408464,11.144242308601605,49.805715889754396,2529.7548722031243
2021-08-05,217,8,False,False,3,20.66967110811081,67.76748108932048,230.51242321079104,7.283240857780242,49.4380607974372,1730.3994382366034
2021-08-06,218,8,False,False,3,23.803663036565545,86.91500952884616,227.5858620459654,6.924928521577268,50.18902313021394,1640.5892716431233
2021-08-07,219,8,True,True,3,19.485879987192256,78.66433287250128,221.09420792767185,8.971120988123797,51.22993599251469,1602.1204642743032
2021-08-08,220,8,True,True,3,19.480200540351444,65.95327418676344,218.8476599043777,6.118007956551358,50.39074861973032,1085.7160159230184
2021-08-09,221,8,False,False,3,17.928432201286235,66.36030143698177,231.133421242473,7.918872290137577,49.56785736902973,1841.021593916022
2021-08-10,222,8,False,False,3,17.012683115112072,75.64202267343802,227.19221126834688,10.259536481288986,50.56781029274574,2355.343307604784
2021-08-11,223,8,False,False,3,20.240124500722857,76.22519636354873,227.23455091542934,6.528899938136909,49.841660227032875,1486.350177307888
2021-08-12,224,8,False,False,3,16.736268776091418,76.48547452106015,233.47931919546892,6.052566442634031,50.68724249071378,1413.1186682954203
2021-08-13,225,8,False,False,3,18.462493832303455,72.71438757326446,235.8672113831622,6.496627205401701,50.40333820108218,1592.1726983754477
2021-08-14,226,8,True,True,3,17.236951011699606,73.60586114562099,228.63727639319094,8.856039339915938,48.52842921726413,1695.6623804652183
2021-08-15,227,8,True,True,3,19.02514738262301,76.11227838671503,228.2970064654507,9.044933039324881,49.49796018352249,1576.567262014986
2021-08-16,228,8,False,False,3,18.61148810950212,75.13780549074636,232.50071516556943,7.370660372699959,50.4721926114177,1714.1848654822916
2021-08-17,229,8,False,False,3,19.89831075175618,63.842939890193435,223.21532215150214,8.530181662973185,50.07582863607251,1869.632526239134
2021-08-18,230,8,False,False,3,16.684391661425632,74.01711801669528,231.11576527373848,9.201582665252527,49.48812202614607,2111.0822460851005
2021-08-19,231,8,False,False,3,17.0480300209273,71.13126436637718,232.75942985911078,9.563680381884039,49.683205242253095,2246.1626035288577
2021-08-20,232,8,False,True,3,15.515804293115302,76.48197411595807,233.40115104208815,7.495664236224127,49.04688168995531,1433.0692470249041
2021-08-21,233,8,True,True,3,16.472527351942347,90.7452081481526,220.31623648748769,5.406862443958385,49.9558133562368,947.3693457061937
2021-08-22,234,8,True,True,3,18.005760572419298,77.86463009086505,226.1932236509553,6.854468953489191,51.10534486300788,1144.680526467948
2021-08-23,235,8,False,False,3,18.65747868250356,74.66313274928523,225.60868373588266,7.216246239828599,50.402466695366165,1579.7955366529338
2021-08-24,236,8,False,False,3,15.193840713818597,81.03853857593455,230.49943477204607,7.352512612073763,51.09520850059421,1739.5749847473508
2021-08-25,237,8,False,False,3,18.674412377001875,79.03685196336222,232.40372289883993,7.392700760028447,50.44119854489499,1581.069857805948
2021-08-26,238,8,False,False,3,19.545895203150742,78.91284056494878,237.4835520372299,8.669280443592921,50.51373967167635,2118.1828709354395
2021-08-27,239,8,False,False,3,17.563327819208308,80.03059479662892,227.52517259815963,8.795365830515854,50.98703934387251,2027.2286281843024
2021-08-28,240,8,True,True,3,20.39433683092977,87.45799698966377,227.51213750845392,7.3205499078193075,50.188631629671114,1398.2199698887298
2021-08-29,241,8,True,True,3,14.999931028262221,71.69468491796236,235.74836009439375,8.562737703992628,49.90638633924656,1604.9926379637093
2021-08-30,242,8,False,True,3,13.967468895878898,79.88599448694214,231.48288469265154,7.794694857381608,50.516328758311005,1340.4004895073913
2021-08-31,243,8,False,False,3,12.811138221692328,73.04944454895958,236.33825755593986,7.475079588712837,50.72692011856094,1788.1654171636883
2021-09-01,244,9,False,False,3,19.275025435885148,80.61719016090221,231.44364001504917,8.291425200982,49.7600176786439,1982.7302856297017
2021-09-02,245,9,False,False,3,17.50860927297276,73.39918483561439,224.21441690643366,7.432215436317309,49.63921545882999,1712.6459406525519
2021-09-03,246,9,False,False,3,16.00825743188416,76.05344218802729,223.33435822611096,9.393639209209283,50.06942801621544,2064.787810021986
2021-09-04,247,9,True,True,3,16.601544345290556,76.80711019251714,222.24243875470535,5.874070961000714,50.415749433465834,1048.712338405928
2021-09-05,248,9,True,True,3,13.715463882156405,83.29850935105624,233.31025917379236,6.77476169393393,50.39904552433078,1237.8553118829284
2021-09-06,249,9,False,False,3,20.78545765829149,83.143105891296,235.94298411543505,7.1416672127634016,49.2879161999062,1644.06295052929
2021-09-07,250,9,False,False,3,16.08260610335652,72.44815769422658,239.2468107069319,7.686701812279811,50.95580303353166,1886.7883220021308
2021-09-08,251,9,False,False,3,15.975882367278851,79.07179171383716,234.2155266616162,8.49508832052381,49.679417535301575,1929.8049694651704
2021-09-09,252,9,False,False,3,17.14429393741759,75.36402847479698,235.81419288767492,7.183429639649906,49.86746750155571,1649.2638411103633
2021-09-10,253,9,False,False,3,16.593205000519113,72.72860577252641,227.09991833673158,5.767126311607498,49.54867282000609,1254.5126327300597
2021-09-11,254,9,True,True,3,16.020156614654056,78.03961127971625,224.21792091628072,8.014230466283742,51.349164417968545,1363.0348981502923
2021-09-12,255,9,True,True,3,13.935435288987659,77.68018173516691,234.25039666208778,7.90987402610545,50.121035335143986,1489.6336171220078
2021-09-13,256,9,False,False,3,16.406126747967537,91.44838118482471,232.08840376119701,5.197098350729258,49.57451245965922,1264.2614128348018
2021-09-14,257,9,False,False,3,19.176870823077103,81.56607756383363,230.53722187170447,7.120042415367312,50.431961774981225,1632.1909602352173
2021-09-15,258,9,False,False,3,18.05613460666847,72.59392159967722,231.93685740316494,5.5194465236272565,50.38456788965502,1204.875691266721
2021-09-16,259,9,False,False,3,18.506995423038152,76.73309680925843,231.61592741229103,6.431535553425745,49.90613648821006,1531.6432988789277
2021-09-17,260,9,False,False,3,14.256386680847019,84.73304588257918,236.4190842992678,6.180836483150016,50.42030335639169,1545.5527892515822
2021-09-18,261,9,True,True,3,13.260684853159155,90.13169019939147,236.47492792408477,7.881233046344882,49.587354019584566,1458.659097062527
2021-09-19,262,9,True,True,3,14.952289243345804,71.81707228668992,232.72110176170173,7.177989099235713,49.75354086252538,1312.4479119502103
2021-09-20,263,9,False,False,3,15.282184304777568,70.39902797605184,234.22901436281464,5.765629343304026,48.99489167271697,1376.2607097675939
2021-09-21,264,9,False,False,3,17.328901537303594,89.19927006521755,232.57031276212388,7.9222215130658515,49.33802445789022,1923.5672224538039
2021-09-22,265,9,False,False,3,11.728294838246958,81.83242902473357,227.6941513398269,5.600161405374564,50.90381540283534,1249.1322912765525
2021-09-23,266,9,False,False,3,18.147959998986682,75.57691626356176,233.7828233745657,7.35677159849058,50.82071431386116,1653.2643461670345
2021-09-24,267,9,False,False,3,14.751415710167878,82.61964489277528,223.0275246557037,6.206218782906201,50.03289432432448,1415.7285429369244
2021-09-25,268,9,True,True,3,14.195184749098186,66.78996972802689,235.26945776147943,6.649006984167388,50.83146572359492,1291.4000179109958
2021-09-26,269,9,True,True,3,13.009202231937964,80.00187775777947,224.02738530116983,7.514294042775874,49.919962756695845,1347.03268995155
2021-09-27,270,9,False,False,3,11.711115047614541,81.63447590381324,231.42901643397366,7.527697916463353,49.878294848716045,1714.221061836314
2021-09-28,271,9,False,False,3,16.657544012073494,84.62116549241296,225.7742302078692,8.340329926800859,50.02825532423278,1932.7505054527205
2021-09-29,272,9,False,False,3,15.151173127503235,74.92885341163206,232.76694491537214,6.919107458266476,49.937539202338215,1636.9413048292515
2021-09-30,273,9,False,False,3,12.420911613970514,80.41936142076395,229.83037387036046,7.306700886999127,49.89240183821991,1640.880020772729
2021-10-01,274,10,False,False,3,12.409935058510866,75.35047118140274,222.02622020918335,6.562290458387104,50.571699053574775,1459.4552829557615
2021-10-02,275,10,True,True,3,14.330745581620835,81.23526199567942,232.10349815509238,7.182684376683126,50.0750678269781,1266.115559376434
2021-10-03,276,10,True,True,3,18.34554293818195,75.45644642326828,227.11039611583644,7.441736014289461,50.3562408822169,1386.3710140177081
2021-10-04,277,10,False,False,3,14.49646308571715,77.86160202621285,234.40573360406685,6.90638388907893,50.515690262638664,1605.784303601712
2021-10-05,278,10,False,False,3,12.020464362682233,74.88606001139713,230.00662844367204,5.204274596583037,50.19409289782737,1175.2321118358789
2021-10-06,279,10,False,False,3,14.54932391035632,83.07796248898737,231.9771049269402,7.343713907889358,49.51486433704588,1701.9297675062578
2021-10-07,280,10,False,False,3,14.512373791565139,84.06580738793014,225.21215522492395,7.3819077566736,49.323567055517984,1664.5107405185572
2021-10-08,281,10,False,False,3,9.684004619937532,78.54586014948954,227.05333884286318,6.3431598953982515,50.074390317403655,1484.9821361425977
2021-10-09,282,10,True,True,3,14.992085316090845,79.84972101439978,227.70680681949457,5.745815478665426,49.91437184758753,1076.243562743005
2021-10-10,283,10,True,True,3,14.66463651564278,72.34931675974208,234.2835124012128,8.513830823322007,50.043695714460064,1587.8996874824313
2021-10-11,284,10,False,False,3,16.547674562105914,78.02182777261343,238.38688543902745,7.538024060638125,49.99197298037571,1835.149485665923
2021-10-12,285,10,False,False,3,18.884847487174596,79.1913408473725,225.97414124128562,6.826999558263462,51.29178683008328,1562.7622251178027
2021-10-13,286,10,False,False,3,17.47464664403895,92.46272111563115,235.3842407232884,5.9294220923355425,49.33488687217933,1374.3625353179918
2021-10-14,287,10,False,False,3,14.721218067166133,73.70957584241216,219.1516129113715,6.255883806061393,49.00502686508944,1364.7511183726594
2021-10-15,288,10,False,True,3,13.086308964001589,86.49524253350812,224.02905299453855,8.39239863123171,50.1661884167598,1496.7017497238455
2021-10-16,289,10,True,True,3,20.48932022995117,84.05791379993796,225.20610771906613,7.240442127903481,49.811788722705906,1329.7364989909468
2021-10-17,290,10,True,True,3,15.507139029305968,80.3704136226941,223.2374565527964,6.5660235813823915,50.158033934864974,1154.2747924427085
2021-10-18,291,10,False,False,3,15.465510317906833,87.64832528878408,222.0820580510621,7.640984751448939,50.291941511142,1677.4051598174817
2021-10-19,292,10,False,True,3,15.441184662828457,80.59815428894294,232.064994560689,6.332432263668215,50.64205234758945,1274.0665525309746
2021-10-20,293,10,False,False,3,15.940205647264282,80.56027459909923,228.9296615113607,8.66405386799895,49.24638708980803,2030.4456934045502
2021-10-21,294,10,False,False,3,15.312718596733161,78.22021117877414,231.89702698802554,8.53323236107104,49.721641051071416,1940.8011819091269
2021-10-22,295,10,False,False,3,14.514303698010275,84.46951693328101,233.45236343060756,6.731914242328448,50.214380629440384,1600.128339980854
2021-10-23,296,10,True,True,3,14.63086528172725,83.69443877093875,231.32808496586267,6.58870470223155,50.385231797843616,1225.2394562209981
2021-10-24,297,10,True,True,3,15.724780582401657,74.93872960901263,233.28881588075186,4.618952938157816,51.096724775144196,881.6176080044099
2021-10-25,298,10,False,False,3,14.771870575879134,71.32054984170435,229.65233856878865,5.776035263892631,50.47785198555693,1333.3470722369882
2021-10-26,299,10,False,False,3,14.50417030661931,76.74624326561157,224.06503305847127,5.939488786634335,49.97160570205686,1390.3138836019036
2021-10-27,300,10,False,False,3,16.21655175886136,73.60005125748248,235.289070904104,7.436297732030655,49.55478212352867,1766.960601568361
2021-10-28,301,10,False,False,3,15.570232100562805,77.11650350110966,227.05443933609436,6.997822256179994,49.71785507364049,1585.782174039877
2021-10-29,302,10,False,False,3,19.167310877731737,83.45003323441892,225.32201850618787,6.002461982754667,49.703648588521446,1404.5963788100871
2021-10-30,303,10,True,True,3,10.939143331771545,74.79993511956259,229.110410620978,7.091160842102712,50.32761681425688,1311.3912699052357
2021-10-31,304,10,True,True,3,18.508450156548953,76.69086424050339,225.43594540351742,7.902968083458557,50.12849872279291,1431.3643940770962
2021-11-01,305,11,False,False,3,18.90453080223723,77.00862326241472,227.91284809005285,7.951547475088178,49.33817521457891,1827.960961894921
2021-11-02,306,11,False,False,3,12.355048619908423,80.76923838550461,231.72026960781733,5.550878444558535,49.78204926545478,1281.570598565007
2021-11-03,307,11,False,False,3,15.908440755494517,65.09631435899529,231.74170869623063,7.349881302612734,50.43877377672571,1703.7354014317257
2021-11-04,308,11,False,True,3,15.94541200435034,73.0960974525924,225.51084966787187,6.123147343930966,50.17583117748703,1075.3341986990624
2021-11-05,309,11,False,False,3,13.970211077540212,76.98007573704967,227.56147313525628,8.43729903723303,50.28432230800639,1882.445837214234
2021-11-06,310,11,True,True,3,15.32897603474464,81.7133918837086,235.37166502385122,8.349529239331416,50.19146085502863,1522.2655600572903
2021-11-07,311,11,True,True,3,14.765237427321571,73.03816858980979,232.4820005886697,6.69788950915151,50.81321536730443,1176.111837907671
2021-11-08,312,11,False,False,3,20.595084319279472,65.89500872560149,240.37532519674272,6.861117827329268,50.118021531912184,1605.257560888214
2021-11-09,313,11,False,False,3,19.06839827558716,78.15189378047084,235.90064086870763,7.197845396289365,49.80698860106465,1689.2629901351918
2021-11-10,314,11,False,False,3,19.848961921148938,71.64762827284378,235.7214653427997,5.438962124616847,49.54212247943322,1287.236001080952
2021-11-11,315,11,False,False,3,18.860286043300842,68.64281778627794,223.060657247721,8.061050748004888,50.12480472910486,1784.5384497998214
2021-11-12,316,11,False,False,3,15.272175580599988,71.23181132495311,233.81930175816711,7.486239190570204,48.77964799261246,1632.6420458273835
2021-11-13,317,11,True,True,3,16.596789237800593,73.1890454138643,229.73446599151544,8.763924013675902,49.907855499083645,1689.429640505759
2021-11-14,318,11,True,True,3,18.74230873949671,70.84190121504848,227.24509098230874,6.73065866714971,49.89708007003933,1277.9313190943597
2021-11-15,319,11,False,False,3,15.43917815939836,62.587637904044975,230.84007670266266,7.245907184904744,49.31776457319136,1694.933762904642
2021-11-16,320,11,False,False,3,19.431413589828303,77.84660826870633,234.72605767305743,6.395099760805943,49.535867080672006,1596.4710889075548
2021-11-17,321,11,False,False,3,17.648821531447055,79.47750235057532,232.50415795502107,6.934551134834744,50.40482876507412,1563.4437665266023
2021-11-18,322,11,False,False,3,17.505922196571348,76.09870422142882,225.6076309932897,6.794687147432944,50.11535587453748,1627.3145267041998
2021-11-19,323,11,False,True,3,19.805573753984195,66.88682793979261,233.7122945679631,9.011069824119607,50.050894166853666,1636.537540248173
2021-11-20,324,11,True,True,3,19.402231012622263,71.29823432952897,226.81206228962017,7.355849468143663,50.15317376696601,1346.6532064739038
2021-11-21,325,11,True,True,3,17.923744659460063,71.99987468835116,231.08341559482142,8.21787878207408,50.04631379397446,1455.5205320680018
2021-11-22,326,11,False,False,3,21.098192122319816,74.74967699365902,228.48324966261433,7.753096350815591,50.62143128142916,1772.1873539589212
2021-11-23,327,11,False,False,3,16.753104643648943,74.8171478016769,228.90566874132188,6.9051041236418085,50.06171459085182,1599.925802050607
2021-11-24,328,11,False,False,3,20.28460434428089,67.52091625431105,233.83121487520253,8.047519515946066,49.27089344309063,1874.0267485888426
2021-11-25,329,11,False,False,3,20.378199781398752,71.31478655288082,224.7990314009205,8.85670251150219,50.81506498243721,2026.6720181962992
2021-11-26,330,11,False,False,3,18.713889558460835,72.90100298631488,239.72597537138466,7.092135338583294,50.18517013366442,1705.1197839821084
2021-11-27,331,11,True,True,3,20.127912912808032,77.60035943105089,220.89456965352753,9.151806851228518,49.70537313460247,1591.1468123445873
2021-11-28,332,11,True,True,3,17.117721131846405,73.54736896803914,227.01166158372573,7.536263563907405,49.37329914085249,1340.3151051302916
2021-11-29,333,11,False,False,3,21.6138979647583,73.67073757905139,231.8510594497087,7.946769251830508,50.197957110479024,1883.012558870057
2021-11-30,334,11,False,False,3,19.54348628859298,69.84232329312408,232.92157083217654,9.004670291453735,49.94141399751281,2064.694847620888
2021-12-01,335,12,False,False,0,19.016798457362146,76.1704295961867,229.49762139714147,7.85523719230058,50.78707339301621,1848.5283996675898
2021-12-02,336,12,False,False,0,22.310680050515895,70.85918966680738,229.71304648499228,8.601373338988502,49.82704635966659,2036.9832632954356
2021-12-03,337,12,False,False,0,18.95580990988597,64.19456724852324,232.05275042663808,8.294658358503353,49.581309605158765,1841.3625928226998
2021-12-04,338,12,True,True,0,17.70078398986877,75.20396902693838,228.8446526127116,8.784679981482588,50.447898109117965,1664.9079503060316
2021-12-05,339,12,True,True,0,17.558985727447876,71.36132189582447,236.96590628967454,6.320934116825207,50.46264094635841,1301.297840194882
2021-12-06,340,12,False,False,0,22.040083876568108,65.33893919843688,234.196745571158,6.918737376954965,50.0843256838051,1632.9459652044795
2021-12-07,341,12,False,False,0,18.424261402947696,64.83680977759913,234.36412175502818,9.411503038428918,50.338178523837456,2235.672853260914
2021-12-08,342,12,False,False,0,24.652954301532652,68.39512397911848,225.16921638314793,9.880191186918228,49.98115643962888,2276.5651734925195
2021-12-09,343,12,False,False,0,17.138895755325823,68.90409362082853,229.60305787797148,7.980339667796459,50.11693255050462,1818.5362748719908
2021-12-10,344,12,False,False,0,24.856151514816354,67.24860214687257,228.49767025639647,8.694943281299748,50.582495441281964,1995.8882939653934
2021-12-11,345,12,True,True,0,22.0468059384641,67.49079975268424,224.97199312155266,9.282150554119962,50.31265916701075,1604.8691520105983
2021-12-12,346,12,True,True,0,21.593877159335563,74.10440037686621,231.80082091972884,9.729408616581608,49.91536278083369,1811.159674936203
2021-12-13,347,12,False,False,0,20.860949579819206,70.63102561573457,227.3117712111009,7.057559054360283,50.67618127296308,1629.1718488558054
2021-12-14,348,12,False,False,0,22.913447899898046,65.89362156594383,233.27701914925117,8.248512454379794,48.817572313604245,1949.9965489195156
2021-12-15,349,12,False,False,0,22.20514901980925,69.31266630844966,224.64904218552834,8.85154614754781,51.02603665571097,2041.7626000874977
2021-12-16,350,12,False,False,0,24.653070812871164,59.10779879115823,238.5952030642091,9.937080311887485,49.147020452554635,2332.199585973372
2021-12-17,351,12,False,False,0,22.84172763726458,65.92309304560558,225.51833670703968,11.782412185703645,49.686453587613855,2630.5196606829672
2021-12-18,352,12,True,True,0,23.081388392882086,72.6418634631768,231.09651168600217,9.106229734177782,49.97954123240247,1778.309708243437
2021-12-19,353,12,True,True,0,22.221730576886095,62.16591078180848,233.95929655194033,7.977709038290154,49.92675966463592,1485.6509370673514
2021-12-20,354,12,False,False,0,23.003841654125427,58.67781429530208,227.14679784899943,9.837587947671565,50.503205520013275,2244.578290237123
2021-12-21,355,12,False,False,0,23.90267209596934,59.31451910608632,234.26234321716476,10.807116356996277,49.47108169069488,2528.349899124236
2021-12-22,356,12,False,False,0,20.03657500804394,56.78501495572196,223.85408201099793,9.645087658986657,50.13038340874153,2118.0082025028123
2021-12-23,357,12,False,False,0,20.93084143465592,57.966925455705464,237.2605884959128,8.681515138505912,49.710893950890124,2140.9578513426786
2021-12-24,358,12,False,False,0,25.284447739051902,59.695189091719115,230.0707463248288,10.59736980678196,50.14757048966871,2411.759709930502
2021-12-25,359,12,True,True,0,24.31071390178153,54.176430451422654,227.0179429601556,10.35424052615613,49.96761387010106,1824.1144319447687
2021-12-26,360,12,True,True,0,23.772385339920177,60.93853632983863,228.50409113786282,8.716024759592036,50.04646782634149,1570.7808389554125
2021-12-27,361,12,False,False,0,24.34884359810758,65.0277546734759,234.0445963469636,10.17501833712738,49.72503758376783,2281.322759449654
2021-12-28,362,12,False,False,0,25.1789667384908,55.63335903703917,227.0777235407478,10.84240656598911,49.74496802495196,2429.504627458905
2021-12-29,363,12,False,False,0,23.57626452315382,67.42427968043509,226.2532115528861,11.078625207690656,50.14363625701371,2458.1681029381543
2021-12-30,364,12,False,False,0,23.27125698763702,62.03759163809532,228.89231701208132,9.881910956223038,50.47185775287802,2292.7649268233295
2021-12-31,365,12,False,False,0,25.39169051019537,64.29245826802968,224.11518943615016,9.641920553820682,49.70086033290108,2127.230139469839
2022-01-01,1,1,True,True,0,23.215388006328283,55.50656168342345,239.10271953970908,11.278913890548766,49.56561622771355,2201.845384526471
2022-01-02,2,1,True,True,0,26.1607216276564,62.724896550663814,227.16802704392637,8.893104331887352,50.30673008283592,1686.107371949982
2022-01-03,3,1,False,False,0,22.111029463756857,52.64959550167946,234.15808393090202,10.593438292590767,49.98374805347115,2519.59797964768
2022-01-04,4,1,False,False,0,27.746335542674487,62.21805736174864,231.04735041823886,8.83638065304253,50.41524906699298,2030.85292272946
2022-01-05,5,1,False,False,0,26.804842952200552,58.284233149916034,225.07732974759017,11.323270668471942,49.54710139331443,2555.6672509041546
2022-01-06,6,1,False,False,0,26.5430764431021,59.85027216152642,229.97022645393636,10.051259576731143,49.11028053728828,2235.2411940009547
2022-01-07,7,1,False,False,0,28.167462416884554,50.8658867131054,233.92001389655374,11.629207370345528,49.73349795908683,2713.615381051069
2022-01-08,8,1,True,True,0,29.703736610057803,51.92931907410573,229.05869332456848,10.90324907269532,49.61682369536749,1954.965265063781
2022-01-09,9,1,True,True,0,28.571828336679072,59.05268329539539,235.96556472925514,9.239706231930914,49.96060579995985,1778.918318217462
2022-01-10,10,1,False,False,0,23.031182979151485,50.98784167008307,235.1075769639093,11.938507164621676,49.6815773928648,2935.4711115026967
2022-01-11,11,1,False,False,0,24.32311316496104,57.70991805588337,234.59457427329164,12.115925395957461,50.370508475668224,2867.321441990294
2022-01-12,12,1,False,False,0,25.801407843294832,48.22386735808006,227.70171613863502,11.497599992205073,49.85592486878874,2518.4662422529186
2022-01-13,13,1,False,False,0,27.27139723046332,58.967561208773205,224.60078776109256,9.904176673976277,50.07523724938695,2206.4243734543907
2022-01-14,14,1,False,False,0,28.422045700997746,48.232769922173134,226.93206197318602,10.410004343660441,50.07881727922047,2368.48829712541
2022-01-15,15,1,True,True,0,26.102045324854938,56.8272433029278,230.9812047033336,10.91148710275432,50.09747754620609,2020.6466201422775
2022-01-16,16,1,True,True,0,28.09311510429521,56.866013849513465,232.72893356766178,10.112164073270884,49.98793544477251,1846.1738723864073
2022-01-17,17,1,False,False,0,26.374058464099445,49.92797126336152,219.14214297619776,12.557793871105032,50.25530034520516,2764.206447099166
2022-01-18,18,1,False,False,0,26.826176640578996,55.99788658200896,229.95943399194124,11.059090145694904,49.6021724330871,2481.017068523886
2022-01-19,19,1,False,False,0,25.3993744232272,54.06793670207243,230.79044612661593,8.260460937969736,50.69970896332694,1859.1900289512662
2022-01-20,20,1,False,False,0,26.528762503719324,49.75163141495701,228.61227871842223,11.351924511538561,49.881731308315736,2627.4792125025283
2022-01-21,21,1,False,False,0,25.83339201053105,47.08542104648963,236.4563691950794,10.712870969711801,49.34422543105066,2482.3434116094304
2022-01-22,22,1,True,True,0,26.745498922952063,41.999752365324674,232.10890037125435,11.03424707255357,50.09403667849589,2075.8281438227264
2022-01-23,23,1,True,True,0,30.963917655651752,53.248243437107384,236.55095954040448,10.788370852945121,49.574409758776255,1973.1263929807174
2022-01-24,24,1,False,False,0,27.116082114395844,43.36561045617982,228.92019739824883,12.011510384224605,50.332667267254436,2837.9186223973993
2022-01-25,25,1,False,False,0,34.43670015579795,51.35858712703737,234.68738746253462,12.37126858639033,51.10480278802119,2864.667208017068
2022-01-26,26,1,False,True,0,30.31439172726609,49.25956876611148,238.1753319726376,11.581379939909947,49.60671395422108,2195.535880921266
2022-01-27,27,1,False,False,0,29.851965664793855,53.670259735017176,236.5584672463633,11.005376838083071,50.16618616661199,2619.94573934008
2022-01-28,28,1,False,False,0,27.91878714866608,48.464936233635164,224.53929203285634,11.349313607899381,49.12224720564769,2520.099344951535
2022-01-29,29,1,True,True,0,31.187958159975867,48.03151324794749,228.73161961228809,11.455801136924993,50.22695261472067,2103.413456457681
2022-01-30,30,1,True,True,0,28.786479849124223,53.044752558202816,228.274176472751,10.678896610615096,49.557143100100156,1978.9408997666567
2022-01-31,31,1,False,False,0,30.330729067811767,50.77048137460757,232.44627267538164,12.104941480127549,49.68758269078276,2861.77918963444
2022-02-01,32,2,False,False,0,35.35432515019309,50.38899453771036,233.43176777507267,12.030289145957118,49.44935675508009,2847.8265339846876
2022-02-02,33,2,False,False,0,30.187931915933696,50.870892590956146,225.8055366298713,13.154456754391571,50.36607561302737,2961.7586433096903
2022-02-03,34,2,False,False,0,32.82289978424755,40.566434338115,230.3391925695847,12.912655719791333,50.50365217873663,2966.959103723585
2022-02-04,35,2,False,False,0,29.260664712659402,51.75146213543646,219.90036333921933,11.014430351283222,50.01169260732925,2539.5326641229576
2022-02-05,36,2,True,True,0,30.738025753544083,50.75665197080146,237.20972502900946,12.562699194870369,49.56778664733214,2431.4899907223516
2022-02-06,37,2,True,True,0,34.48886814087865,42.34132806520083,227.43812879661652,10.833226677787819,50.79476151805193,1925.0198607245081
2022-02-07,38,2,False,False,0,29.830834585575726,45.93850336689772,230.2793196992225,12.521362711286228,49.62479493612267,2888.4102950504825
2022-02-08,39,2,False,False,0,34.84536460040253,46.70033641768014,228.4517514300597,11.349526046562495,48.918983850036284,2576.0619462993736
2022-02-09,40,2,False,False,0,32.769826879812726,45.96623879372066,235.73013787506707,10.883043679294948,50.22919450497854,2558.6946753244197
2022-02-10,41,2,False,False,0,30.361362058561276,48.05383164330235,215.8124677930131,12.225934025802347,49.44761266317924,2577.0342352975676
2022-02-11,42,2,False,False,0,32.88116166053382,53.29120937141637,229.91694828837046,9.310336726572693,50.494304396749584,2120.008045991433
2022-02-12,43,2,True,True,0,33.689545087582914,51.297161436220584,229.47090621251152,10.272355282093608,49.80943115166329,1976.3431290748156
2022-02-13,44,2,True,True,0,33.11414759667106,39.08536575932373,227.73181806204158,11.883666417896716,50.3018566202721,2193.984981916134
2022-02-14,45,2,False,False,0,28.85413383073556,48.5191988698005,238.63113272817816,12.180816747789782,50.70075017327608,2782.1640276718663
2022-02-15,46,2,False,False,0,30.66229187116801,51.82022638070514,225.56335270572114,11.765651096687135,49.39557056768964,2714.7358827593926
2022-02-16,47,2,False,False,0,31.741403111856116,46.88070605280585,233.8589808861783,10.591495816170138,49.717031434553796,2531.3978937752277
2022-02-17,48,2,False,False,0,32.20530337143976,50.177129870118975,231.7812639435304,11.388359226753451,49.96216446367147,2621.6440306045606
2022-02-18,49,2,False,False,0,33.71106507206691,54.563671401163006,236.30759626267758,12.63212559032706,50.768775659517175,3020.9304111276056
2022-02-19,50,2,True,True,0,32.938460086652135,49.40555062896061,226.66405457611248,12.85669919606405,49.67080864102978,2288.3512940553987
2022-02-20,51,2,True,True,0,30.023459551419176,45.32288570255633,226.3351555043812,12.292021363055872,49.7027481520255,2202.1804675230233
2022-02-21,52,2,False,False,0,33.56335421271968,49.09584344400487,235.48034953738699,13.497721334249315,50.239070287777906,3253.3754557807665
2022-02-22,53,2,False,False,0,34.13062805813542,44.39367813656614,232.12660654165055,12.770233993729565,49.711385637144716,2950.724579713788
2022-02-23,54,2,False,False,0,34.13319177760884,43.59243124194659,222.2753132666162,11.656627610565817,50.07626294144881,2497.493970673055
2022-02-24,55,2,False,False,0,35.27695204118285,41.524419233058595,227.30347492768365,12.154115123610467,49.224231289515934,2759.507441128706
2022-02-25,56,2,False,False,0,34.88260984212195,50.912085647099275,231.9319132692403,11.061563502699387,51.1071649712783,2561.600167284551
2022-02-26,57,2,True,True,0,34.23006642211495,38.82141327529346,234.18882110773293,12.385372888706007,49.3261453848453,2380.3311290972624
2022-02-27,58,2,True,True,0,33.26585263342749,50.39899606239235,226.60384673403522,13.633955836124773,49.83912364800489,2472.3222920430467
2022-02-28,59,2,False,False,0,30.1762490482433,45.065194244515425,215.4287200509153,13.234741359293551,49.98375948207895,2830.064275665506
2022-03-01,60,3,False,True,1,34.4468760210232,35.40322504651958,232.61611592868516,13.97830120074653,50.9563440671784,2653.5153133407075
2022-03-02,61,3,False,False,1,34.08993892162219,44.07710001236725,223.89839655028013,12.299483820389797,49.33757710953363,2759.874217406445
2022-03-03,62,3,False,False,1,34.30207472583318,31.5830816470437,219.91330600938795,13.973774909946986,50.99185206773937,3035.5179037991934
2022-03-04,63,3,False,False,1,31.28717794779302,45.060424037661484,215.8383703750793,12.458898303382123,50.37858841055101,2746.8581844979185
2022-03-05,64,3,True,True,1,31.75770038377896,46.21406481306063,234.0699043009887,14.147529121948539,50.20854766221162,2658.8917183617964
2022-03-06,65,3,True,True,1,36.10261440318824,38.68654770055186,230.64308725202483,12.677035861514605,49.50768315649102,2339.242848977461
2022-03-07,66,3,False,False,1,33.99102782031305,42.13192403591604,228.87171809643874,13.428272812212185,50.28557062101903,3082.247289169283
2022-03-08,67,3,False,False,1,35.50428127659858,51.15630854799185,236.9451218148138,14.217496328865858,49.6382566887901,3315.232980973959
2022-03-09,68,3,False,False,1,34.26634962942727,38.73363955278169,233.18662341511535,12.569486234568698,50.633330626599204,2904.6533642929303
2022-03-10,69,3,False,False,1,34.334929114783456,35.85023919690858,238.0815002136096,13.001014038281763,49.514468985446136,3095.48005662396
2022-03-11,70,3,False,False,1,36.21493990018125,48.44108541206956,223.036322639165,14.090375111675076,49.94342075277196,3132.932264763189
2022-03-12,71,3,True,True,1,33.36647112298421,50.73931602004506,229.82724688023018,12.686565009895624,49.72236345599342,2396.196066013927
2022-03-13,72,3,True,True,1,34.64820542815339,40.84412201949331,221.9164331252599,11.515896879775266,49.5062385187865,2055.32370047478
2022-03-14,73,3,False,False,1,33.58601458554145,45.7879042057588,228.85308834072265,14.99617660347037,50.37065990845396,3474.666525138903
2022-03-15,74,3,False,False,1,33.693355811054424,47.34862391717313,228.75692073116662,12.39894001543858,50.26772937370482,2836.813105990965
2022-03-16,75,3,False,False,1,33.99295359178573,36.84521490472685,233.13306818631534,13.042145402554445,50.6045050994505,3093.3697976168705
2022-03-17,76,3,False,False,1,35.10166691981597,38.053259810513296,230.22781940570948,14.053226482415692,49.11006244589591,3255.3200764897915
2022-03-18,77,3,False,False,1,33.74314197518812,46.56209873286388,233.11703569139956,12.301697861823321,50.53208535117052,2868.406363788904
2022-03-19,78,3,True,True,1,37.25251680287124,48.7665403539429,233.51720066569447,11.914433452295132,51.25272445267845,2225.1159633901816
2022-03-20,79,3,True,True,1,32.98926881061756,43.09544130159516,240.7746433869157,13.187282321291804,49.77417945541153,2492.4086272067416
2022-03-21,80,3,False,False,1,34.43932141439337,35.827376427842914,228.42351672356938,11.150843012902438,50.947574306054484,2572.4605614464326
2022-03-22,81,3,False,False,1,33.96527605097258,50.11302427862811,225.2948864966681,12.665515373388358,49.868419363970084,2851.465611742516
2022-03-23,82,3,False,False,1,37.767450192647324,37.48000852559189,231.23041807658205,13.207086991497365,49.313795131219344,3028.780648608664
2022-03-24,83,3,False,False,1,35.292434503896686,38.42220487212879,225.98859986430227,12.699845588436895,49.847183778796605,2925.3434115642935
2022-03-25,84,3,False,False,1,36.98591117311659,41.77851113736471,237.40980384218267,11.43321568506805,50.52410198383764,2651.846691782632
2022-03-26,85,3,True,True,1,31.97105832286558,47.81245888626603,228.58390980527383,14.576831676885869,49.58091175883423,2644.498547049129
2022-03-27,86,3,True,True,1,35.49329049321031,44.29228557106045,227.17211816063005,13.091295142390713,49.69983067049676,2430.5677350092687
2022-03-28,87,3,False,False,1,36.752511322328424,42.08340188806241,227.6434213942444,14.423127037086207,50.29676971614659,3299.106132972148
2022-03-29,88,3,False,False,1,35.14892219010649,42.318109477495774,233.5920871173582,12.735270013286248,50.00153005836928,2972.465356024003
2022-03-30,89,3,False,False,1,37.12346086252754,40.21775854849353,229.21126508384256,12.117738052028287,50.29231147624337,2790.072246017529
2022-03-31,90,3,False,False,1,33.96310811959816,42.79532753299472,226.7916658993481,13.268486426194832,50.11891477037917,3018.1528491120553
2022-04-01,91,4,False,False,1,37.81860227773306,27.367199386734818,238.32675958811765,12.784185092880351,50.23981265977579,2970.9802798465967
2022-04-02,92,4,True,True,1,39.596962833785874,38.54825428153973,225.71915079669125,11.821988517972855,49.78384940709523,2117.2962729366564
2022-04-03,93,4,True,True,1,34.26978568599426,41.26011021242079,230.17783037016497,14.468423100849567,50.1158654710152,2745.0742733105894
2022-04-04,94,4,False,False,1,34.09779211304879,34.32654965895888,233.26153075805115,12.374368923861105,49.53631349715204,2853.498030605841
2022-04-05,95,4,False,False,1,37.885940562889324,42.04725845117876,221.84332444791463,11.153485097800608,50.644216811251695,2458.4111625711444
2022-04-06,96,4,False,False,1,38.125733309003124,39.13319970671075,232.4013025070296,14.318142759219842,49.68286264159134,3300.473988558827
2022-04-07,97,4,False,False,1,33.90533305670044,48.97872858983039,224.72446162259774,12.48101791748947,50.5644237437747,2800.4392708439104
2022-04-08,98,4,False,False,1,34.09219485848243,48.11810977819455,234.11391390417,12.371946655186619,49.883196519508566,2867.2887124931294
2022-04-09,99,4,True,True,1,34.34757142221353,37.98149581936734,225.1867449404051,11.207954604950391,50.10099950537866,2043.4433270507855
2022-04-10,100,4,True,True,1,32.19787488025485,39.61968203673433,233.4638451592443,14.706974257294013,49.75251772455465,2756.7030792272185
2022-04-11,101,4,False,False,1,33.02217760666991,40.0732953418449,235.52916533147356,11.668363862681803,49.49200228441599,2786.9173821167246
2022-04-12,102,4,False,False,1,32.82098398629568,38.25969351575348,234.307182628164,13.007229136645597,49.12761980619735,2995.140154496948
2022-04-13,103,4,False,False,1,33.26054178624664,41.57384648311049,231.25658324119053,13.85146139747691,49.47233792070377,3186.224611533611
2022-04-14,104,4,False,True,1,34.69073573155012,36.89379090246496,228.8434952853515,13.349748584900201,49.83804557339204,2432.716370298783
2022-04-15,105,4,False,True,1,35.18961143136366,35.12432764786635,227.1179021183258,12.856700277894992,50.10593958941444,2358.7717817281155
2022-04-16,106,4,True,True,1,37.780378815868794,43.98885958766323,237.35517345408553,11.202147490784776,50.50518965664163,2087.4490687264242
2022-04-17,107,4,True,True,1,32.63799740416391,44.12651759520598,226.5025238991618,12.080686809925162,49.777121270101574,2234.8275325196073
2022-04-18,108,4,False,False,1,36.55582296682613,37.066493453157186,224.81466963215001,13.06395378900441,49.55901961786641,2996.2892346905815
2022-04-19,109,4,False,False,1,34.108832277853445,45.679655994975086,233.32684467516415,12.073868919904342,49.278642606998645,2767.714120721033
2022-04-20,110,4,False,False,1,34.38468838081685,38.16536677771484,226.01931598406753,13.048444200035282,50.240031808952054,2924.6567880035695
2022-04-21,111,4,False,False,1,35.777250418237415,42.714992518605975,225.24968251266935,13.510026838986402,50.69159725766467,3016.5326808047244
2022-04-22,112,4,False,False,1,32.123369419829714,45.68229430872959,222.78197868915117,13.773146924686397,50.633165133978146,3200.0282348919077
2022-04-23,113,4,True,True,1,35.0720588027479,41.54937741277476,227.5854508026974,11.565992435301256,50.35496637407362,2084.306276634505
2022-04-24,114,4,True,True,1,34.575811638357045,44.13342830465296,229.58642488051754,14.969518221558234,50.3192716586338,2833.319808644861
2022-04-25,115,4,False,False,1,35.16073878861024,39.42523438751727,231.2154586383035,13.520230222732312,50.84881188985467,3062.7546320891734
2022-04-26,116,4,False,False,1,34.6843835887578,41.17804015366854,234.75653122149743,12.730099736613584,50.1660407307084,2938.9915079628845
2022-04-27,117,4,False,False,1,38.94415830306863,41.289352646731025,232.63448961832896,13.799603990050693,50.32306483801209,3175.933604568089
2022-04-28,118,4,False,False,1,32.682912938846464,38.74927416441395,229.0456389022341,15.052925644204699,49.839608069074,3405.5225059523627
2022-04-29,119,4,False,False,1,32.81857931629129,41.767002089829155,229.0090216181014,11.22545186683161,49.31897831457262,2557.3348125362722
2022-04-30,120,4,True,True,1,32.55384098688583,35.08162934016521,232.55078734457592,12.414773969429254,49.658075549750215,2274.2134589005004
2022-05-01,121,5,True,True,1,32.60610894877271,40.54788943373892,236.36285081464285,10.236687296254637,49.99542048073267,1894.6909941558993
2022-05-02,122,5,False,False,1,32.356647025886076,41.763254420462076,230.631570997416,12.782077916797759,50.03039268625065,3005.8743103861116
2022-05-03,123,5,False,True,1,35.92125475971337,42.09568871020694,227.65434572894796,12.928360751174623,50.9631429274277,2415.7476876508335
2022-05-04,124,5,False,False,1,36.29349906951034,42.36298170459782,225.03566999457226,12.49658505661643,50.040638583795534,2859.6422157786037
2022-05-05,125,5,False,False,1,32.21776220668742,43.46039782055214,222.77397367793887,11.8532428672576,50.58942172201282,2666.793962287878
2022-05-06,126,5,False,False,1,31.598830841030637,46.36998582693679,233.33134836021762,10.429548079983405,49.78246137921184,2438.177669579224
2022-05-07,127,5,True,True,1,34.10821162723197,48.55367223552707,232.8898926181978,12.823147837749516,49.84416205711738,2364.2536838353126
2022-05-08,128,5,True,True,1,31.960353374647504,41.14525684434316,232.8868176255333,13.87487432287816,49.33549618138827,2537.3623855697024
2022-05-09,129,5,False,False,1,34.22769227333718,38.59569918537552,229.35670276823973,11.797530135614416,49.628835993561715,2723.992397885101
2022-05-10,130,5,False,False,1,33.26234459248975,39.62366176921324,237.03467372945875,12.797009494259289,50.263490695681874,2974.6534505571963
2022-05-11,131,5,False,False,1,29.717352183675942,42.62454364009426,227.57940752707592,10.756507810681072,50.00378009019707,2398.263628156393
2022-05-12,132,5,False,False,1,35.73389653056555,43.532052951637745,234.77634618603602,12.748878902064142,50.47146930994862,3050.7808694051023
2022-05-13,133,5,False,False,1,36.11842362151113,41.677138903094466,229.8062855250523,11.864618184851368,50.09062697417252,2821.5962863197856
2022-05-14,134,5,True,True,1,31.18664272751719,39.28628423311504,226.95824617660332,11.461248081942873,49.82377313418113,2100.6445678464947
2022-05-15,135,5,True,True,1,31.520172420992907,43.73022932159611,232.9626515365888,11.428309021043331,51.07414843189348,2185.21819531215
2022-05-16,136,5,False,True,1,32.748499918209426,47.16607775609652,232.04818059341997,11.759419158994875,49.95304821564348,2170.7090406719335
2022-05-17,137,5,False,False,1,32.72474968104583,49.48627495251891,231.78486379633463,12.49918414601407,50.581500484852654,2830.237985544792
2022-05-18,138,5,False,False,1,33.24990081421544,43.98019236961283,230.406392110281,10.767680479465415,49.79939539672766,2511.5509916008564
2022-05-19,139,5,False,False,1,35.82814317230286,44.9624196685832,229.81053459141586,11.645204896863195,50.354799739691785,2704.655228938208
2022-05-20,140,5,False,False,1,31.326744187147238,42.6578624379599,241.9418599643522,11.962719814641453,50.46400782957584,2897.866109880776
2022-05-21,141,5,True,True,1,29.954969083013946,47.40186917930877,235.92128322598086,10.866429847095397,50.10424598528779,2038.7788859842206
2022-05-22,142,5,True,True,1,28.661908676336584,43.5883194267434,233.61413447492757,13.722829341384708,48.8227585386517,2612.788048236838
2022-05-23,143,5,False,False,1,29.825768066074506,50.97110532699073,230.55899579101694,11.03279296372616,50.00912623042806,2494.4230148155275
2022-05-24,144,5,False,False,1,31.086592053885685,39.45466207125343,235.03578600298334,11.176416886256494,50.61523002387999,2588.168898613778
2022-05-25,145,5,False,False,1,34.6053563592848,46.867816511915336,232.58997388195726,10.82656423985227,50.26374041651386,2467.7449684405506
2022-05-26,146,5,False,False,1,29.84262992485239,50.45683043260632,230.1310237638702,13.561835844015537,50.22291943761462,3125.2478150326374
2022-05-27,147,5,False,False,1,31.185298582321042,50.15906915084653,228.48217837367042,12.274222032312455,49.13887153302124,2750.0463371793867
2022-05-28,148,5,True,True,1,30.56304683195626,62.99685617259148,229.59541331168657,10.742175780986887,49.63977246466247,1938.871321616217
2022-05-29,149,5,True,True,1,32.82919093230268,51.57558124579745,214.1478713206097,12.741952874481923,50.205678815575716,2147.6418895189026
2022-05-30,150,5,False,False,1,35.36116533336658,45.104216012590406,231.05300419648822,11.792888838774678,50.205191638393444,2711.751977737427
2022-05-31,151,5,False,False,1,29.098886364317885,49.94800196223886,227.5576195994482,11.80544059415906,50.60733339006645,2612.0492376093325
2022-06-01,152,6,False,False,2,29.033539249421313,41.847762914610726,237.96334999141442,11.159248231584874,49.92756662242695,2659.852342175567
2022-06-02,153,6,False,False,2,31.951048825225044,50.63241441870798,230.09672035405876,10.709402134369096,50.20291204333691,2526.56349060432
2022-06-03,154,6,False,False,2,31.075378055991262,47.17920786398758,224.05518290232519,11.751244622076193,50.008187120965644,2639.7018317450847
2022-06-04,155,6,True,True,2,33.252481586556655,56.23307932555447,229.7505992293594,10.822632850529786,49.50652863174922,2066.271163358921
2022-06-05,156,6,True,True,2,30.57304421415688,49.222538842902864,224.76939457468748,13.13831198262659,48.87210433445263,2429.172253348519
2022-06-06,157,6,False,False,2,28.531419218121425,51.70290229615162,232.36703707856233,10.005709914665559,50.21550484606504,2363.8839191008233
2022-06-07,158,6,False,False,2,30.27486924954083,49.427719935164525,231.45473682169742,12.76422464930181,50.086973604206406,2958.0745490690174
2022-06-08,159,6,False,False,2,31.153309927730483,61.62073431573923,234.78919815554133,11.0694519811716,49.69091247894992,2600.1127740928205
2022-06-09,160,6,False,False,2,30.41804401443438,51.643328177528176,226.04559104152716,11.432209629633,49.19041347174207,2622.390571259193
2022-06-10,161,6,False,False,2,29.63168536951227,62.73739198354872,230.17004048114075,11.918298958818738,50.31486975720437,2723.651823342445
2022-06-11,162,6,True,True,2,30.589472505885645,57.97233431746555,223.17489102286683,10.406587643007764,49.867039962902226,1763.8652129451632
2022-06-12,163,6,True,True,2,30.63267600313665,56.64068497906475,233.50747390962357,11.852473831372228,50.278437361184075,2238.7131818600656
2022-06-13,164,6,False,False,2,30.895388391433322,56.40450258590548,232.59435590220062,8.231777267426304,50.93202426520588,1858.1114999506497
2022-06-14,165,6,False,False,2,29.264547967914194,56.86192058875752,232.47902510513785,10.170148924598532,48.92928455984015,2316.2392457552137
2022-06-15,166,6,False,False,2,27.46807059135845,45.58818178315295,230.00809515678472,9.916629218256581,49.65019959564882,2280.9161942671008
2022-06-16,167,6,False,False,2,27.930082300146715,54.16715276916291,232.07386445394394,9.537490465812258,49.89531219334404,2208.646025716023
2022-06-17,168,6,False,False,2,29.88323973782607,60.12369985854923,238.02169554154298,10.526111703363856,50.72741308707332,2434.8391747785627
2022-06-18,169,6,True,True,2,25.66918536033165,55.99097988576459,228.57452871478992,11.076666978873533,49.18179849039676,2033.749725748012
2022-06-19,170,6,True,True,2,27.872555772143766,49.54818788235258,230.6932259185504,11.343222744818693,50.967930512840304,2141.750700894971
2022-06-20,171,6,False,False,2,26.180051273281045,56.65180133382703,224.56936850409295,10.830895426581137,50.067927950783144,2375.8702677679053
2022-06-21,172,6,False,False,2,26.855155503125257,65.77495213901216,225.65869519200834,9.87360629228314,49.95199966913307,2291.689279298655
2022-06-22,173,6,False,False,2,29.184973854599768,63.830297679686545,230.48906646546655,10.857437476640719,49.900970118390546,2424.5120869415928
2022-06-23,174,6,False,False,2,26.84019010523856,57.627946004221144,235.51966773350955,10.561683285610476,49.78186848390999,2593.3503453520884
2022-06-24,175,6,False,False,2,26.380354870838108,63.0379504105415,228.71859587874215,11.32230070029376,50.524058379634575,2569.0576967639136
2022-06-25,176,6,True,True,2,23.39687778925711,56.791416362113345,228.82041735343938,11.111913724296603,49.46573962295878,2041.3870386325125
2022-06-26,177,6,True,True,2,27.437874630226432,50.44824872140133,227.9655737774781,10.314086663372226,50.17270709082193,1786.403668740744
2022-06-27,178,6,False,False,2,27.06483315461678,54.68923782689731,227.32621664577837,9.334906431539132,49.80790916714651,2118.962158500669
2022-06-28,179,6,False,False,2,29.928642220268852,67.4701767194243,231.4748572785441,9.527689676265299,49.618933275742954,2216.8447168936773
2022-06-29,180,6,False,False,2,24.814665860139307,58.63003459085348,222.51371177410678,9.579277339375558,51.29298758784195,2127.2124516930708
2022-06-30,181,6,False,False,2,25.696485057599208,59.1273472262416,236.40469788333363,9.762188986765143,50.20952536737673,2279.6732842436018
2022-07-01,182,7,False,False,2,25.584837336308397,59.18924125108051,226.6728885093527,10.293871418255819,50.30663277233057,2286.013342393523
2022-07-02,183,7,True,True,2,28.06883659064007,70.55307629233012,233.6095174271907,10.689353399461995,50.56888839033433,2054.2340823824793
2022-07-03,184,7,True,True,2,24.55122453295477,69.50584311285671,223.65000701303063,9.871425986303226,49.28932502734072,1767.735949602161
2022-07-04,185,7,False,False,2,25.127820721495375,72.8131971419896,233.3442006527311,9.88705808888688,50.87614595456102,2384.125285384267
2022-07-05,186,7,False,False,2,25.61366024577515,61.266807896948436,233.3597230390725,9.962666472902624,48.74552141075246,2298.5609711074635
2022-07-06,187,7,False,False,2,24.599353453978086,63.88228334172253,231.92101036002947,9.251935249167271,49.61561679498074,2123.9784361038337
2022-07-07,188,7,False,False,2,23.16176527272695,55.16236269516134,225.02785739100105,8.790997492905445,49.77048416341055,2018.9990423879824
2022-07-08,189,7,False,False,2,24.27158991457967,70.470848543877,231.2477409479904,7.909585081324206,50.29086168248525,1747.9249337919714
2022-07-09,190,7,True,True,2,25.859781725193734,57.58696512728987,224.08471907632804,8.918606109565387,50.10935913307075,1538.14550768386
2022-07-10,191,7,True,True,2,21.488977431979137,64.84841201567804,228.73618372451907,10.035747862508163,49.9165926296508,1891.3051820809517
2022-07-11,192,7,False,False,2,23.637869218908587,58.61557735920817,235.14706550477663,8.808667523144884,49.994001327686135,2012.7356226135885
2022-07-12,193,7,False,False,2,21.80209251286603,61.49409612638983,233.9835096353537,9.222893205397375,49.510988488238716,2067.0523704258076
2022-07-13,194,7,False,False,2,25.423364359913922,60.5871431648705,230.07591471270217,9.876412618031587,49.251383802757914,2365.751026577346
2022-07-14,195,7,False,False,2,19.818417036034493,62.06768959894465,225.12596712038578,9.880126750103281,50.36325581116803,2154.5822074952853
2022-07-15,196,7,False,False,2,21.579099603150706,62.74354963493721,233.22793856087097,8.229550137142125,50.346853056268095,1928.5669836853992
2022-07-16,197,7,True,True,2,23.28420194531969,63.02830468298679,230.09690618849012,10.255992815010837,50.79224718757853,1891.3520329365156
2022-07-17,198,7,True,True,2,25.49439313118861,70.26509405202731,218.3984220088479,10.336353611171463,49.6049914515924,1665.423238573339
2022-07-18,199,7,False,False,2,22.06619272586186,60.90107926853469,233.9131491315826,8.029458117183793,50.34640760515046,1864.8299828522188
2022-07-19,200,7,False,False,2,20.9224727538787,67.85316512695161,229.87883583065155,8.286024672538376,49.85814663581763,1927.202367861133
2022-07-20,201,7,False,False,2,25.631243729522915,73.16331820505523,236.01225623991536,10.251769560338712,50.59523749259674,2437.2587334631676
2022-07-21,202,7,False,False,2,18.80988737692221,64.82850903524648,224.52364740578597,8.86492103207111,50.51098138833907,2035.560438275045
2022-07-22,203,7,False,False,2,17.146264960052505,64.12367367113413,214.11648093402,6.743385114535949,50.10560469961223,1424.495324562019
2022-07-23,204,7,True,True,2,22.26289159280899,66.8771366582182,231.39541929172591,7.515177303078011,49.83023492166701,1426.8073045825267
2022-07-24,205,7,True,True,2,20.218811899255133,74.24249809404989,231.45781838340986,8.617506479215626,50.48046608930413,1561.204946263315
2022-07-25,206,7,False,False,2,19.021631599173908,69.62605000577541,221.54664186196774,7.656186519745999,50.32345226162828,1625.6790420979532
2022-07-26,207,7,False,False,2,22.323153306442496,66.30851536177022,225.10750227066697,8.358508352916695,49.65777979895691,1816.6765192495222
2022-07-27,208,7,False,False,2,21.237598027846857,71.69038867399722,243.7760887185995,8.757395193774919,49.33610066326028,2061.7380249417406
2022-07-28,209,7,False,False,2,19.46665489502159,64.06321605313364,228.471946929231,10.140698250983244,49.8557335496591,2367.3443710185493
2022-07-29,210,7,False,False,2,17.88032426757362,73.28230855541429,233.6547948818811,8.341826003246833,50.757706907674105,1873.378968276053
2022-07-30,211,7,True,True,2,22.03331957982165,72.21645541555093,226.74670086315808,9.659063276551167,50.57324357936652,1765.830527141636
2022-07-31,212,7,True,True,2,21.43767528483042,68.92926979161659,219.54848550573422,9.9699420407107,49.44383626516471,1737.8123307907654
2022-08-01,213,8,False,False,3,19.78923013798348,66.56717443852983,229.14870876602046,9.93058422901475,49.416121292050036,2270.448124698405
2022-08-02,214,8,False,False,3,23.532650081936804,66.6153016519351,228.67197719856946,8.73656742033801,50.637341924839745,2065.9885106972833
2022-08-03,215,8,False,False,3,17.552529985728363,74.0081218075519,228.00060880665814,6.444520707675226,49.43218204762108,1447.4332764563032
2022-08-04,216,8,False,False,3,16.496545272744015,77.76090798152133,229.42679582246805,8.825103549781913,50.254647661821004,2055.295308305437
2022-08-05,217,8,False,False,3,18.02029123613575,68.7079950040713,231.32134135822818,9.369632100583013,49.69196439233184,2169.2740331090313
2022-08-06,218,8,True,True,3,19.17110528824576,74.46147092005995,229.24941524373097,8.197616090851609,50.80852246226084,1495.83801089463
2022-08-07,219,8,True,True,3,19.60882637572065,62.005799875807,223.67996916026317,9.981228113197828,49.61478760043106,1901.0790934526374
2022-08-08,220,8,False,False,3,18.50128725203811,69.78555736451754,232.43092395780968,9.05496137179269,50.57168076510291,2032.5859507622822
2022-08-09,221,8,False,True,3,19.551264793395315,72.81729655634511,220.25314122338787,8.722419577262801,50.09242932703018,1601.3688405402777
2022-08-10,222,8,False,False,3,16.20929300566077,68.6842752799364,219.748212713579,9.200092267418334,50.126097427117145,2054.524160839696
2022-08-11,223,8,False,False,3,21.466982075780884,68.80634050271092,233.69590247350783,8.407205711551187,49.0148457093243,1940.753276309795
2022-08-12,224,8,False,False,3,18.284134071124015,70.4021575621289,232.53510136067678,5.54172042897739,48.89854332339714,1370.110447536871
2022-08-13,225,8,True,True,3,20.553953021040925,75.45013018266481,229.71302317462983,7.496669455889034,49.88971702986634,1285.260577943115
2022-08-14,226,8,True,True,3,18.87771659798525,73.29648735360362,223.02275747622463,9.154847798816807,50.12345303170831,1607.3031874288622
2022-08-15,227,8,False,True,3,18.980694169437797,63.28172459929338,226.46044529662962,7.112564979240773,49.43740108613114,1228.147595706609
2022-08-16,228,8,False,False,3,19.083698459392632,64.10483969610438,228.68626626156748,7.659776664441528,49.45565329476183,1772.2898990321896
2022-08-17,229,8,False,False,3,18.718647983275012,71.90511586464523,222.02053015712943,6.802132945069044,50.280736314913064,1454.5599576041463
2022-08-18,230,8,False,False,3,18.989869978870214,77.45454909983901,226.30485670988384,9.595249932942306,50.28142724022857,2193.104858507097
2022-08-19,231,8,False,True,3,20.246084951778904,61.65077232405258,233.2616516908834,9.457826424872229,49.93112946980604,1755.5967498260256
2022-08-20,232,8,True,True,3,17.866374064082855,73.10726614065736,237.13652682144607,6.858130622263246,50.39010086059304,1277.082923868243
2022-08-21,233,8,True,True,3,18.779121387271594,73.18767385254844,227.90282623670726,7.855632162017455,49.412898852139925,1451.688979581468
2022-08-22,234,8,False,False,3,17.07168819775514,82.96891065453576,233.7824417715805,6.994853828134831,49.822032541456515,1621.8429265797447
2022-08-23,235,8,False,False,3,20.0237358801118,74.3056721215829,220.42969964706268,8.257995073795234,50.82393880289184,1765.8756316506547
2022-08-24,236,8,False,False,3,15.685386758055309,78.34447598975292,233.29725620556806,8.121134485894483,50.03416106496991,2034.7070423173484
2022-08-25,237,8,False,False,3,20.537081402612184,77.32969822775348,225.98025792636258,8.392265732650431,50.0631562572935,1872.1280156994615
2022-08-26,238,8,False,False,3,16.754303584252156,66.15953571365357,231.53672808353986,7.88230429337014,51.15297329298387,1714.1624918381601
2022-08-27,239,8,True,True,3,13.87490780852481,80.83737791370925,228.76123790880146,10.45634361021674,49.30032891707562,1871.4999521323048
2022-08-28,240,8,True,True,3,16.896954035635215,78.2522616927975,236.60207004891916,6.464299796733352,50.39821518332106,1160.2095362404982
2022-08-29,241,8,False,False,3,15.185406111519606,79.89047029296488,225.6278217583004,5.753649473504295,50.83199313990405,1339.4906786695917
2022-08-30,242,8,False,False,3,18.13806540047918,97.1490226350665,233.13803148780914,7.043943290049057,49.837571036750724,1658.2937055333784
2022-08-31,243,8,False,False,3,15.063330760896104,67.26078550137433,228.60246268351733,5.842585350289998,50.429815393427425,1355.5650396044514
2022-09-01,244,9,False,False,3,15.390569946477223,86.46311017799651,229.20847260995168,5.8924187738660425,49.50899025139455,1332.0911838441775
2022-09-02,245,9,False,False,3,12.420796498373582,76.55537979604308,229.08073053420395,6.358648733881426,49.65663380221633,1442.676384815102
2022-09-03,246,9,True,True,3,15.214814135206918,79.57692077806776,225.77163447752943,6.413639126679893,50.192483208023816,1139.86767568326
2022-09-04,247,9,True,True,3,11.193848439393001,78.05499853720046,229.92950517046665,6.357864025845213,50.39928333655529,1165.4287643161874
2022-09-05,248,9,False,False,3,12.798636329781711,76.29824408734248,229.6867588893909,7.808151543471359,50.56046825620312,1835.1956927053732
2022-09-06,249,9,False,False,3,17.414783011346433,75.70166903039014,231.20620124203364,6.761997048632016,50.78481429346974,1580.2194210493187
2022-09-07,250,9,False,False,3,17.39576405670773,80.32428825432355,230.4225257284643,7.06773454694934,49.96627672072241,1653.5708869674336
2022-09-08,251,9,False,False,3,16.608007901638995,71.21125267547951,233.98997274806118,8.121360607921655,50.59680587758629,1925.2948927372258
2022-09-09,252,9,False,False,3,13.75880840336178,82.66482358615168,234.61754308023686,6.441505682104636,49.82884757827543,1555.512358741862
2022-09-10,253,9,True,True,3,15.535763824761727,76.9401583014768,224.746883390861,6.924810062408983,50.45104565579413,1259.4710857570867
2022-09-11,254,9,True,True,3,15.565183487914657,73.47434983663632,234.34386250295387,7.537476555921653,50.10374439892609,1431.0314993460597
2022-09-12,255,9,False,False,3,13.199654821493198,76.97253138746694,224.06831786445073,5.2133474593432645,50.222838953540965,1227.5863077176111
2022-09-13,256,9,False,False,3,18.469986637229844,85.60054483740996,232.93927944068867,4.754051501158081,50.21175393701102,1074.153035203532
2022-09-14,257,9,False,False,3,17.16754641127838,76.72460300194902,233.09869392351433,7.469963877835834,49.197647495101094,1698.451694581788
2022-09-15,258,9,False,False,3,14.923366166699186,81.2742771944965,220.44341554168747,7.601602634874453,49.43793907056961,1616.4271684630728
2022-09-16,259,9,False,False,3,15.37439384774842,75.90218545153577,230.46489623264705,9.160406785780218,50.051270719908764,2120.2979275146863
2022-09-17,260,9,True,True,3,15.695583649604494,83.41573865505028,227.65751943319842,7.241740285979626,49.156360460179414,1226.22269184751
2022-09-18,261,9,True,True,3,11.156424756827736,83.11701502899287,226.20617371032313,7.891708065360991,50.415605551599874,1451.2301732063488
2022-09-19,262,9,False,False,3,14.709508318503905,88.99003301436179,236.75426165349504,6.865686281477556,50.43577798314407,1620.0208315907212
2022-09-20,263,9,False,False,3,13.806765984204581,78.920830174251,226.73160429681292,7.34844756564514,50.163585276438894,1722.8572906407846
2022-09-21,264,9,False,False,3,13.137278480571865,83.18771821214817,225.96811535440975,8.709412391858043,49.43943299362104,1934.4536385092545
2022-09-22,265,9,False,False,3,14.551023511904686,80.37469583557377,230.37847470002546,4.909974411177343,50.690069469434256,1120.9865013923165
2022-09-23,266,9,False,False,3,18.684232413764498,86.39773883225865,233.42794873149208,7.440274065591317,51.01860531985918,1792.8780797957686
2022-09-24,267,9,True,True,3,16.34911722985988,76.35233752411945,229.29175706994937,9.155816182275123,50.073538413722986,1748.6393262135787
2022-09-25,268,9,True,True,3,13.906588909427432,83.69373498749769,235.83185272834626,7.29671828590725,50.25526768922562,1342.631255474257
2022-09-26,269,9,False,False,3,16.178576545170618,79.01151374421026,232.65487830982045,8.660596257970338,50.10086932739802,2024.0190301179334
2022-09-27,270,9,False,False,3,17.819539264518085,79.67442915405533,219.10894340134286,6.377036367874382,50.2651845944994,1411.9866494810954
2022-09-28,271,9,False,False,3,16.8604702099752,80.45857721696567,227.35266518246496,6.9713133590811855,49.940220621686805,1603.6293422902872
2022-09-29,272,9,False,False,3,15.123797932966776,81.25953515522814,227.19078950324152,7.034885860326516,49.9827178800781,1585.1324897069906
2022-09-30,273,9,False,False,3,13.706959858041474,79.40978039813736,232.3968047671471,4.782658944677015,50.452858800248684,1175.543826940136
2022-10-01,274,10,True,True,3,16.39653922986528,81.0511602275533,216.87591471812945,5.831849952941229,51.17281208094822,917.3450602533302
2022-10-02,275,10,True,True,3,15.789285751044591,87.84893350511877,242.7450485435886,5.903819414676342,49.29996438279913,1125.4418325864974
2022-10-03,276,10,False,False,3,16.79788632765863,84.8604264631595,232.65513047447104,7.824316044313477,49.94809375779852,1842.7638068018964
2022-10-04,277,10,False,False,3,16.285989391808297,84.24787918449844,230.74438401958847,7.876846842217362,49.409769757383955,1840.399413221553
2022-10-05,278,10,False,True,3,17.125855699557114,77.58743935522894,235.90783858209574,7.332061523382067,50.79601244928804,1451.3905805963475
2022-10-06,279,10,False,False,3,13.970339615407072,75.37607713872747,241.71827026406314,7.8363459084141684,49.70613101534005,1954.0992478328058
2022-10-07,280,10,False,False,3,17.692609062329133,84.55005459583558,234.35373322294203,6.853196866596369,49.278399603107104,1591.7951889332667
2022-10-08,281,10,True,True,3,15.472977115205476,84.09919696192559,234.7440654823581,8.225265041285747,50.319093499424284,1609.6592865455964
2022-10-09,282,10,True,True,3,19.251196794377,87.02188441835455,230.6534501223219,7.038990957370012,50.872155557371556,1263.1519525689025
2022-10-10,283,10,False,False,3,13.748129939881,76.57237070306365,229.29237123316526,7.095815720244797,50.33179893428038,1673.5607814680918
2022-10-11,284,10,False,False,3,18.627189438809577,78.37246773584563,227.6210227799755,6.7809859164813115,50.10239893864096,1634.0210736871354
2022-10-12,285,10,False,False,3,15.582756864209202,71.24494311995406,225.86944004142728,7.7405310668216,50.204570461387995,1809.0966230290148
2022-10-13,286,10,False,False,3,13.918680577714536,77.39640013017691,226.56492950150252,6.645256158870117,50.70742033141278,1510.8705123300397
2022-10-14,287,10,False,False,3,14.291223780167151,84.25226352418022,223.2472201782851,8.054130011680806,49.56290036499293,1781.4731974736326
2022-10-15,288,10,True,True,3,14.65866616509629,76.84187944360494,229.62064274657487,5.957659093729472,49.944076447956846,1017.971643480746
2022-10-16,289,10,True,True,3,16.190932516255284,82.27601890861304,221.57666211386805,6.003863932307241,49.773654925745234,1079.7798858208948
2022-10-17,290,10,False,False,3,16.43437313734799,78.01471607025437,230.95458262071855,7.804037403509602,49.41606734635415,1746.6173398854903
2022-10-18,291,10,False,False,3,14.290251726203783,80.47550800891621,229.8183469597883,7.0427513056412705,49.8358123702916,1578.8967299306707
2022-10-19,292,10,False,False,3,15.440725652526497,72.99916997683029,230.73467649193344,6.692939034961411,50.55386054799123,1484.7558329752208
2022-10-20,293,10,False,False,3,19.8285768429523,79.0405258689291,227.38934214990005,8.053268570194032,50.283301074196366,1808.2078257000542
2022-10-21,294,10,False,False,3,19.05652576078247,63.530134589358255,245.38430185090252,6.5731704120882295,50.3221552500541,1611.5543617929302
2022-10-22,295,10,True,True,3,16.53427505111881,77.41719173037795,236.80057950090156,6.998287059230854,50.07323780582666,1339.4394739699067
2022-10-23,296,10,True,True,3,15.800590120544435,70.05972638330863,223.77728749957637,8.61660289933357,50.26166189136429,1512.5346876483832
2022-10-24,297,10,False,True,3,16.030349776270175,84.09708862922777,231.16434043713448,8.776228482660745,49.59970482882595,1676.4650402956509
2022-10-25,298,10,False,False,3,17.085756063607498,81.80382257852074,226.95996928531338,8.830014245714326,49.84524505703639,1993.6494990967046
2022-10-26,299,10,False,False,3,13.884276741576828,80.09450136242026,224.92760136646294,6.99683278465818,50.096002118484336,1534.3946937521177
2022-10-27,300,10,False,False,3,15.488938228630877,85.20527521526762,223.29963964438033,8.53181029602774,50.13875792944094,1916.4647779793797
2022-10-28,301,10,False,False,3,12.743018387649336,72.68954377006224,232.16108345379627,6.375103132852676,50.160093927460935,1578.228492129959
2022-10-29,302,10,True,True,3,16.95777114577692,85.99965855057602,226.59309882465212,6.4408945954478485,49.93083235899181,1184.3278407951416
2022-10-30,303,10,True,True,3,17.53547482796305,81.74740121629846,234.83913012012601,5.021869031942909,49.811288299434835,925.3223026622574
2022-10-31,304,10,False,False,3,15.359063528105281,75.72220471096654,234.9689110726522,9.070499137709739,51.57888564152215,2054.912237467153
2022-11-01,305,11,False,False,3,19.560333943822037,82.39661032428747,236.86957192605723,6.5597282760965125,50.4533936364662,1542.8294126616308
2022-11-02,306,11,False,False,3,14.05029775872004,70.99561641242002,225.7380661696295,7.324016145670356,50.20657373797631,1665.0556475731755
2022-11-03,307,11,False,False,3,13.665066183235576,72.20819022127995,232.37682805346006,6.567820441168281,49.8833957508968,1506.8302367805832
2022-11-04,308,11,False,False,3,17.137197373461866,73.08665031022039,233.1622710832115,8.201653369232716,49.774390586528064,1829.0468942955235
2022-11-05,309,11,True,True,3,18.879431072200163,73.27876873533224,227.62910912448018,7.1599366793754164,49.93459970313652,1261.3197366959603
2022-11-06,310,11,True,True,3,20.25246479284213,70.43020888777302,226.1411402130356,6.260565932544967,50.146414421793345,1205.3441377360723
2022-11-07,311,11,False,False,3,16.068620592515348,81.61309616281744,238.04760332887986,8.03757929966203,49.05978222796846,1985.0265390368857
2022-11-08,312,11,False,True,3,19.24790509929482,73.98350025396171,231.13747937866026,6.19343300491944,49.215305202312656,1100.8956363059146
2022-11-09,313,11,False,False,3,17.120024550290825,76.81586139242457,233.1798387535587,6.8217067214721805,49.68155880553052,1624.3223126969217
2022-11-10,314,11,False,False,3,16.96059713127898,71.97268338490352,225.88961994086037,5.584866404722105,50.10356971838928,1202.634710344647
2022-11-11,315,11,False,False,3,19.18426179018772,65.48813457898716,223.90357766738904,6.3011244623667055,49.880363426424076,1481.0601245511564
2022-11-12,316,11,True,True,3,18.834924879861287,75.70382506547635,227.15275112753946,7.937612906630813,50.739060613049745,1454.7022796960352
2022-11-13,317,11,True,True,3,14.493045456391641,64.55039732504467,229.37989306305002,5.829212893005119,49.25880160650212,1117.16545896224
2022-11-14,318,11,False,False,3,20.71664031649267,73.5224543073122,224.67889996591325,6.347922160490548,49.62432726519832,1340.4895007291327
2022-11-15,319,11,False,False,3,20.643616485477153,66.77389299537627,229.9507759567481,7.862661217021867,50.76004587049555,1841.9069030354522
2022-11-16,320,11,False,False,3,16.754291326464468,83.29765728042472,221.5574740596575,7.358018122752005,50.06555966233757,1629.840206177892
2022-11-17,321,11,False,False,3,18.92107939463814,77.65994075505532,224.39976288765064,9.930878334288305,50.44242129140058,2271.0831970199447
2022-11-18,322,11,False,False,3,19.24362418423602,73.36986322108868,233.3545562413844,9.81056568952554,51.02562347163473,2335.083592861076
2022-11-19,323,11,True,True,3,18.905001349225024,78.89378968019003,233.01895260138946,7.147173682522008,49.65309779104909,1335.6307749229327
2022-11-20,324,11,True,True,3,17.413094081959343,68.07411211193788,228.04061617306567,8.611248935298537,49.95034283110398,1540.9301286253117
2022-11-21,325,11,False,False,3,17.30243025522212,74.74987815784891,224.91117845461523,8.842985654208919,49.86378654953457,2027.8711336543593
2022-11-22,326,11,False,False,3,18.72842437360843,72.75475721444303,224.86298224236995,7.536380896652992,49.022703497758364,1691.6453587655617
2022-11-23,327,11,False,False,3,21.260689337367467,72.79554576475483,228.13365877029344,6.679027853156418,49.84480159812202,1480.0718134928895
2022-11-24,328,11,False,False,3,20.139933439581228,77.55355274873737,233.22259245822644,8.203521489809651,50.44053109369033,1867.2389375672944
2022-11-25,329,11,False,False,3,18.450768601289774,74.56726928471203,234.64122845672162,8.084753504824485,50.27029477090612,1823.158273326184
2022-11-26,330,11,True,True,3,20.876379858385505,72.05821927736379,227.51734132259014,7.864130234156026,50.309541584694,1405.866244173669
2022-11-27,331,11,True,True,3,13.778561627063645,62.046810639175575,224.23253787007607,8.785010928661626,49.81224550968025,1631.0428389038393
2022-11-28,332,11,False,False,3,21.917479685361215,65.2246047925182,231.33921818933166,7.635254878379503,49.67195138199718,1775.2253842258665
2022-11-29,333,11,False,False,3,16.2864163687883,69.11190947419519,225.88232514687076,7.277755630324206,50.63462783594931,1617.4279783322097
2022-11-30,334,11,False,False,3,19.188408678672694,69.89005202486054,227.408736805694,8.583070138793518,49.75134142682116,1992.1079350867105
2022-12-01,335,12,False,False,0,17.822904709147938,63.46711524679955,236.62638045218517,8.904643442088943,50.14704101939661,2065.4497158326244
2022-12-02,336,12,False,False,0,17.623298647400308,80.86875906490201,234.13557714282885,7.387153535752583,50.08166734033877,1734.3629702527587
2022-12-03,337,12,True,True,0,22.68615086572853,76.08197707565895,230.78987156125726,9.537439798282527,50.730858508128556,1751.9340862188028
2022-12-04,338,12,True,True,0,19.58230417997211,71.19771077827484,223.64040499443638,6.884830837002691,50.48570617883618,1270.7376166437907
2022-12-05,339,12,False,False,0,21.365251837957114,68.23198983954806,231.0569828373533,8.123559763633061,49.35237068966644,1798.1437903380029
2022-12-06,340,12,False,False,0,20.73422281611846,66.49311445457353,235.31328645393762,8.490410655965439,49.40622341661248,1955.396547508027
2022-12-07,341,12,False,False,0,21.939201762386503,62.47468231448417,228.12183167117232,8.15931231973015,50.28945490903457,1779.4049885992772
2022-12-08,342,12,False,False,0,21.297009719684436,67.29964884600898,236.75557044993357,8.277949307717986,49.96783117631042,1946.8707744139408
2022-12-09,343,12,False,False,0,18.736770122716127,67.87693234520435,236.46372644759103,10.761900853636094,49.77241410802312,2605.370554691923
2022-12-10,344,12,True,True,0,23.455772417130557,60.05333794130843,238.31866416071736,8.088087544431986,50.507813941997235,1516.7614148804978
2022-12-11,345,12,True,True,0,20.63725783773624,67.60513847169429,231.52621563265677,11.428653023689574,50.09372969104446,2091.292030573071
2022-12-12,346,12,False,False,0,18.674139585756848,64.82831825986057,232.93695849903006,9.473317794653957,50.02622869344472,2250.2720551906386
2022-12-13,347,12,False,False,0,21.09455743150528,55.73427206517319,237.07093644165545,9.177291463343122,50.38991432037753,2229.0965591355293
2022-12-14,348,12,False,False,0,25.116695252462524,60.638518555721205,232.2369696853449,9.610793054745837,49.81244550252822,2227.552901943693
2022-12-15,349,12,False,False,0,23.980861908885934,62.538085737504026,227.49382946104893,11.714053276649636,50.784259492736275,2699.1105811182683
2022-12-16,350,12,False,False,0,21.749162780022402,73.70885659549688,227.7572858173607,8.240347110719988,49.605976188383494,1822.9513650866174
2022-12-17,351,12,True,True,0,21.914756931303643,66.71622341854032,231.1927747688687,8.16356378304576,50.328464533171044,1578.7842871002642
2022-12-18,352,12,True,True,0,22.137514767523566,56.91792386901179,223.54719289026892,8.579369264415579,50.71691641932992,1641.750447360176
2022-12-19,353,12,False,False,0,27.102450968435488,65.68632170585853,229.28370542317904,9.416829647358703,49.31135225536395,2185.186384444688
2022-12-20,354,12,False,False,0,23.881603806030668,55.179463993705674,235.48273559115125,7.7095487456576945,49.82833241207378,1711.2490477336628
2022-12-21,355,12,False,False,0,24.14715185256736,67.98841881848699,219.0437307441736,9.508459806774175,50.571103696442776,2054.85699658695
2022-12-22,356,12,False,False,0,25.517478701420874,59.87755688334451,237.67241050897258,11.230620671420828,50.57862227386551,2699.8499525719503
2022-12-23,357,12,False,False,0,24.104790596920374,61.422554052648124,235.6118710935158,9.739571074284981,49.91425219980588,2273.6844146022504
2022-12-24,358,12,True,True,0,23.279835259365065,68.17671282238021,227.70117692084762,9.346690406326665,49.63266445316157,1766.2118523808067
2022-12-25,359,12,True,True,0,23.57628332735569,54.76844770439462,232.71695413935905,9.072534458974067,50.47796791116538,1718.4739317152516
2022-12-26,360,12,False,False,0,23.997149493797405,53.87485373452566,230.01573863453163,10.640617308339225,50.591774551290804,2412.1856746667386
2022-12-27,361,12,False,False,0,24.237531258957112,57.59837217281263,236.14995184219342,8.96775994635499,49.417668325743804,2119.349320002644
2022-12-28,362,12,False,False,0,25.939062415041416,65.36403419287035,234.9134157138497,11.691536918929485,49.39804317551681,2701.807211538349
2022-12-29,363,12,False,False,0,24.75967565538714,52.23112968484203,222.99964638408494,11.83009491284612,50.1126283409918,2628.9777383342243
2022-12-30,364,12,False,False,0,26.293146592872805,45.322853204904504,232.93631206732087,10.205110730194281,50.314680316714444,2349.4111957084724
2022-12-31,365,12,True,True,0,24.838566839782843,56.8837610478644,228.97186073178375,9.988484911923356,49.85046545738497,1888.4036709512022
2023-01-01,1,1,True,True,0,25.329403942190527,61.55443845223874,230.4141628525905,11.082299876709063,50.339646909991174,2148.6156817001784
2023-01-02,2,1,False,False,0,21.34781474716324,64.45357916402489,226.3591404951509,11.198063337095563,49.64493169658131,2463.2245755334257
2023-01-03,3,1,False,False,0,27.3488520216375,55.79345819322903,238.74068534560416,9.348867270610345,48.942653200463134,2135.794165080114
2023-01-04,4,1,False,False,0,26.381001219819183,55.70968682198608,235.20030909951288,9.679852147270259,49.7880494638337,2264.445595982979
2023-01-05,5,1,False,False,0,27.85566820709377,63.19454012222711,226.30114418013517,8.935546961529043,50.03161607325655,1946.2037163279188
2023-01-06,6,1,False,False,0,20.238506218086968,47.735307563125396,223.32694696544883,10.718370030676361,49.86208002005177,2396.0114355804617
2023-01-07,7,1,True,True,0,30.378829858554983,54.80125586531461,228.07163684511076,11.027252018154948,49.42069836817026,2049.4495398376166
2023-01-08,8,1,True,True,0,26.093608464822303,57.35678773511404,232.17251323045653,9.061910678478522,49.09217551206059,1757.8483563771574
2023-01-09,9,1,False,False,0,28.759453840117843,58.31263581055364,231.2010292197311,10.007727557176684,49.74295559781605,2323.866639305679
2023-01-10,10,1,False,False,0,24.633119587563712,53.18054822524966,236.26566412384122,9.166625514963084,50.44882788582487,2156.101103824822
2023-01-11,11,1,False,False,0,28.107814908557582,55.56609165391696,233.94959861090427,9.665880319285895,50.62809871970684,2162.4095750893202
2023-01-12,12,1,False,False,0,24.944213872338878,42.61791962331634,234.84784512876453,11.166330559832158,50.59385669206923,2623.697927431343
2023-01-13,13,1,False,False,0,25.971677208650043,51.435448083770616,231.63427700305218,9.932282472334217,49.592045232425725,2304.221432496697
2023-01-14,14,1,True,True,0,31.21479036779307,56.66293005878802,223.05350634894504,10.415192341985552,49.42314683818482,1890.4639776534839
2023-01-15,15,1,True,True,0,27.172168149635176,49.154273443256784,229.0215073442655,9.138748157401245,50.24831730748995,1638.9514975216753
2023-01-16,16,1,False,False,0,28.154447321700502,54.03278028923145,235.30044869954332,11.002864682326981,50.317550005798964,2567.226366720104
2023-01-17,17,1,False,False,0,29.6249597901836,55.646192859522884,229.74238535737678,10.821173978797178,50.20008480260025,2412.1822094908302
2023-01-18,18,1,False,False,0,29.0405760225081,51.3750077422965,232.51545184311874,10.185804423935705,48.992968362881115,2253.792277672845
2023-01-19,19,1,False,False,0,28.513534427210796,53.618044240387505,228.40625842376934,10.77479468739462,49.56655770755827,2405.6056852922734
2023-01-20,20,1,False,False,0,29.105151000873583,47.63217786949764,224.85094075729077,11.192863579285785,49.98515560485701,2438.2096148577743
2023-01-21,21,1,True,True,0,33.34359239224027,51.09513806839043,229.38327967976946,10.24616021761977,50.243609097315215,1897.0738826446334
2023-01-22,22,1,True,True,0,28.58200783483956,54.86396167163368,231.54523721516327,9.63291108467024,50.38365368130124,1758.4570429046944
2023-01-23,23,1,False,False,0,29.258832155866006,52.284858005451085,226.72156140269277,12.962564651417637,50.07212676114102,2911.981041049019
2023-01-24,24,1,False,False,0,31.116188684074956,48.25696796517042,228.82144377571666,10.571191262907647,50.16539190326912,2369.6945948990087
2023-01-25,25,1,False,False,0,31.38298789203914,52.00294815128479,225.3026837900701,11.15482070465006,50.042432729180554,2351.582770329078
2023-01-26,26,1,False,True,0,31.701816536625074,54.14985879970581,235.59622458782047,12.309166512671608,50.342809687109245,2395.410064003985
2023-01-27,27,1,False,False,0,30.759753861462478,40.02483946493881,228.52772121205982,14.873743212791716,50.156432825745455,3349.0491161737928
2023-01-28,28,1,True,True,0,27.349492883567542,55.770534055863976,237.26377772563092,10.146164362819686,50.032868830023645,1905.2328254257188
2023-01-29,29,1,True,True,0,33.05420146576008,47.997478486277586,237.64373925270453,11.886028734073875,49.86581560043131,2186.9676423198594
2023-01-30,30,1,False,False,0,27.645064715562395,51.512848702962486,229.59477017639128,10.773774365185826,50.04064571252124,2522.1987664791673
2023-01-31,31,1,False,False,0,30.69198036899911,55.08142584741312,224.95775633726325,10.987222526979602,50.242295689419635,2478.8323748994335
2023-02-01,32,2,False,False,0,28.725604373616786,41.94984626564414,219.5705106113333,10.850034801089862,50.13373769444903,2341.029417162744
2023-02-02,33,2,False,False,0,30.251775022197013,44.97734962977578,222.63981463486604,10.488360546814313,50.190413209172625,2315.5151673991795
2023-02-03,34,2,False,False,0,31.18187795228316,46.80155147477201,223.1308258755067,11.616014577718197,50.67136093067559,2675.79992221443
2023-02-04,35,2,True,True,0,31.309731993811724,44.048751129879406,236.89234813730752,10.225602581825116,50.13258196137329,1934.245133787909
2023-02-05,36,2,True,True,0,31.651844243008576,56.36899087991748,230.57912293613472,12.689208386873274,49.67550073976342,2331.606555598472
2023-02-06,37,2,False,False,0,34.17468940772493,43.14088323894935,231.94802262045994,11.839182996915666,50.44180339299709,2699.0060112693964
2023-02-07,38,2,False,False,0,31.99183730417922,44.381171837834394,218.89789495532438,12.247865583246819,49.31690083116554,2586.3029363448795
2023-02-08,39,2,False,False,0,30.73215421382738,47.91881801383318,224.01016785391369,11.39995163337638,49.459293309630354,2545.703145240173
2023-02-09,40,2,False,False,0,33.28249734547849,40.627975085348886,234.43539888223142,11.539092968458785,50.167923632360036,2721.4461184160177
2023-02-10,41,2,False,False,0,33.865236588199096,44.40612825167836,231.43387056191293,12.233452588272272,50.25819833389329,2886.2145060558873
2023-02-11,42,2,True,True,0,29.161130552148798,47.721641768511326,229.26397360657202,10.82085322232101,49.377474388248004,1872.2406193252523
2023-02-12,43,2,True,True,0,32.939236328029175,44.224025775943886,232.82421179300061,11.6653404220855,49.80859125950663,2116.524134904117
2023-02-13,44,2,False,False,0,33.272873156858466,45.179527431981015,238.17898903067908,11.201544787792546,49.69695808389017,2638.935558610479
2023-02-14,45,2,False,False,0,31.399456263796488,42.762188356028396,228.89478768231476,11.207806170563925,49.756661838559204,2565.234371367107
2023-02-15,46,2,False,False,0,34.867979849440985,37.60320823712425,230.34684901329035,10.025131626219682,50.471798888136476,2302.005796466766
2023-02-16,47,2,False,False,0,31.93632920889407,46.554629506056024,230.96298459365653,13.510258704367736,50.35325273177363,3114.285238708836
2023-02-17,48,2,False,False,0,32.60532313658294,53.49689310242535,241.96054817636997,11.519712315738188,49.990438910073145,2807.7207096785896
2023-02-18,49,2,True,True,0,32.123577228397814,44.594327326576376,219.50321867790487,13.404292318253216,49.727019036442535,2308.6635908259213
2023-02-19,50,2,True,True,0,32.61421617994856,45.41332348466345,233.41611507394404,13.34370974682998,49.32517516488993,2538.4165839351854
2023-02-20,51,2,False,False,0,30.501598095048973,47.53995649993198,229.42598875620467,11.02224477413532,50.71009246939097,2550.46202770388
2023-02-21,52,2,False,False,0,29.922856745519166,37.52374859084761,232.8338586309209,11.25247631753948,50.29605695014246,2603.9658669593687
2023-02-22,53,2,False,False,0,36.098466694017716,52.18181226172971,226.71313723002638,14.933339929626015,49.64666544796343,3465.629744362381
2023-02-23,54,2,False,False,0,31.31968818511011,44.48456000763582,229.75517484570776,14.155009206451172,50.35979974881245,3330.0074169493805
2023-02-24,55,2,False,False,0,31.132605891160996,51.44077490707281,233.55705289732748,12.40309866369398,49.96488818971269,2943.475938446837
2023-02-25,56,2,True,True,0,28.907985305816712,39.42985387531879,245.56455100521922,12.721802766324592,49.85644524756883,2348.291188903174
2023-02-26,57,2,True,True,0,32.033782768279075,52.00386621779259,234.04018094701036,11.862665476150235,50.2176057641448,2300.0195542775423
2023-02-27,58,2,False,False,0,30.76000446952979,46.612934909175685,225.75967200984746,12.954207931103774,49.62925087504364,2964.275659796949
2023-02-28,59,2,False,False,0,36.78220123554802,45.331074055075355,227.88120158988647,11.832269373860113,49.828121740244946,2796.672194336103
2023-03-01,60,3,False,False,1,35.607273761443295,43.56987819229503,227.73292945808072,10.543938110529023,50.060730532099775,2463.075143522152
2023-03-02,61,3,False,False,1,32.29826285694052,40.99621045703789,221.02178413684993,11.28081327767774,49.75027440355739,2572.2226110218644
2023-03-03,62,3,False,False,1,38.26378866213105,48.08587247767118,228.34954904149282,12.648767863283316,50.33454260513376,2932.273180020291
2023-03-04,63,3,True,True,1,35.80420607341683,42.63468330274654,233.66414540910873,11.521135294327504,50.93453325183913,2221.095646085681
2023-03-05,64,3,True,True,1,33.27015069757824,31.952558880179915,223.62883940461603,12.608666574465111,49.62285093369643,2355.435365026649
2023-03-06,65,3,False,False,1,28.997497266775287,36.062395170277114,235.24241325525296,11.624231569523866,49.16743735184798,2745.3400235716013
2023-03-07,66,3,False,False,1,38.65202327320784,40.58495679517439,232.4388741054217,11.938687515905915,48.99912991626187,2696.4035572897183
2023-03-08,67,3,False,False,1,31.362134948326144,42.93551629506819,226.3288333901448,13.595549270969194,49.92476592925251,3061.6917607959344
2023-03-09,68,3,False,False,1,30.918915383252564,40.979430629591896,229.29235181331077,13.01039441079001,49.66841770493691,3002.6812124379667
2023-03-10,69,3,False,False,1,36.320557699811246,47.2396310811599,237.99160903820516,12.772960629424242,50.10393025053354,3043.6018315968986
2023-03-11,70,3,True,True,1,39.2178771009078,31.277259079563446,233.66773906752934,13.680475659539425,50.06629883601305,2495.020555078385
2023-03-12,71,3,True,True,1,37.16710621643999,41.64431974991689,230.04391827449075,13.300176767173033,49.19839157669295,2366.146440551318
2023-03-13,72,3,False,False,1,35.58378211437614,31.7357475333183,228.8115834151951,14.283352453532794,49.0925580852593,3231.1383579384087
2023-03-14,73,3,False,False,1,35.70007384628211,44.52915050613786,230.3830453522583,12.39331028657032,50.14796662017305,2895.5955436147474
2023-03-15,74,3,False,False,1,36.269179383479674,40.16895076730871,227.44118221028847,12.439069501248209,50.06771441735998,2908.1736615009845
2023-03-16,75,3,False,False,1,36.12915501829654,42.65568592753936,219.47625247140493,11.582280085225557,49.78709100081672,2587.8638088683747
2023-03-17,76,3,False,False,1,35.2197822244873,36.16037418440381,240.21088955267365,12.468239095592144,49.17142820743385,3047.878168663319
2023-03-18,77,3,True,True,1,34.909041426418824,46.805050825378956,230.776624995997,13.874961659856968,50.2356956313825,2557.5726803903403
2023-03-19,78,3,True,True,1,34.61581829592516,45.550092280694614,231.9907363256127,14.222288737779396,50.635949772711975,2552.4472663250303
2023-03-20,79,3,False,False,1,33.27055423732322,43.19875851578283,229.71046125061545,13.893850192603638,50.13899122010946,3168.8017072457988
2023-03-21,80,3,False,False,1,34.25171454898254,39.57886196103598,226.32441599637707,11.149727544265392,49.576263054717465,2510.5173543809656
2023-03-22,81,3,False,False,1,31.458824539130152,43.07700514660657,229.07037759525613,14.03656666291701,50.022276082785574,3190.5090012736
2023-03-23,82,3,False,False,1,34.67681517035036,36.60040017471497,222.00302618902845,11.123529703909888,49.31694295953316,2472.191999440274
2023-03-24,83,3,False,False,1,32.9221427365717,44.3756720730896,241.3854324902665,13.867914809384407,50.5289803569194,3369.583601996075
2023-03-25,84,3,True,True,1,32.715043459747776,48.3142264365362,223.82744000788801,12.608882101682742,50.04092216726477,2300.4218011569164
2023-03-26,85,3,True,True,1,35.301967371246484,45.39470958258809,224.8401685807641,13.685187034615712,49.11592154412338,2447.6778147195105
2023-03-27,86,3,False,False,1,37.74319453416099,36.374393339262284,227.798703978068,11.655308640546972,49.84966281977816,2559.876232498748
2023-03-28,87,3,False,False,1,36.80988294308618,41.81616097261837,236.44037862426188,14.163142552030614,50.231650755117116,3324.5949015469564
2023-03-29,88,3,False,False,1,31.843353004309286,33.535959108112,230.07254499631327,11.530331517361804,49.83347618951224,2654.9982367002317
2023-03-30,89,3,False,False,1,33.013243839256155,42.862136761154574,223.81932101984768,12.329295122865872,49.86205213927991,2820.6748591598293
2023-03-31,90,3,False,False,1,36.87922739577534,42.25764702471488,236.2716918037867,12.001210878170637,49.38779889647636,2807.15600577018
2023-04-01,91,4,True,True,1,33.03493261028528,30.665918077545513,233.6550031339274,11.245687366386072,50.283270493540826,2127.716074888854
2023-04-02,92,4,True,True,1,34.549900286553324,34.222372357326904,232.69217478608226,13.094277543552682,49.67576539999043,2452.0531300712382
2023-04-03,93,4,False,False,1,36.09556700492268,38.63780605411805,233.5786712058542,14.804727959899033,48.921777311497486,3460.263711093542
2023-04-04,94,4,False,True,1,33.05210824612306,38.57732134135229,241.97180950291227,15.66354436907511,49.814371314664804,3078.6356053376353
2023-04-05,95,4,False,False,1,35.18992262094584,34.06825718502694,240.92547447518055,13.090907269682424,50.49057485778518,3120.8909854211993
2023-04-06,96,4,False,False,1,32.29853802770529,42.100449458402274,226.56642328498353,14.106657980330032,49.806535276700025,3167.335720625769
2023-04-07,97,4,False,True,1,33.74831782310455,41.4587181429555,238.11942496405575,13.21741057123063,50.86899249256176,2517.262722633504
2023-04-08,98,4,True,True,1,35.572132360959216,39.281665492227674,231.9158409487945,13.478653742570456,50.21448397427426,2468.7233287979902
2023-04-09,99,4,True,True,1,31.725153172871206,36.53156616416634,232.49547908068874,12.631193540853126,50.169379081140185,2374.756929465969
2023-04-10,100,4,False,False,1,35.76772537824421,45.61740622665063,221.53864584178336,13.161109696119624,49.935800867041195,2880.0348046352
2023-04-11,101,4,False,False,1,34.820205901784945,48.72006873532834,229.148071173059,13.49532315449792,49.965856896117856,3103.742481097577
2023-04-12,102,4,False,False,1,35.934245428634114,38.10018347731891,225.93588204831718,12.370319927063615,49.868288182440246,2789.8905055016544
2023-04-13,103,4,False,False,1,35.24396518458422,37.537886977195754,234.14029407446654,12.861346775043481,49.84886530395874,3022.105814341208
2023-04-14,104,4,False,False,1,37.48838636627137,43.141239573962885,235.35540250201402,12.869601532899615,50.26543358103358,3005.9431790629737
2023-04-15,105,4,True,True,1,34.97163097158643,38.98725742381905,219.62756824491845,13.74275790721771,49.53208438510472,2397.676385386339
2023-04-16,106,4,True,True,1,33.820566747990135,40.17831746484572,229.88982567997866,11.837781177444512,49.46205308563787,2181.908824456214
2023-04-17,107,4,False,False,1,34.879300491706054,44.677135432720284,235.60930752397127,12.838869437084794,49.43840247456231,3035.0608627702927
2023-04-18,108,4,False,False,1,35.67377422794574,31.541291813920687,229.0666051884328,14.788158920014586,51.02282727383858,3387.263265025224
2023-04-19,109,4,False,False,1,34.63453010695587,47.79439046542544,233.64531822501183,14.025103142477276,50.26517145083529,3362.167804688371
2023-04-20,110,4,False,False,1,34.56479918252948,41.6866580451882,231.75582733813542,14.194263788925221,50.152246100840074,3240.0665019210373
2023-04-21,111,4,False,False,1,33.02362805829069,39.391700605605166,231.70830115976312,12.852715270349295,49.471242664853285,2974.870630835145
2023-04-22,112,4,True,True,1,33.043011627852415,41.13440347456006,228.64342510965852,13.131641602572317,50.31167115033742,2323.2893595538467
2023-04-23,113,4,True,True,1,31.502028766780406,41.52958701139592,223.91709597932146,13.794407959816864,49.94171432677334,2489.6470908263527
2023-04-24,114,4,False,False,1,37.74206070830481,33.20371722672266,224.39234926287486,14.33312769611021,50.10708447056587,3160.4818691961063
2023-04-25,115,4,False,False,1,31.68810978981137,49.48207374422131,233.54676257227658,10.801147965295295,49.51168984206822,2508.6576265650197
2023-04-26,116,4,False,False,1,32.72023590535035,42.367001232162124,230.09729127759442,11.416372583232803,50.08013442870879,2608.2731913510947
2023-04-27,117,4,False,False,1,32.59674349210845,44.533660453369606,229.30743877696386,14.0195115083767,49.78808323089676,3228.8228332200893
2023-04-28,118,4,False,False,1,35.74824166123798,47.23991474998535,227.88054978838824,12.410628516435922,49.6171944214849,2800.501303667608
2023-04-29,119,4,True,True,1,33.29067386971087,37.545060617606566,228.47405577259624,11.992451178630402,50.36705316790363,2162.205882664533
2023-04-30,120,4,True,True,1,36.295606185082825,45.19208032966009,235.2345589724407,11.385875624925003,49.231146095735,2214.473968119732
2023-05-01,121,5,False,False,1,32.37008193860548,41.66545271495548,228.32377959065985,12.060102254583855,50.282388132157074,2767.8364685401507
2023-05-02,122,5,False,False,1,34.18940960494672,47.4214857633929,223.29467643349216,11.187057100725909,50.3422430667765,2469.957752948479
2023-05-03,123,5,False,False,1,31.872527590978752,32.74045037092637,233.71825887770086,14.654060781981958,49.56017816222438,3412.379887862261
2023-05-04,124,5,False,False,1,37.74278882907741,43.07499743274537,228.9756166806764,12.513311120078615,49.58983576943377,2947.510878050704
2023-05-05,125,5,False,True,1,30.984057956127344,40.75511554093298,230.1569793276639,12.449825896493193,49.8884871593668,2280.5732132812036
2023-05-06,126,5,True,True,1,33.883183407693146,46.13409298967725,238.03789153199756,13.067139271339562,50.14101810523111,2453.9155932460862
2023-05-07,127,5,True,True,1,34.43293427632336,46.531307801705466,229.89719721324747,13.411959323604318,49.92357250409289,2432.447678601453
2023-05-08,128,5,False,False,1,33.89239765811244,40.855953504474364,231.44591836559363,13.365327995517474,50.21678123009594,3065.894288130441
2023-05-09,129,5,False,False,1,32.59125332007074,41.05083414144103,224.10538254350837,13.462170535255419,50.8814898262687,2987.2199915480264
2023-05-10,130,5,False,False,1,32.59685715132029,44.28055698764211,228.9016527382452,11.726104014445287,49.746141615425145,2620.1421966696357
2023-05-11,131,5,False,False,1,32.836463357628624,40.577347109492855,233.047630226043,12.026785319144262,49.14241001464829,2746.6038130165853
2023-05-12,132,5,False,False,1,32.34488212464845,49.501578017980925,222.2231313307938,13.060697493813903,50.41296179151533,2860.9230757215078
2023-05-13,133,5,True,True,1,34.454426508909904,43.681083231844525,231.00422546557854,11.730611420956404,50.84165728796376,2197.4351953512178
2023-05-14,134,5,True,True,1,36.833266111668664,31.231926457756302,230.50395536322404,12.218559400518563,50.19638418152556,2234.079152164383
2023-05-15,135,5,False,False,1,31.180591970849207,44.13672317585802,230.2064372779372,12.587436426684276,49.45612566232317,2887.350809794814
2023-05-16,136,5,False,False,1,29.437163177601462,41.0662255513068,235.1857944932912,12.938215823338261,49.9380538183824,3106.3889690002256
2023-05-17,137,5,False,False,1,31.879272004369266,38.35474854603636,231.67219257424262,10.339069867951332,49.44073825789418,2460.025342983491
2023-05-18,138,5,False,False,1,37.09223094417841,40.580174444041575,237.39035949178222,12.794589330549877,50.32142774698147,3023.20591357207
2023-05-19,139,5,False,False,1,30.2003849588307,47.57445113846522,225.0320524220298,11.808596170579323,49.32435479865078,2625.769456954216
2023-05-20,140,5,True,True,1,34.95887225302347,53.93455812343761,230.67962283609174,12.71164930350498,49.8499356065859,2302.6332578820807
2023-05-21,141,5,True,True,1,34.90696520024373,49.12498740050755,230.42233393194974,12.742400763982085,49.49783108685305,2383.5457676318215
2023-05-22,142,5,False,False,1,30.313370648949647,44.79794565661878,224.6537275312246,13.534079200828849,50.06341234256748,3030.245979492904
2023-05-23,143,5,False,False,1,32.4255943043289,50.384987236638246,234.78147501045675,13.239742091408706,49.81682916143112,3089.121432462826
2023-05-24,144,5,False,False,1,34.409639245890354,46.08854297982903,241.6233665292641,13.19242546250028,50.088381051625134,3146.915024178824
2023-05-25,145,5,False,False,1,30.25798515027425,45.19296302836192,229.91496962758083,13.248542508841005,50.01117527748318,3007.554928079324
2023-05-26,146,5,False,False,1,30.47069180272001,43.179480395482685,232.52510544136882,12.054734741693366,49.50667048613794,2819.031376454644
2023-05-27,147,5,True,True,1,29.574360851145958,40.48075253547541,230.42259237907663,11.753501890749813,50.31343853176451,2100.8459868647974
2023-05-28,148,5,True,True,1,28.566379162716032,47.58206931989177,226.43207665046413,12.551584870408865,49.975617174078444,2323.4085766583776
2023-05-29,149,5,False,False,1,29.153849295274497,50.616848572558574,220.89619861098993,12.367802267054977,49.50573549606705,2705.3082737740815
2023-05-30,150,5,False,False,1,27.859419948094818,49.64137064672601,226.47113258452316,11.28312390774754,51.120463278102896,2547.8200532665064
2023-05-31,151,5,False,False,1,30.22879084667698,48.345488557947434,223.04020809524135,11.953010581855827,50.23821508335856,2599.153069634718
2023-06-01,152,6,False,False,2,28.472471672340475,46.00026427845908,238.52051039029558,11.468628973552732,49.92336972330035,2734.8849393366113
2023-06-02,153,6,False,False,2,30.330298894668395,54.076644123616624,229.4244515303838,10.604885212866014,50.707602263350914,2416.603926369935
2023-06-03,154,6,True,True,2,26.599803784331385,44.75882854925845,228.27040335476414,12.703939264397942,50.9209078046933,2317.442642120012
2023-06-04,155,6,True,True,2,30.220827399513503,55.53626751697104,234.44576912393904,11.422919323055465,49.92732528884306,2216.02952998565
2023-06-05,156,6,False,False,2,31.0722457667228,46.959155121246916,224.39124448572056,13.370264610750334,50.17369874321738,3009.0552173991678
2023-06-06,157,6,False,False,2,25.262532114552634,48.52455568836268,226.16567980997723,9.64950874970883,49.50599859099853,2142.654747002931
2023-06-07,158,6,False,False,2,29.841672727851357,45.271583189108156,230.3403613462431,10.671289103603499,49.92640362461599,2422.4625926269277
2023-06-08,159,6,False,False,2,31.39124075151125,50.419466822044384,235.1438449571174,11.213409666660272,49.90046872312006,2666.520823393493
2023-06-09,160,6,False,False,2,26.357797614657237,58.12610430050763,232.50842522584395,12.27050499324081,50.09241351681083,2917.9304572539468
2023-06-10,161,6,True,True,2,31.962282080973083,56.152747208372496,231.2416257125794,11.484610564791488,50.16638023931851,2138.6719151801517
2023-06-11,162,6,True,True,2,29.294161145439425,58.79368606701439,230.39058867618007,11.347309692192951,50.27991422441403,2125.886325127945
2023-06-12,163,6,False,False,2,26.884061110728485,56.8410640720575,232.00117927763387,9.860961654119443,50.11882132814998,2318.2416187340727
2023-06-13,164,6,False,False,2,28.019532254042858,49.04248770666604,231.00826452564627,9.78237972557801,49.394628686685415,2330.76378400452
2023-06-14,165,6,False,False,2,29.083782017778354,53.23898797603847,224.85013862611532,11.212643118110377,49.53076644712946,2423.6848508359744
2023-06-15,166,6,False,False,2,27.954317534816983,51.32554903429369,230.23039610816576,9.47658603177929,49.72679619026816,2215.159102814883
2023-06-16,167,6,False,False,2,28.714166912172807,62.21444426011189,224.63155670541124,10.259118727894691,49.85887970403839,2353.708612467801
2023-06-17,168,6,True,True,2,25.628874618650624,49.91396677049606,230.4054127145041,11.241983870528664,50.52538714523606,2005.2349614283855
2023-06-18,169,6,True,True,2,27.641778350378278,60.70395425008067,227.5967602925588,9.708592738415062,49.418530506573546,1723.4319942101831
2023-06-19,170,6,False,False,2,24.307780160588003,61.0389064669143,242.6969081139143,12.245918708681195,49.82129247591465,2929.5074701798567
2023-06-20,171,6,False,False,2,26.744276775238365,66.06192459529481,229.80052808124145,11.813955013618619,50.47650474910702,2678.4135910387195
2023-06-21,172,6,False,False,2,24.989850574326045,55.20599159458722,222.97880216869206,8.967879758838388,49.850061262751694,1975.5612340718662
2023-06-22,173,6,False,False,2,25.15701024420564,61.15744989991376,229.32909894661537,9.556049795633566,50.230207824921415,2203.610429774381
2023-06-23,174,6,False,False,2,28.930178319619625,69.34622523374551,232.59679372818945,8.151620346264675,49.93022897853605,1939.3244887890053
2023-06-24,175,6,True,True,2,28.47010201571435,55.192495640582585,238.36681973076261,9.60365316980961,50.128391628662364,1885.4196589962462
2023-06-25,176,6,True,True,2,27.334866313031306,50.94875022629181,227.05273800030642,11.101365497937486,49.88576372809523,1974.5851924206838
2023-06-26,177,6,False,False,2,23.76074196882683,49.56755648599611,222.0878601298818,9.86971530717674,50.33353273636418,2149.708802726872
2023-06-27,178,6,False,False,2,25.14104789294503,62.87512791185174,234.0841850571549,10.692956681316357,49.22747179629678,2568.8431425982103
2023-06-28,179,6,False,False,2,28.0283281736163,50.23998183659039,223.09700647050175,8.658305513815634,49.818343995805726,1963.9792380102397
2023-06-29,180,6,False,True,2,25.713656157325115,58.13840473531039,227.81922279246257,10.927041953595497,50.148286338347155,1995.6554063244562
2023-06-30,181,6,False,False,2,29.89684348223472,62.5308330583115,228.71189757244503,9.522346092753049,50.2668476240031,2201.5406779928558
2023-07-01,182,7,True,True,2,25.87270564767563,61.61430991660448,229.65183273349945,10.037990672948972,50.74647631137692,1842.704174911032
2023-07-02,183,7,True,True,2,25.298028264093183,63.15961766538594,233.4458222853717,9.881304507940882,49.80448766656721,1871.6286390391085
2023-07-03,184,7,False,False,2,24.12358266932367,62.487497815050666,226.58182858856807,8.65099615842632,50.739740880930434,1943.3551938636263
2023-07-04,185,7,False,False,2,24.836859479519262,68.1136250413159,228.6313537391662,8.717848969246626,49.67048808667016,2006.6138582544124
2023-07-05,186,7,False,False,2,24.092927553580985,57.30045204525471,229.92864823525306,10.787154636906047,50.66432320577232,2404.7485814499746
2023-07-06,187,7,False,False,2,25.64235256104255,59.0191852056944,230.74798978759395,10.166832719801306,50.40873356334919,2311.586997859616
2023-07-07,188,7,False,False,2,25.968037135417173,58.88227821591118,230.48913587353962,10.766438792101829,49.54327071018389,2447.6966147873886
2023-07-08,189,7,True,True,2,22.31143100776716,67.23713547259867,232.18002887611289,9.989681214137434,50.153519618625914,1836.804076548928
2023-07-09,190,7,True,True,2,21.050052318358635,67.92785582560487,234.21919754820868,9.756746102451475,49.9743820822339,1781.8481314992505
2023-07-10,191,7,False,False,2,19.86959728459466,66.02066079345742,231.96317057825485,7.83659179057361,50.3127922968375,1791.1234969778238
2023-07-11,192,7,False,False,2,24.387912524439923,70.01955833182203,232.2679276175461,9.241212264423282,49.88836420578335,2070.7165182115405
2023-07-12,193,7,False,False,2,20.99560093039663,58.54822592320141,222.0888841662676,9.43331592241957,49.846376887169136,2122.469631017793
2023-07-13,194,7,False,False,2,18.72748991615927,73.10957587787468,230.2511384958284,11.363088528891845,50.68454729138143,2612.2383946606656
2023-07-14,195,7,False,False,2,23.64194805466397,72.72325901088503,232.39753774000803,10.04639388577929,49.95063955277217,2249.4968218325776
2023-07-15,196,7,True,True,2,27.682942332559463,69.11727313691084,233.64470597285225,10.845144171017694,50.413211162095884,1985.3869213291637
2023-07-16,197,7,True,True,2,22.51763637211086,74.67864320146748,226.53824612883102,9.856471164451923,49.8873242574779,1803.124223869577
2023-07-17,198,7,False,False,2,24.040326621623212,57.81530845473691,226.70480362555676,8.4977002948665,50.83333162961376,1899.3183792972561
2023-07-18,199,7,False,False,2,22.36135196510297,63.80315255253403,227.129496623582,9.276432190552203,49.66083268533225,2072.104300896009
2023-07-19,200,7,False,False,2,21.835092500882816,63.07394068847251,232.68206949945673,9.346085188443762,49.69292823437641,2170.9368095149107
2023-07-20,201,7,False,False,2,23.707082556617273,70.68091906231416,235.16940527462106,8.121523307421839,50.76225859055795,1927.113682889278
2023-07-21,202,7,False,False,2,21.125366089377394,62.14378715980274,227.96269946354198,8.627387176733489,49.77752680455237,1894.904847273354
2023-07-22,203,7,True,True,2,22.078661501436475,71.50074387155958,234.53981156813524,8.757396068310628,50.800537153082196,1670.6728430121764
2023-07-23,204,7,True,True,2,22.026258305094352,74.88244050410303,230.61739904582296,10.520478640375815,50.44592028979741,1900.9496725281165
2023-07-24,205,7,False,False,2,19.886739440674255,71.81988655266633,229.37857111418782,6.786135578997128,49.922675146719584,1555.697684085023
2023-07-25,206,7,False,False,2,23.048181932508378,70.07426696931613,228.94307885091015,10.025047590746645,49.09335326399142,2293.3942540178605
2023-07-26,207,7,False,False,2,20.556520898452973,64.02522013030448,233.7330568230108,7.8351368885937545,49.99034084786408,1804.9771896857635
2023-07-27,208,7,False,False,2,19.23850628131877,65.03675058743019,231.62788908393534,7.352919792821725,50.05081502676671,1651.9583029082476
2023-07-28,209,7,False,False,2,21.667831843635856,75.82277132879909,241.37912713823818,9.858385776986978,50.583608866652185,2365.324226436526
2023-07-29,210,7,True,True,2,18.643997101333333,73.77225602272621,225.7388767850134,9.364177988709004,50.794223588120055,1772.353732402653
2023-07-30,211,7,True,True,2,20.344767237999616,69.97832128015436,232.59050851014987,9.841040179359599,49.65750641042813,1763.0622801456711
2023-07-31,212,7,False,False,2,20.119034935624693,68.37876441848155,227.35399495094242,9.341883826219506,50.40059088199409,2208.530259213844
2023-08-01,213,8,False,False,3,22.159372997205402,60.63106406520911,225.65356506505677,10.556119561400076,50.382701078006676,2369.0399537290837
2023-08-02,214,8,False,False,3,20.78877255560138,65.6944441699302,229.94566431482514,9.010536663896929,50.536706351205225,2073.702409867299
2023-08-03,215,8,False,False,3,19.64264560089038,80.89113056152097,230.68676239703518,8.251332479391042,50.24934495606777,1849.1376345629842
2023-08-04,216,8,False,False,3,21.183128212994067,65.21372761406369,244.59086777530047,8.70720506169939,49.028751154519114,2091.1393711046685
2023-08-05,217,8,True,True,3,22.184522473932866,72.84193284532067,229.079270921584,9.564701341115436,49.92228878373612,1727.7143653424355
2023-08-06,218,8,True,True,3,20.37789793366048,77.20675726827852,224.34910635257657,7.499307871026909,49.42214621254154,1293.685666758289
2023-08-07,219,8,False,False,3,19.14285271676203,66.16632162880589,231.36505358747192,7.584755660591199,49.89869711354096,1744.40150199202
2023-08-08,220,8,False,False,3,16.36008690305045,73.63219839170897,219.62679981226816,7.886167795727324,50.49000211806695,1711.6630011678226
2023-08-09,221,8,False,False,3,16.716926674215976,77.66216890825291,229.54021608697866,6.049563401344685,50.152575417937484,1481.1571474983232
2023-08-10,222,8,False,False,3,18.10192244533232,73.29518897438182,230.0801264114758,8.251789964630044,50.57404543319872,1840.2741688990047
2023-08-11,223,8,False,False,3,17.3604284633158,87.83088765499275,233.97300191472607,6.1877071563392825,50.17087696035677,1452.8909441753647
2023-08-12,224,8,True,True,3,18.07449382193826,65.39805905008237,234.86811124713924,8.087590241305364,49.35083703016555,1532.0059497080401
2023-08-13,225,8,True,True,3,18.43266120765888,79.28280919045234,227.48215190546142,8.861098163494649,48.73957649671363,1559.0773153492441
2023-08-14,226,8,False,False,3,19.2516514139433,73.36912375865317,229.24692992685033,7.480803310925117,50.074404380839795,1749.2925671888422
2023-08-15,227,8,False,True,3,17.926190175012046,78.33248154010163,226.16939584694666,9.59727218952594,49.893036766824416,1716.5710516629465
2023-08-16,228,8,False,False,3,18.917167186580627,76.91487621777594,224.35968722596152,6.42274827025998,49.51152713030906,1316.3863104674613
2023-08-17,229,8,False,False,3,17.952179692860625,71.27366076838112,231.54947389690318,9.038229940603948,49.14968637517431,2125.789868311311
2023-08-18,230,8,False,False,3,13.753491326427383,76.31109813186795,223.632072257017,8.486464394147458,49.632628393263644,1841.998574393468
2023-08-19,231,8,True,True,3,15.709109103876534,66.09878928068731,227.92686549714068,6.060300719143524,49.902754257567615,1052.6555302006059
2023-08-20,232,8,True,True,3,17.185156613236686,78.62215452427247,225.0241302005038,10.452793816444508,50.3329389118532,1916.0997735131239
2023-08-21,233,8,False,False,3,14.941724386412355,77.30970546508817,232.7484159314513,7.644588876124406,50.09431554078399,1761.9078772442265
2023-08-22,234,8,False,False,3,18.451017046322,79.22052260670904,239.00715049633243,6.797863853743246,50.80403362358636,1670.6266766727654
2023-08-23,235,8,False,False,3,20.20500311390025,81.52137280558297,223.49206008598335,6.2359632399798395,49.4821979719773,1454.1965758918238
2023-08-24,236,8,False,False,3,19.47569506556848,78.26763026709683,220.73490758551216,7.3914333809924795,50.44052944602872,1599.3009412617298
2023-08-25,237,8,False,False,3,16.508314794930136,77.36385962630754,229.37556557324967,7.453153288647206,50.02364937156436,1749.2343756853302
2023-08-26,238,8,True,True,3,19.816071759240746,72.40702642938311,230.0784889797888,7.653031374201917,50.347334562059295,1370.865275683391
2023-08-27,239,8,True,True,3,17.03379292716513,73.4352380123053,231.09329653378649,7.223141247604312,49.78174256836723,1447.0314136470472
2023-08-28,240,8,False,False,3,15.966573263577558,83.10895226640271,227.76839742382828,8.125448871859184,50.53584018694529,1816.0726176660592
2023-08-29,241,8,False,False,3,15.320704099387488,84.53080412312183,228.99680350587283,7.076622995277563,50.14761237917262,1671.8284175827175
2023-08-30,242,8,False,False,3,15.851838929525476,76.3272819213246,231.83755205270302,5.502069373510048,49.660277507541124,1317.7757960727977
2023-08-31,243,8,False,False,3,15.592225082418427,77.91136393513365,235.2021544632242,7.261212120200624,49.993987985543406,1723.6571257911096
2023-09-01,244,9,False,False,3,16.62376925765776,73.31655505422214,220.22475614840857,5.017403390498757,49.88022207053145,1071.429280099953
2023-09-02,245,9,True,True,3,16.521025922364373,83.8564016193821,228.15530280484268,7.713734018970783,50.2445891753189,1400.3735820863656
2023-09-03,246,9,True,True,3,16.1255188140119,81.46736037451161,231.06904396970532,6.356527801828886,49.410111625312744,1067.358036061135
2023-09-04,247,9,False,False,3,16.915483432143613,87.98864694602541,225.4101194769463,7.475842482711074,49.985324148942155,1696.3515491378466
2023-09-05,248,9,False,False,3,18.34773452632584,74.027810368434,238.6558481588365,8.604007574550552,50.197653626324666,2070.8774918208346
2023-09-06,249,9,False,False,3,17.793061969940485,76.66079417649284,226.82295059885632,6.319437414449352,50.01651165359652,1440.0684114232783
2023-09-07,250,9,False,True,3,12.854367802506259,79.83397418908636,229.79353656496357,8.308505380333939,50.6734706221945,1378.7273593681432
2023-09-08,251,9,False,False,3,10.649250508265155,82.02956884746676,232.78011048421146,6.793738266734567,50.38701138703553,1518.165322076797
2023-09-09,252,9,True,True,3,17.561400512098754,77.83358956080468,227.0435760559905,8.961023008951647,49.996259601629625,1590.2296181154825
2023-09-10,253,9,True,True,3,12.897429140214843,74.65632487363457,220.7671347609779,6.824203347915492,50.10834454874884,1219.830802775913
2023-09-11,254,9,False,False,3,15.122857762310428,83.53173417645597,227.85672736541733,6.331223584322046,50.147832775741,1457.078831424518
2023-09-12,255,9,False,False,3,13.176158147759564,82.82827249017392,235.1472027796352,7.842153710358774,50.20164980208341,1835.5493191602443
2023-09-13,256,9,False,False,3,11.859229158535506,74.73342825027846,228.3155243660743,6.703167280485028,49.08717100216769,1562.1994293876492
2023-09-14,257,9,False,False,3,16.495747286536613,86.17849244255763,225.76782849270512,6.282397034909103,49.849236852115325,1367.0510175352924
2023-09-15,258,9,False,False,3,16.88360483496381,85.33300264943142,234.6283610475136,6.631748503603763,49.25778046590329,1586.5080325645515
2023-09-16,259,9,True,True,3,14.16760136830592,80.2284493163521,228.34612551988474,7.0515801187448055,50.639140473729746,1311.8979043687348
2023-09-17,260,9,True,True,3,10.096733449419569,80.02411871731236,227.4491959317489,8.425825541357671,49.969575239998534,1552.0355321962918
2023-09-18,261,9,False,False,3,14.147405597171351,82.45976519062138,230.74728044831656,5.137880602643319,49.90332952516019,1176.4499547738208
2023-09-19,262,9,False,False,3,15.987471094350193,75.43847349659843,233.85375104809393,7.08423958401395,50.448398666016615,1748.213191286614
2023-09-20,263,9,False,False,3,12.212911342651921,79.94880729756748,241.90856765866272,7.676123938714096,50.21116239872494,1881.5799316091934
2023-09-21,264,9,False,False,3,15.507238339920008,69.08252646531274,234.1361805382871,7.235604125100306,49.4356827428104,1645.699920575382
2023-09-22,265,9,False,False,3,15.082604399330606,84.26663636539372,235.79919983194173,8.343832398736513,49.964547318736315,1979.8842769407
2023-09-23,266,9,True,True,3,16.24744235926763,72.11091381073429,227.4701690050607,6.952312478261112,49.83241651338681,1302.779124378549
2023-09-24,267,9,True,True,3,15.306592244154164,87.4635986043081,224.87065947015262,6.8356780100118115,49.12773355569697,1200.309307683366
2023-09-25,268,9,False,False,3,13.102809007229915,78.31810795327902,230.3116567480956,7.607013613711251,49.6548618833814,1806.447520625711
2023-09-26,269,9,False,False,3,17.426553985787283,78.92666531513778,230.53584957629798,7.109337109688839,49.908229838991765,1658.05875579222
2023-09-27,270,9,False,False,3,14.70376924529214,76.85670050917528,224.60743629317702,6.615839779123353,49.942524534254076,1368.8428948320475
2023-09-28,271,9,False,True,3,14.956593765129801,78.55962042511342,229.12352735047995,7.519504892831279,49.25888428816135,1393.2999868466527
2023-09-29,272,9,False,False,3,13.138001274980036,87.09098989883493,231.99658800859567,6.348832864721284,50.57583279152374,1452.6061047315402
2023-09-30,273,9,True,True,3,14.114268911069601,67.55188233107175,231.8019669750904,6.389072872016459,49.94894847055428,1211.658717831571
2023-10-01,274,10,True,True,3,13.230487174584296,86.36242124214161,232.52143926692136,6.472033759025815,50.01877653833028,1251.1200257188195
2023-10-02,275,10,False,True,3,14.656422860354246,81.64846062281639,231.45482365068722,8.353763654226736,50.20032081916992,1556.5732170839465
2023-10-03,276,10,False,False,3,18.43091684788785,73.89806979579733,227.46495670364973,3.781233610295236,49.605961873048166,943.3607511494258
2023-10-04,277,10,False,False,3,12.271843502581646,74.52554425676777,227.4304968667558,7.400292571296249,50.22817798656635,1674.116872221093
2023-10-05,278,10,False,False,3,11.799627473164962,88.2471021213893,224.00524301003063,7.042296894875756,49.81646267699091,1608.7523184381216
2023-10-06,279,10,False,False,3,17.983150693515427,75.09474688015543,238.92387519592546,5.331372552320342,49.5517072296764,1314.0393189954352
2023-10-07,280,10,True,True,3,14.639173576756747,74.00679925166702,230.06725182309646,7.327073058454146,50.2867237466777,1343.70835152784
2023-10-08,281,10,True,True,3,13.739632428500844,85.40553571110026,228.87573472102574,7.499085363577735,50.7458369294009,1412.025653258525
2023-10-09,282,10,False,False,3,17.18048442391862,81.3512954210292,225.35603959273772,7.61984174609534,50.362414686742916,1687.4437088653485
2023-10-10,283,10,False,False,3,13.915274496586408,74.90264595022781,244.6782895116389,4.386123609773092,50.461488782570214,1052.0608014748343
2023-10-11,284,10,False,False,3,18.80728125957295,80.60333588967046,224.63335983888553,8.412967961598161,49.739684696718854,1824.2088249138794
2023-10-12,285,10,False,False,3,16.542787039962445,74.31360051437984,227.85576037196964,6.31834388450033,49.20119013541577,1451.7415059129094
2023-10-13,286,10,False,False,3,14.245693768652028,84.8628626525943,232.0791841814303,7.753022722236206,50.74506876104992,1815.5777721093875
2023-10-14,287,10,True,True,3,19.5736118748068,84.57626579564865,233.00106482872138,7.818772415165024,51.02725744470238,1516.388996638469
2023-10-15,288,10,True,True,3,14.087930935478253,81.83438733385564,234.78966027607842,6.213111148826186,50.77140338688484,1206.5764049301265
2023-10-16,289,10,False,False,3,16.826791367470065,80.881925238844,239.03804253884633,7.763240139386985,49.83210703051012,1841.4699488456938
2023-10-17,290,10,False,False,3,15.987287322089976,87.77317222458029,232.53078827730357,6.73111740747074,49.42268283063558,1506.2830523795374
2023-10-18,291,10,False,False,3,18.041134312878537,78.85365450474953,224.71984600016665,5.059918340886126,49.467158651090216,1158.7065904633478
2023-10-19,292,10,False,False,3,18.61245723050217,72.82825629880462,228.7152743743911,8.314572376642317,49.15813371619298,1957.207361050213
2023-10-20,293,10,False,False,3,15.608044423860106,80.86184818492112,231.53916186256942,6.388165874702332,49.94631069079498,1516.8698211578428
2023-10-21,294,10,True,True,3,14.09460367988868,88.91604969154744,240.34113020752912,6.32593836343626,50.802838979041226,1270.5304169560147
2023-10-22,295,10,True,True,3,16.581571997648982,73.27787505525862,223.0109726078785,6.795422445494502,49.92916868406388,1201.7685385209975
2023-10-23,296,10,False,False,3,14.369152424703822,76.40477876841439,236.01288252612613,7.489611674589798,50.151161450174136,1744.3138919124826
2023-10-24,297,10,False,True,3,19.8170616178869,80.14934623700096,230.8995718477321,7.179815726027993,50.687798482152104,1289.408034056792
2023-10-25,298,10,False,False,3,16.131790780312137,77.6472615696695,234.18915267614742,7.805682960151169,49.797952344083804,1825.2114551657648
2023-10-26,299,10,False,False,3,15.199218769349422,72.84962855070329,229.49002641682034,5.939469195063433,51.0177657283598,1359.1194026785568
2023-10-27,300,10,False,False,3,16.373051915207384,83.20953336062307,225.78783684936838,6.558721020612535,50.996047203748724,1491.2133131695416
2023-10-28,301,10,True,True,3,13.385933956345122,89.03432998427273,233.75436389700667,7.20805888829982,49.93444433065976,1341.4673034415762
2023-10-29,302,10,True,True,3,14.216096823545058,78.24349985611777,233.2721551355281,9.245684762828615,49.7112328679904,1718.7272617766573
2023-10-30,303,10,False,False,3,18.64191076444642,72.56610194631654,234.8602848286986,7.258512346153512,50.348619023195155,1665.901574401632
2023-10-31,304,10,False,False,3,15.011647894761238,69.16017852179388,229.93347682310682,8.48285319947284,49.82623752874057,1997.5728802123804
2023-11-01,305,11,False,False,3,14.31853845187809,78.00838949447865,227.00088988340076,7.462263293956909,49.42172239146633,1697.7663113846413
2023-11-02,306,11,False,False,3,17.575134589779296,82.04647069105948,222.2060650248808,6.966890087979848,50.64061932676149,1539.3630351965833
2023-11-03,307,11,False,False,3,18.96522425298121,78.70659976139522,234.09686634069703,7.231420358982124,50.60822369363854,1655.4813825675733
2023-11-04,308,11,True,True,3,18.126200357672055,76.11757972182463,232.11944741221993,7.338068408873695,50.07775580188178,1296.0510517931098
2023-11-05,309,11,True,True,3,18.777329838587487,72.97729901670579,225.1710868356802,8.139216079053496,49.36856762313591,1531.5711140362025
2023-11-06,310,11,False,False,3,15.37101923278747,70.25217893798384,227.3071316335169,8.939994090554471,49.38523687439131,2059.856348951119
2023-11-07,311,11,False,False,3,14.142767784769541,79.67143745896523,227.6662059402428,7.95559758316229,50.053614644209574,1730.0248256174254
2023-11-08,312,11,False,False,3,20.093210736343202,79.8466303627388,222.5850778400879,8.814240708471424,49.75006448274748,2000.0755692318662
2023-11-09,313,11,False,False,3,16.551681811607967,67.3246876171865,225.91158801697432,6.694322709157986,49.8294535339292,1558.4491324356297
2023-11-10,314,11,False,False,3,16.804185698250524,82.77363510787534,224.33084821596822,7.277125010534155,50.51098157753,1638.70243230181
2023-11-11,315,11,True,True,3,20.07333019891249,77.46150718619975,227.9376049405603,7.000780040356645,50.36658965871128,1356.4983728792463
2023-11-12,316,11,True,True,3,18.642739141835765,81.3515114992482,226.3065125083522,8.073528327785187,50.68907134024881,1472.5096137049077
2023-11-13,317,11,False,False,3,18.557605314523357,67.40103345971798,221.86497539566625,7.434790545928629,49.50468838831137,1578.6784451469277
2023-11-14,318,11,False,False,3,22.093564306843042,67.03650376066236,240.11295115284742,8.558840822146458,49.82840421565665,2073.346978305465
2023-11-15,319,11,False,False,3,16.596397316421964,72.87062164070383,236.26270365514614,6.9340284215222345,50.379490847730054,1650.497167176105
2023-11-16,320,11,False,False,3,19.861096985646004,75.87519941874665,226.10490289240008,7.944655992166339,50.224039170506444,1766.1608291833868
2023-11-17,321,11,False,False,3,18.243498577557492,82.08493125881652,231.36210698326806,8.625699609341254,50.76619019129381,2024.337977665816
2023-11-18,322,11,True,True,3,18.792748369397057,76.37148883380694,232.0873254491065,5.911366368460553,50.210268352952035,1014.1793048551026
2023-11-19,323,11,True,True,3,21.440590670402276,71.36184990785652,235.9554292738674,10.136727452603365,50.92405455205277,1962.9810433811183
2023-11-20,324,11,False,False,3,19.52937590222943,67.1738459609371,225.9069748666996,7.77095943201518,50.27000890086157,1711.6078519181228
2023-11-21,325,11,False,False,3,19.72226914919749,78.18248412809419,235.46053391991214,6.068663183653294,50.53108372379433,1379.683367147267
2023-11-22,326,11,False,False,3,20.924547190210923,66.9321779170959,227.26047347896534,8.29195365325418,49.83824252660777,1878.7420746888076
2023-11-23,327,11,False,False,3,18.185325839762967,79.6177881319481,223.32068797915693,8.208012857627772,50.007143605942,1854.6677247093817
2023-11-24,328,11,False,False,3,17.37431379571435,69.76986200017099,233.62068279657248,8.133925559545215,50.45547220191974,1908.4494462171176
2023-11-25,329,11,True,True,3,17.10237887741992,78.85771913390226,236.45379212061215,9.248790292565262,50.806489085296526,1712.3962714756708
2023-11-26,330,11,True,True,3,15.400269258336813,74.00925741353507,242.9395448676534,9.047339702553701,50.36461847465538,1733.0608071215631
2023-11-27,331,11,False,True,3,23.58806112820444,69.63627037310476,224.00137367454894,8.640570251520984,49.95841411403269,1491.7475671688414
2023-11-28,332,11,False,False,3,17.413531553173645,67.42785440978489,233.49459842540395,8.836140119331748,50.68866751476417,2051.956993712474
2023-11-29,333,11,False,False,3,19.323336679172954,68.0209147554434,227.95099378103234,8.325394728465263,48.90401067186006,1951.5330626985701
2023-11-30,334,11,False,False,3,19.359663961701116,71.56477361535346,233.91679355262016,10.249478017683735,49.28888274924656,2397.311886602451
2023-12-01,335,12,False,False,0,20.67705789401843,69.50391635125776,222.64755224384373,7.039477331162301,50.34081711183419,1610.2931095972847
2023-12-02,336,12,True,True,0,21.84413602392071,65.84131864666637,223.68615112150718,8.703450153868532,50.00705417812656,1630.243080003703
2023-12-03,337,12,True,True,0,22.08544426769098,67.67184974780292,226.1206258841676,8.674373818480227,50.302756825562085,1539.76294363854
2023-12-04,338,12,False,False,0,19.351551705458014,68.58000432490817,230.39482022834042,9.468592380843361,50.03220376121597,2172.185976747072
2023-12-05,339,12,False,False,0,20.33800064692286,57.22813506105527,226.79459366730822,7.857819344923805,50.28547284730194,1890.6705884962332
2023-12-06,340,12,False,False,0,21.39322387485343,69.84499987802279,233.2952717195671,7.004746589766512,49.5927985895034,1706.3914295852867
2023-12-07,341,12,False,False,0,20.48773785557317,62.33566849101132,235.13447309128958,8.952359048480274,50.28524304303985,2021.38800149783
2023-12-08,342,12,False,False,0,24.35805708960391,61.14558423738594,232.99788770622678,9.124240273487782,50.49720726410379,2145.2861264497833
2023-12-09,343,12,True,True,0,22.284704474369768,58.15144790893706,238.09393819830433,10.38042578077563,50.610275301965615,1977.241163073047
2023-12-10,344,12,True,True,0,22.932994350335914,57.2926783293771,232.0791331472767,7.668609587145797,51.00677714732435,1465.1020678866917
2023-12-11,345,12,False,False,0,22.95053354139369,59.15701886990836,223.91551644829917,10.14212506793438,50.12204922175119,2233.7302340955152
2023-12-12,346,12,False,False,0,24.134251098047,62.05950871583186,236.8168825676917,11.403605378950026,50.13695554342359,2658.5858572730717
2023-12-13,347,12,False,False,0,22.312830870844518,75.03960554219299,226.97421882197003,8.707471438508653,49.23841376791307,1942.5679919054369
2023-12-14,348,12,False,False,0,19.52151177528221,62.31104523014269,234.55209249842784,7.843610481864947,49.734294299430786,1811.1388239541036
2023-12-15,349,12,False,False,0,23.07979432816423,65.4948639359524,237.86867108277553,8.777151161024314,49.903458962996694,2128.5754909059447
2023-12-16,350,12,True,True,0,21.14375326125446,66.27282524132757,232.283440053652,9.247945082022817,50.525159776138175,1659.4555390061664
2023-12-17,351,12,True,True,0,21.556038976440988,64.58878372695078,222.51920593417674,9.847769576989064,49.69449943795519,1721.9235981975144
2023-12-18,352,12,False,False,0,23.953512907468518,63.20811441088128,225.40893916745105,8.742840731149453,50.39817000987441,1881.2638349933081
2023-12-19,353,12,False,False,0,25.425521144181076,57.27967144077412,236.6137223344257,10.939885034541485,49.99918914151831,2638.8828111041566
2023-12-20,354,12,False,False,0,23.160276055039684,70.17062167979356,229.15438657178592,8.320787555462207,49.911415942442616,1970.2964730376493
2023-12-21,355,12,False,False,0,23.90473458338315,71.61094676724105,230.39786767471082,7.746915415282767,50.12444698456663,1768.519121194307
2023-12-22,356,12,False,False,0,26.861341682627664,53.81988667182047,233.79412208081806,10.643783962294474,49.80442181387358,2473.5566588418665
2023-12-23,357,12,True,True,0,24.108718637844483,56.77059204191208,233.48161431040162,7.313542652454004,49.785481375953665,1388.7232909724949
2023-12-24,358,12,True,True,0,29.00128577936726,60.14867787278423,231.3939990619273,9.435246096429225,49.14760704710494,1820.3315614778708
2023-12-25,359,12,False,True,0,25.100002316788732,56.38157657276491,228.95665814389767,12.808376036865742,49.87602289633605,2366.480916299124
2023-12-26,360,12,False,False,0,20.6188264943139,63.39027242736994,228.43665777133822,9.730062050827728,49.76001592692564,2187.825757675063
2023-12-27,361,12,False,False,0,25.81865897418586,56.87500779250959,234.2894941264567,8.672825068896788,49.74200950532546,1951.0106694397587
2023-12-28,362,12,False,False,0,25.246120097533012,70.99742027680678,232.76784765533895,9.787743534543443,50.20843653129502,2222.5156828049626
2023-12-29,363,12,False,False,0,27.235289391938032,65.78060303394422,228.71349999691105,9.84593437651223,50.32931597639526,2255.5590845076395
2023-12-30,364,12,True,True,0,26.174229140981563,60.54650134861842,235.4105615649657,10.109009871885611,50.11609725232116,1871.0477764850593
2023-12-31,365,12,True,True,0,24.72308803203246,64.27448665650806,229.3548294243511,10.662262982159621,50.49770759522474,1966.1015913401725
2024-01-01,1,1,False,False,0,22.723537088979615,64.32523657447068,225.74168912832803,9.012528900099765,50.287780962915186,2006.8572964145817
2024-01-02,2,1,False,False,0,24.926169601655406,55.632532975039524,226.20514650548327,11.790812890105032,49.852471905097175,2614.235235660229
2024-01-03,3,1,False,False,0,23.815155763813937,54.0281787809462,225.10629581845117,10.399973286042378,49.76857185714281,2282.247881459192
2024-01-04,4,1,False,False,0,24.526977368413753,58.157535172414335,228.63794991698157,10.933201326808764,50.156411118383424,2577.86246285984
2024-01-05,5,1,False,False,0,27.036804796215684,61.7332170734381,236.16862139168097,9.629744996456697,50.28688355495095,2318.692987625798
2024-01-06,6,1,True,True,0,29.37082598317716,57.779318054869584,225.97452409484745,11.595687229337837,50.69892215351575,2182.7898201532525
2024-01-07,7,1,True,True,0,26.99142350863949,48.858877330274666,230.94237880509053,10.103571725884994,50.59558652247005,1893.6718560807426
2024-01-08,8,1,False,False,0,23.98102159706228,52.39054606573454,226.71655327186292,10.689388829833327,49.72926349674641,2401.9618216518215
2024-01-09,9,1,False,False,0,27.43229354308309,55.69667788615658,228.6984547936428,9.529820384805735,49.94899685993637,2245.622242590527
2024-01-10,10,1,False,False,0,29.106194415106078,55.35125366957492,222.44979394007373,9.516947806142307,50.33550890245888,2115.3896783467044
2024-01-11,11,1,False,False,0,25.662701289793677,65.25659747933679,228.8973088542173,11.252885435982614,50.53399888902948,2586.797281655754
2024-01-12,12,1,False,False,0,26.783010665340356,48.1296166783863,229.03147310097518,10.171706669398471,50.4694847343524,2327.49974348957
2024-01-13,13,1,True,True,0,27.24859151950005,57.25463635461924,232.70143972017848,9.811941451508119,49.968061083584324,1679.257110808629
2024-01-14,14,1,True,True,0,25.81693103389502,61.84095203765713,231.11640456627686,10.07283495599082,49.37298867378574,1942.6346696692306
2024-01-15,15,1,False,False,0,28.850093818849587,65.42299234164416,224.00803937523978,11.465012957065982,49.5005318118772,2592.8052712219583
2024-01-16,16,1,False,False,0,27.47768527812549,51.715872065363655,235.4209912202177,10.186836611398707,50.136316757159705,2414.6863254973127
2024-01-17,17,1,False,False,0,28.723889216620144,55.868977619110396,231.05151520110996,10.747792367039663,50.171112789712176,2480.20490835791
2024-01-18,18,1,False,False,0,26.27422789095869,55.936555532578566,230.99196758588744,10.929791424255964,49.45066031328281,2532.8654174115504
2024-01-19,19,1,False,False,0,27.337780016276824,53.7431340431711,229.95408823307432,9.046460099066795,50.022284805444635,2050.40653702548
2024-01-20,20,1,True,True,0,29.819991711596675,51.951614689724174,227.4112127638889,9.541442293408823,50.31561217848589,1766.6937383839731
2024-01-21,21,1,True,True,0,27.791094917580182,54.3080714143709,231.08901169874363,11.397306255776677,49.42438667124643,2041.6788737203158
2024-01-22,22,1,False,False,0,32.15117313137354,39.151650397589144,232.3779421796429,10.372144267519323,50.552498600902204,2419.560962500047
2024-01-23,23,1,False,False,0,28.057361691206868,54.910340650922066,221.26552154327223,12.21371513001124,49.81123442572009,2730.552721751447
2024-01-24,24,1,False,False,0,29.464249343563502,51.820513831299934,227.3061958132695,12.171271071868464,50.628806556288325,2756.6718688673704
2024-01-25,25,1,False,False,0,31.03711768986935,49.769491645939496,228.72526514798204,11.970749474192386,49.733273777112046,2756.5562371282717
2024-01-26,26,1,False,True,0,26.49102445963825,60.81112082512051,231.2808530284714,13.11809856496389,49.48668725855791,2377.6053013614196
2024-01-27,27,1,True,True,0,25.960675793442554,46.89987576387344,235.96655502963563,11.261598697478048,49.77093150507914,2077.597180471303
2024-01-28,28,1,True,True,0,26.58419007988832,47.959783785759335,226.14129592701607,12.03953273861239,49.95242593846134,2189.944284743754
2024-01-29,29,1,False,False,0,32.31250660801225,59.636518690706616,227.51019076591078,10.851800543751335,49.80576004661426,2502.822694593533
2024-01-30,30,1,False,False,0,28.834039209814875,45.22509251251205,227.43732944676725,13.933696563348656,49.891999289213445,3075.2994529145317
2024-01-31,31,1,False,False,0,35.20310800985755,46.34461481450428,225.9923620494773,13.509646483992332,50.166982574838094,3079.1779511263817
2024-02-01,32,2,False,False,0,29.105660876340725,48.07308763464222,228.2640675244387,11.582127256614443,49.9144103151018,2616.6234031616646
2024-02-02,33,2,False,False,0,30.74915432177707,52.72822705256126,233.85401109993987,12.000601744520091,49.966943803023995,2796.748549203589
2024-02-03,34,2,True,True,0,33.60857303681195,49.2833074909171,224.73082252317826,13.016603538867665,49.145386800398704,2273.209719620023
2024-02-04,35,2,True,True,0,34.679203339229424,41.504391999740236,232.13907197576452,11.552965764059246,50.19584900800523,2102.934938819859
2024-02-05,36,2,False,False,0,34.9310098878108,45.0334651850975,221.49048884990833,11.085776749561699,49.955398351154166,2503.700377817884
2024-02-06,37,2,False,False,0,33.363999330793916,44.38797154202226,227.19331001778897,12.658169811889174,50.805146490241434,2877.4946670293652
2024-02-07,38,2,False,False,0,33.13289375277419,46.7728005091535,228.35255349891008,11.903869856429049,49.53021741637302,2699.1401581488
2024-02-08,39,2,False,False,0,32.405521382811045,49.02609114896744,238.37429836457034,12.049134694967863,49.095852335750244,2866.379611181614
2024-02-09,40,2,False,False,0,32.91104516123505,48.72975149516919,228.62598847623656,11.072025559602567,50.30903424696502,2555.813379231508
2024-02-10,41,2,True,True,0,30.383924177692748,37.50447304021767,218.99378263274542,10.228216534741547,50.1732635091565,1813.9573876320414
2024-02-11,42,2,True,True,0,29.979948415578168,51.45408040006473,220.00555546569376,12.221046264605935,49.49578348973443,2147.2071074334162
2024-02-12,43,2,False,False,0,31.73768727350755,47.15117202783956,230.1701479317334,12.928292897993035,49.23512552249795,3030.355044380669
2024-02-13,44,2,False,False,0,31.530158427186812,52.56912196445029,233.06885427894954,11.835351552594958,50.768698365342146,2806.974958197227
2024-02-14,45,2,False,False,0,31.08812717186192,47.629840554723614,231.87727928813626,13.534804500713808,50.70705519530339,3159.082244778859
2024-02-15,46,2,False,False,0,33.509341117731175,50.682174571706895,230.83785052900495,11.43105354142978,48.756271620646935,2641.450417931124
2024-02-16,47,2,False,False,0,34.147050800100146,47.27939000661047,235.81129798752835,11.116227659921817,49.77088848537175,2654.198127967006
2024-02-17,48,2,True,True,0,32.53098400222355,51.45335652520288,227.30204389631433,12.139020761695825,50.83209602739195,2223.0927551166637
2024-02-18,49,2,True,True,0,35.42478103907608,47.11357235274808,234.47455278013413,12.158323687738376,49.76196872111107,2333.694010981151
2024-02-19,50,2,False,False,0,30.299679856518615,43.79742666621119,221.83992557486792,13.04488615677091,49.75469388298667,2938.8546429875987
2024-02-20,51,2,False,False,0,32.30682935027994,55.43851632658209,225.47526083530965,11.533281656587828,49.85862033618532,2549.5569947353465
2024-02-21,52,2,False,False,0,31.369313869502143,48.315586684980566,220.96479302534092,13.708981790027224,49.43955151311592,2974.904165284448
2024-02-22,53,2,False,False,0,29.176383333421654,46.53796107610375,228.62577349665105,14.339753932778585,49.14761212788598,3243.374857412944
2024-02-23,54,2,False,False,0,32.848249510061365,37.09139394283013,229.7686939136683,12.364939237555687,50.526273655367376,2889.8828734383856
2024-02-24,55,2,True,True,0,32.87189557330704,36.83995232430957,230.5705074611326,13.684327597206401,49.078531546876164,2445.346436843247
2024-02-25,56,2,True,True,0,36.2416650195084,44.558596263648006,230.30941676443567,11.407932589281982,50.12363572605438,2121.621310355825
2024-02-26,57,2,False,False,0,34.57332963276764,43.64116259384467,225.36223334594135,13.56873342027934,50.443289746378824,3076.007221824513
2024-02-27,58,2,False,False,0,31.357810407686376,39.66654461396019,229.04879577793392,13.569131625462896,49.27438685054942,3166.125661498865
2024-02-28,59,2,False,False,0,37.20635604794366,43.270787123873866,222.51276665697125,13.412888554772461,49.53786579870246,2993.5558757172394
2024-02-29,60,2,False,False,0,36.029706973808736,50.342890560747264,236.81614487566125,12.560728785957114,50.606589594195796,2907.422898389914
2024-03-01,61,3,False,False,1,34.8387589542332,45.71586592016163,228.48186963551,9.648120122946759,50.26644586011352,2156.452776126456
2024-03-02,62,3,True,True,1,33.30594885374277,36.37817163653813,227.55556940478155,11.985947971780599,49.691357146560556,2122.8755963648055
2024-03-03,63,3,True,True,1,31.92179662598668,41.375339817791584,237.94470164222042,12.02628651214549,50.60112450168059,2262.3757264803976
2024-03-04,64,3,False,False,1,33.17539991245338,37.763074993852875,223.78876733225385,11.697689101318169,50.603267861727154,2608.666346248737
2024-03-05,65,3,False,False,1,36.17380593593081,39.70982789676932,224.37206442984015,12.821135613503795,50.134526346507855,2818.4325896257387
2024-03-06,66,3,False,False,1,37.83931073989557,39.44610722798992,224.5188983756572,12.302077992886675,49.549919886063165,2835.5820982269465
2024-03-07,67,3,False,False,1,37.227766938397714,38.99729346622039,229.66064309150258,11.917771954790979,49.7932756482641,2670.779102757548
2024-03-08,68,3,False,True,1,33.2320140335938,34.986696214224395,232.158158148188,11.704113714902086,50.143193371977695,2241.0695574400156
2024-03-09,69,3,True,True,1,32.03618196921394,40.506503724600634,233.69837734058916,12.067112065252362,49.905702585426255,2315.3097586411855
2024-03-10,70,3,True,True,1,34.62014478205166,38.22973021552002,242.85997658747485,13.923010898318703,50.46947858911743,2749.988808118722
2024-03-11,71,3,False,False,1,30.86168184829325,26.27913661737975,218.75283772899618,12.158543119198193,49.23511295994533,2625.0274796001277
2024-03-12,72,3,False,False,1,35.102299302640986,51.09050378276239,233.04367794562208,12.321850455848155,49.25286823546688,2888.6518932856393
2024-03-13,73,3,False,False,1,34.2153599903542,46.17443729980038,227.21434713713884,12.396471933862214,50.090435555741216,2752.7877205788373
2024-03-14,74,3,False,False,1,33.63027526218257,38.75974071489374,227.06792425555614,13.207697993585137,49.75422779309655,3044.5899193493383
2024-03-15,75,3,False,False,1,31.421891704189413,40.65173131612176,226.9011393587306,13.339638840145435,49.68647569265113,3023.0800123861613
2024-03-16,76,3,True,True,1,35.68459958968798,34.621517250764825,225.45615164596012,9.852563273721403,49.1159716404128,1756.5907889039058
2024-03-17,77,3,True,True,1,33.63523753919125,48.88634055614453,238.42262417301725,13.93182697938213,50.009772922399094,2596.142956026169
2024-03-18,78,3,False,False,1,32.401170880303624,49.82791243426591,234.21148663506952,14.358669399761016,49.97362244599962,3239.090000288058
2024-03-19,79,3,False,False,1,29.03395898849327,41.06450564195601,230.11597989278687,11.8833584871553,50.32673949097587,2682.6236398372193
2024-03-20,80,3,False,False,1,34.758034892614816,45.34410141627991,236.755078762435,11.971621166079993,50.03445306656049,2889.982021869948
2024-03-21,81,3,False,False,1,38.38924136086041,41.05415261480052,222.43735517350564,12.503168062478005,49.933697960879755,2761.029963683712
2024-03-22,82,3,False,False,1,38.1960128530356,33.45123582027206,223.34647434334536,12.206044307725355,50.58850031839517,2717.710518953365
2024-03-23,83,3,True,True,1,33.98513243770099,38.03877693316776,219.11016133902655,13.193724359208666,49.34376634827572,2345.480976321507
2024-03-24,84,3,True,True,1,33.71779797345576,40.726461798776384,226.50292729938357,11.030141341894932,50.26819460942379,2088.970885877936
2024-03-25,85,3,False,False,1,35.87972758108957,37.768918188974936,230.80849263352377,11.864726112645117,49.16442641760233,2804.72978231651
2024-03-26,86,3,False,False,1,32.96241908309521,38.92913930112415,230.51429288966168,14.526954188616445,49.5808190599996,3300.053822438619
2024-03-27,87,3,False,False,1,35.576833530720485,39.55207659870728,230.7467095552994,12.063754951976449,49.39367143368834,2686.543231478144
2024-03-28,88,3,False,False,1,36.516514768325024,39.597274337577936,222.9447158446696,14.238734541569618,50.39097126772596,3292.4313393129255
2024-03-29,89,3,False,True,1,37.44636656016545,40.26147765776361,234.0157737130701,13.353088229309188,49.9672948832023,2613.316199335516
2024-03-30,90,3,True,True,1,34.797376866839,34.701604628419176,231.19813759119498,11.190037791351415,49.99324837770351,2079.115397369893
2024-03-31,91,3,True,True,1,34.59255989700797,36.429919029566655,233.66527140732998,13.635301414424777,49.44663350613528,2485.352712298762
2024-04-01,92,4,False,False,1,33.24320141303425,33.60837024838887,220.53618911204973,12.882082673771361,49.85015325203356,2889.126747394597
2024-04-02,93,4,False,False,1,33.34170209879385,44.94257828626789,231.55745429398894,12.54317178581233,49.61826734834544,2899.0657431942595
2024-04-03,94,4,False,False,1,34.535839372047285,29.553385367854798,224.06117380041238,13.241596239927105,50.19172750742711,2961.2785403538637
2024-04-04,95,4,False,False,1,35.71390262228628,45.883593578705586,228.0133837372432,13.468384968162969,49.50445443233419,3115.6949722219174
2024-04-05,96,4,False,False,1,36.7937582700082,47.08730279795557,232.67182449318193,13.697568527237129,50.66489718260254,3203.7569976963146
2024-04-06,97,4,True,True,1,33.34469520964629,38.69044716333983,230.45546803127957,14.163568780850095,49.162209775187954,2551.966752356476
2024-04-07,98,4,True,True,1,37.91794563059319,27.23732571298378,225.7423001011034,13.387906460580599,49.59674008377172,2401.536341605811
2024-04-08,99,4,False,False,1,34.36889343784941,38.5039708551217,230.0313657809221,11.597708103194003,50.83860025498305,2700.8942813392514
2024-04-09,100,4,False,False,1,34.84404131362653,40.05294978812372,222.34232342378178,12.49238731304583,49.782430626018986,2803.0990314126348
2024-04-10,101,4,False,False,1,33.36505814134266,35.390042070242295,235.75133697949147,15.900892785160112,49.34256066779779,3761.75756198697
2024-04-11,102,4,False,True,1,29.980784999253935,37.94189892751038,228.97357990251874,13.673270716321674,50.10953578126883,2551.325343637754
2024-04-12,103,4,False,False,1,36.564227709177,48.249697557286616,235.59274972127662,15.308128375747966,49.76230387889273,3588.3982077379
2024-04-13,104,4,True,True,1,36.23379330050855,44.00983705841161,227.3673415645198,14.32346573409629,49.58206487219085,2614.2841495225266
2024-04-14,105,4,True,True,1,34.15852685205419,36.154583750663484,227.3821200579671,13.158156661442932,49.45206459460064,2224.764691178125
2024-04-15,106,4,False,False,1,34.813359264690384,32.88730762018473,226.17906606681078,13.20522041885331,51.38418680281297,2964.261911850481
2024-04-16,107,4,False,False,1,35.666583921049686,39.34378308604807,234.38086965846537,12.8538316058156,49.87422404990793,3050.8873756433113
2024-04-17,108,4,False,False,1,31.46208645609988,40.020788354704955,226.45284421335762,11.138348835115389,49.03721631983356,2502.7910501965616
2024-04-18,109,4,False,False,1,33.47870461161187,43.68387477797867,233.2229771620759,12.879090242359563,50.74685487950277,2980.3883998762835
2024-04-19,110,4,False,False,1,36.07214515936536,38.6466718607032,228.08773801165356,14.055759292578713,50.30553545255528,3153.8736954918177
2024-04-20,111,4,True,True,1,31.919032587565706,44.00666420522538,220.1201835005419,12.228643435350058,49.6167667844901,2203.585284198019
2024-04-21,112,4,True,True,1,34.95592932728757,51.25634444596845,227.14842966106767,13.222597037948104,49.53344045565693,2430.216886245826
2024-04-22,113,4,False,False,1,31.594075701132983,45.79494534851464,224.10445892818575,13.643762839007136,50.33673639807912,3098.898818671336
2024-04-23,114,4,False,False,1,35.17576718679799,41.61928120729342,230.16951361841168,11.863191727266804,49.87654083625527,2644.234371729071
2024-04-24,115,4,False,False,1,34.104553295998976,41.091630251688656,224.04796132162755,12.301448013834516,49.03701109077745,2748.091846640326
2024-04-25,116,4,False,False,1,30.87578266913114,40.37700739990967,234.6298755035731,11.71390239980549,50.89361998230233,2734.4259113398675
2024-04-26,117,4,False,False,1,36.36303673216119,48.221854363393454,229.54462069823487,11.887901800284647,49.78300476889202,2714.775324314275
2024-04-27,118,4,True,True,1,32.489209753752995,39.34559866735862,229.1120200262063,11.399912588551665,50.747785868241216,2058.6842238423023
2024-04-28,119,4,True,True,1,32.26006835226617,42.876986450407976,233.27946068893792,11.763723506510454,50.63921747898286,2178.0828466450316
2024-04-29,120,4,False,False,1,34.201260434197245,43.080710343889365,234.8195346703793,14.059492292718446,49.499495227758594,3343.9256770132624
2024-04-30,121,4,False,False,1,36.014337885950646,40.494737205391786,229.89950624115176,11.699641927037673,50.516594932181576,2594.0993345568468
2024-05-01,122,5,False,False,1,31.599777642542318,36.32530414788992,226.14399850225354,12.715885603210424,49.674278725068156,2964.485953208768
2024-05-02,123,5,False,False,1,33.666581397194214,44.991459990772185,221.13015191943936,12.060097755578525,49.06664970659803,2691.043305105692
2024-05-03,124,5,False,False,1,34.31012357419178,43.2654490746748,226.5697512148241,13.714613109096128,49.78770091698893,3105.199885352464
2024-05-04,125,5,True,True,1,34.74546600871266,46.27042116703563,226.9139387667602,13.818938734859527,50.19881875088814,2553.909561641467
2024-05-05,126,5,True,True,1,33.616425097793545,41.30477670431064,230.53528726496148,13.343132578310676,49.76863167600183,2388.2585843058328
2024-05-06,127,5,False,False,1,32.43132483629251,50.285193358929696,228.27426559430987,12.755748707440503,49.84647582953745,2878.5741230389976
2024-05-07,128,5,False,False,1,31.409619021912007,40.01021407252527,233.43966486025715,12.188380302121935,50.57178302246431,2839.1976412971767
2024-05-08,129,5,False,False,1,33.13411640391891,53.17190488241071,226.93508364364655,11.196673887156598,50.05324699014505,2609.1961436341244
2024-05-09,130,5,False,False,1,30.71222052681593,36.09570128128745,229.7147941657353,14.30047844635834,49.57835084435752,3282.7066337204124
2024-05-10,131,5,False,False,1,26.906139446681195,47.23440856885335,235.91993721598445,11.56497910634857,50.351015161833665,2750.911878233184
2024-05-11,132,5,True,True,1,33.512005736220765,47.66881295335341,231.70912606977484,12.95531218540447,50.09883778347712,2372.012301756133
2024-05-12,133,5,True,True,1,34.33453795749247,41.54933389437734,229.69981229155718,13.317566055219421,48.73919759926898,2471.5760418998266
2024-05-13,134,5,False,False,1,27.686355237402285,47.88883724366957,226.99027779032411,11.668385535640459,50.214176456885724,2732.4720537483504
2024-05-14,135,5,False,False,1,30.276114131445,52.40842680776785,226.8338430164251,13.226685189575424,50.19591435385805,3050.036166503532
2024-05-15,136,5,False,False,1,33.41507765877001,35.17485045875634,225.74693373524025,12.91724394436674,50.01006056479043,2911.9554133619977
2024-05-16,137,5,False,False,1,36.170827040495176,49.024851660795164,227.2949656710855,13.844714665703298,50.445850290534786,3180.608487030279
2024-05-17,138,5,False,False,1,31.97439968422059,34.30095353350405,233.77832919372156,11.610497214234222,49.66380320783675,2743.1584875823955
2024-05-18,139,5,True,True,1,30.351728212311894,42.19908476168433,228.89055864353867,10.756456211151333,50.16824989441045,1994.970400541016
2024-05-19,140,5,True,True,1,31.314845759925653,55.43718580670118,223.25113465309386,11.498701837196089,49.21652031441632,2109.276253796334
2024-05-20,141,5,False,False,1,34.30131641038722,44.65015486422238,238.8408464652989,12.174322614161587,50.20354519169942,2962.9494034998575
2024-05-21,142,5,False,False,1,30.128618774116568,41.961062775652614,231.5998259557258,11.984376866794747,50.976529847769946,2769.2216666937456
2024-05-22,143,5,False,False,1,29.689244132657837,47.11577761586132,222.96528299743414,11.492850547512953,49.50257182376623,2594.6006278473296
2024-05-23,144,5,False,True,1,30.187358955269215,58.72352622174175,227.79075536379588,9.93665634091274,49.620098934006116,1791.6280168915825
2024-05-24,145,5,False,False,1,29.1095834157318,39.50755363814751,230.5544319141421,12.275355185803875,49.64499227855423,2783.9839215915517
2024-05-25,146,5,True,True,1,31.123193154914325,43.69474417845088,238.5229604664869,13.73570023595962,50.0649991129008,2607.5492197038493
2024-05-26,147,5,True,True,1,33.987079595982365,56.727054985132135,224.45943770870565,12.185568041835976,49.46848186357314,2184.3186930783622
2024-05-27,148,5,False,False,1,31.242051170333824,58.82019957037766,234.88020359677972,12.287903306284043,50.21062368934549,2803.106180898639
2024-05-28,149,5,False,False,1,29.947697381153933,49.30942500150649,236.99743213486173,12.208166621777055,50.423419972734585,2936.320768406528
2024-05-29,150,5,False,False,1,29.723677943788246,43.92922548416725,226.85672847462715,11.9892368143682,50.26717360672689,2581.4727694850103
2024-05-30,151,5,False,False,1,27.034242292765214,60.904540706730025,228.61243190569883,12.479853139915654,49.115792287180966,2988.7904231164052
2024-05-31,152,5,False,False,1,31.778637688752074,58.70120654068897,224.81845376313115,11.899099121522992,50.4975838325793,2750.2310223648474
2024-06-01,153,6,True,True,2,29.7070526770613,54.430148104002946,228.98269429459847,11.146140951672795,50.46868370712684,2028.7682726725016
2024-06-02,154,6,True,True,2,29.35063524955739,47.282476404304276,229.81705012828533,10.617489613012838,50.415080686173155,1952.5354321324448
2024-06-03,155,6,False,False,2,35.94528207077431,51.41098124356348,233.29824999041185,11.118746425244701,50.186421124327914,2609.1326767761007
2024-06-04,156,6,False,False,2,30.002693660236325,51.16843981065638,235.45091735510223,11.635685849502151,50.110094657102564,2710.1748879216166
2024-06-05,157,6,False,False,2,27.746421299505176,53.94098839820575,226.25951967689176,10.95891805878569,50.5161946990632,2489.190493538612
2024-06-06,158,6,False,False,2,28.24084439574513,59.86051633284322,220.16337467887,11.542406559578295,50.96175674380173,2534.0151811872
2024-06-07,159,6,False,False,2,31.232794184958177,57.32356276215958,229.8937761036188,11.619920963669818,49.52347976831758,2666.633872502107
2024-06-08,160,6,True,True,2,29.003620473115177,47.862661623193944,231.4676876498432,11.966303326882077,50.539062697897386,2224.923101806048
2024-06-09,161,6,True,True,2,25.740581350662943,60.4570890162504,231.2470884384252,12.367936161028283,49.956891450996274,2222.3629918663837
2024-06-10,162,6,False,False,2,30.294580995857743,55.467236206939994,228.36663376245477,11.114844356491059,49.935163473985696,2540.238076692163
2024-06-11,163,6,False,False,2,26.957796651167314,57.6656803216824,230.62376049831968,9.68044888152593,49.23173465480898,2240.7139117001366
2024-06-12,164,6,False,False,2,31.87766596179336,61.8935411457109,237.57722404176124,10.594217025988291,49.8576052952423,2523.3871529980574
2024-06-13,165,6,False,False,2,30.127224324164203,49.335032850108504,231.90867084481255,10.934201025227072,49.501367521015794,2524.9444887385894
2024-06-14,166,6,False,False,2,26.907662960674656,55.047416786348684,228.1331578749846,9.004923269420557,49.76807278524703,2111.2144706733106
2024-06-15,167,6,True,True,2,30.198687650750294,52.90429698312062,227.49901091452003,12.179660998286503,49.45090680811092,2199.0060365633904
2024-06-16,168,6,True,True,2,27.605932825864162,48.058612875800335,229.15073821161135,10.883444453953274,49.775545806343494,2006.5257600679276
2024-06-17,169,6,False,True,2,29.00860405255056,57.96901569115971,238.1836998091532,11.072269845272123,49.796944821488296,2174.652234322065
2024-06-18,170,6,False,False,2,28.104674788986912,69.13191987429256,229.08349645236902,12.006089208845653,50.0483774592194,2746.4280876804037
2024-06-19,171,6,False,False,2,25.27401558795402,47.713434864185615,229.90102827739645,9.959875839238382,49.19262506885433,2300.5088603294785
2024-06-20,172,6,False,False,2,25.5105661926207,57.093021502487346,227.58843214531848,11.113341688060718,49.27724092612734,2524.448778865201
2024-06-21,173,6,False,False,2,28.687991764547494,60.798553777386815,235.49491678720983,10.378556915713617,50.18095713536526,2505.9658869154796
2024-06-22,174,6,True,True,2,25.78844130498567,58.553357059332214,239.79918627372336,10.253310723743706,49.60128094146495,1954.1022264529909
2024-06-23,175,6,True,True,2,25.48018484804182,57.715063762672365,232.25306524715694,9.614052144553364,50.537264895114966,1850.4821928792278
2024-06-24,176,6,False,False,2,24.206344912518244,52.127869646724484,230.41386451892714,12.000580235051613,50.11263486100752,2759.9206736953442
2024-06-25,177,6,False,False,2,26.79256562935891,60.13154037023574,230.1839141658712,9.908110209376026,50.303381075103204,2237.7146038086025
2024-06-26,178,6,False,False,2,29.898914630820922,55.527747882465455,218.07846605607128,10.931623684596092,50.705346160210446,2417.9203831676396
2024-06-27,179,6,False,False,2,23.467066945149387,48.70612435199054,233.7257543214241,8.305632444625441,49.845144594096716,1926.0068165487921
2024-06-28,180,6,False,False,2,25.478661243390825,65.97296110256866,230.67083207997922,11.309055228703379,49.71275664729186,2639.694224598406
2024-06-29,181,6,True,True,2,28.082625513102187,65.1361962223269,232.14171025330361,11.129666476638457,50.435851292799406,1930.4576291023825
2024-06-30,182,6,True,True,2,24.926787186395455,60.94673711671032,226.4426890295815,10.12325510096337,50.25475678196484,1834.1299485304057
2024-07-01,183,7,False,False,2,25.81867362361259,62.17776678549359,228.07771560511455,9.747236543196012,49.90633484508935,2200.147179296966
2024-07-02,184,7,False,False,2,22.617028541434916,66.74763859962421,227.94487531748413,10.32254468493217,50.69572898347797,2299.8082268394583
2024-07-03,185,7,False,False,2,25.426391864369993,62.84099425863934,235.10811492036518,12.159723961866698,49.893877845080034,2831.187728534484
2024-07-04,186,7,False,False,2,24.023578696332976,66.58212172275526,228.10620081698454,8.056123468999136,50.01638681877789,1808.9665606113062
2024-07-05,187,7,False,False,2,26.197595199025095,60.916749893617805,240.41330161054898,10.549867949873738,50.01061132541713,2533.92929564193
2024-07-06,188,7,True,True,2,26.429404604957508,69.30549413513504,232.1543120950752,8.804772448394498,49.532703052550765,1566.8863896643088
2024-07-07,189,7,True,True,2,29.062537212820285,64.69010504294904,223.62158670002134,9.645104582335184,50.038792694743194,1741.2965614845382
2024-07-08,190,7,False,False,2,24.871784571901344,64.39612260165892,229.3572685337402,9.365875348563595,50.698380088699246,2216.4423266343274
2024-07-09,191,7,False,False,2,24.19360066396559,57.41422875330473,226.74162438921792,9.134284151442621,50.222484157688086,2085.16885097818
2024-07-10,192,7,False,False,2,23.76069847376951,65.53686926888093,219.0280876508999,9.501113832131722,50.015531713199465,2121.4602236667747
2024-07-11,193,7,False,False,2,22.496001557123,60.27865567261105,237.99735470056893,8.326529097545524,49.91911635941717,2036.4200217838402
2024-07-12,194,7,False,False,2,23.71023878898762,61.582041687476526,233.5157127111,10.439161766747239,50.16543351420317,2499.5327756776564
2024-07-13,195,7,True,True,2,22.27398802532398,61.03018776074313,232.66603658949657,7.565293742482012,50.37488331424459,1501.656463199953
2024-07-14,196,7,True,True,2,23.03386525023311,60.10798849118598,230.82701830149853,9.848847502136506,50.304619415444876,1793.7439821856688
2024-07-15,197,7,False,False,2,25.164973266406566,76.39350567269699,223.08991215653782,8.932397606022624,49.83406756908901,1956.8035980168002
2024-07-16,198,7,False,False,2,20.350259942160644,72.7551198030678,227.58191430222283,8.038078628008524,50.16239079705506,1868.4946038902015
2024-07-17,199,7,False,True,2,24.477450370265927,76.0272307445686,234.20890387392006,9.361691345001049,50.23996987057414,1789.486485637798
2024-07-18,200,7,False,False,2,24.66710194194483,60.63598289410445,224.7438998510875,7.552910455473052,49.496402506236514,1736.2543159698519
2024-07-19,201,7,False,False,2,21.632792536659576,67.4297911930819,217.34115341874593,9.100392698912156,50.084115270591845,2072.353968457615
2024-07-20,202,7,True,True,2,17.462205379737508,60.92695273179299,228.86446996109538,7.588897645514855,48.91934805684882,1390.0317252237344
2024-07-21,203,7,True,True,2,20.328232899103803,64.23479373888682,229.2912122298623,9.424435146305632,50.24126685491059,1750.0599554048194
2024-07-22,204,7,False,False,2,23.976851785824543,63.43912486703659,230.67781708207355,7.990501474180322,50.330171527281344,1794.2120248808337
2024-07-23,205,7,False,False,2,21.17718422336259,74.54179208445414,233.64259321757268,8.415882087358797,50.37377306289323,2073.074571302626
2024-07-24,206,7,False,False,2,19.065492768845512,66.67436346049983,233.18802906115604,9.113178557973763,49.802476573915214,2108.256900355834
2024-07-25,207,7,False,False,2,19.896890569387356,74.3064835032783,231.29384902621962,7.999390011710902,50.15452341751202,1834.798909262469
2024-07-26,208,7,False,False,2,22.431236653313565,72.2916098659996,235.97765694043355,8.667034980423036,50.71197692277058,2027.8891127505922
2024-07-27,209,7,True,True,2,21.688279292897807,81.0928705628397,222.40515109593343,7.16461314570366,50.70688482414563,1242.51270243909
2024-07-28,210,7,True,True,2,19.96306886657602,62.47828988750093,232.52290907238694,9.263155523070779,49.98541365038672,1686.6448430891103
2024-07-29,211,7,False,False,2,19.554756099631984,76.46958507597607,233.1326918166847,10.351435282529179,50.06965981536478,2387.0727574377556
2024-07-30,212,7,False,False,2,19.353756630825455,76.20051649931465,223.8021885695988,11.333390746583891,50.555455572367215,2468.1478565973666
2024-07-31,213,7,False,False,2,18.14276149654524,65.89320924063082,222.48564695658806,8.587442706329112,49.24959899236891,1871.316850207104
2024-08-01,214,8,False,False,3,23.070127468780356,76.08437294571819,226.27028936762198,9.240016967749629,49.83846212866149,2188.1894686268265
2024-08-02,215,8,False,False,3,19.04805857995799,73.0147599409535,226.69229278742355,6.627184182606711,50.66778522776838,1539.1143342617313
2024-08-03,216,8,True,True,3,21.981912656244486,70.47862416930897,233.76709731751217,9.867013010683635,50.487600270842385,1891.561601397698
2024-08-04,217,8,True,True,3,22.44673947974314,67.77485630435527,226.92730608154451,9.097460717493577,50.18463188882495,1710.43024161364
2024-08-05,218,8,False,False,3,21.258899117252675,68.5739901450566,225.71825740859398,7.794749751335794,49.24708379733469,1851.1240590257062
2024-08-06,219,8,False,False,3,18.25890685163917,82.68999544774698,226.9418313165272,9.473825043411589,49.97504488347942,2061.4360773520116
2024-08-07,220,8,False,False,3,19.79121954842399,72.71206011259096,235.59316167077105,7.940651733679891,49.70504230187503,1809.269091899808
2024-08-08,221,8,False,False,3,18.798762787584888,76.88324122835692,230.06521687188476,7.69612101709546,50.165519451408606,1730.4235678256032
2024-08-09,222,8,False,False,3,16.9049681325814,69.2781954565078,229.10374487321545,8.589046481639988,49.59532665760256,1944.2962240093568
2024-08-10,223,8,True,True,3,19.228171431077573,69.58960764555071,229.44997250649473,7.01048136045999,49.4871383025127,1271.8153348026087
2024-08-11,224,8,True,True,3,16.090356845589547,79.15097939072305,236.4603016716326,9.056155692772693,48.96756736115818,1690.7881680383414
2024-08-12,225,8,False,False,3,20.694720134787797,67.24128548327528,226.2541413669838,6.939818595432556,50.61090234248835,1581.128143208823
2024-08-13,226,8,False,False,3,17.263031310633053,72.15706360610913,236.5775414547005,6.907624981745766,49.800114744278474,1635.9537050097445
2024-08-14,227,8,False,False,3,18.469507042875907,74.64301782127941,231.05248149460752,7.010466530930734,50.078572891851266,1583.6439486475263
2024-08-15,228,8,False,True,3,18.510739642020507,75.26520346847997,229.19790309012325,8.64274920719459,49.99888094176291,1475.9425573288818
2024-08-16,229,8,False,False,3,17.30542091583223,74.04397532885032,242.5045024896714,7.230193897452407,49.46628303351975,1703.7111387366197
2024-08-17,230,8,True,True,3,18.877812062085674,77.14521507505087,224.72180255100702,6.463331553373369,49.370467544275904,1134.4992810614622
2024-08-18,231,8,True,True,3,16.637972578268993,78.85257531676781,228.23157120216496,7.170653967518415,49.49734243700138,1296.9017254026269
2024-08-19,232,8,False,False,3,19.215926319594406,79.27910474871216,223.83784380418,7.709957146723489,49.638415780585305,1669.296810579687
2024-08-20,233,8,False,False,3,14.669154511601073,70.8898940917964,234.76230985268086,6.527361677963986,50.1833031235069,1507.8381814378752
2024-08-21,234,8,False,False,3,17.503918745422418,74.60644627384954,238.4459446682584,6.523666766864535,49.6021411682397,1498.9925155016576
2024-08-22,235,8,False,False,3,21.021359447329424,82.20459548953191,238.34961390702318,9.75434676886344,50.87324531579731,2318.6538186964035
2024-08-23,236,8,False,False,3,15.0375087129627,80.90276700391765,236.11974376573002,6.750886004838267,50.51357551794658,1540.3629072359336
2024-08-24,237,8,True,True,3,15.57971059574085,69.75911526991084,229.01189766102019,7.257517792264159,50.404179774832855,1287.2011047135031
2024-08-25,238,8,True,True,3,17.862435184858672,78.56976761445058,228.17379511255078,7.183148844862966,49.940170548763426,1245.7708596831176
2024-08-26,239,8,False,True,3,17.095621576640102,67.10521558367651,221.64415113752966,7.09958059605783,50.757140367860245,1251.1893769380827
2024-08-27,240,8,False,False,3,17.342005404360755,77.4099536758179,240.17936767590896,8.113570301713192,49.890997184439435,1905.3897961618886
2024-08-28,241,8,False,False,3,17.525883686764693,86.83796217832182,232.34489039074234,8.41239577841286,49.98436929292288,1999.916388392651
2024-08-29,242,8,False,False,3,17.72622123962527,72.77837051653994,227.5402154756526,7.131079059218926,50.08498726987464,1642.8997790432336
2024-08-30,243,8,False,False,3,18.58797840341333,73.50973497140937,236.64028444493485,6.174095329257916,50.35091152027167,1457.547081496555
2024-08-31,244,8,True,True,3,17.10257412676381,81.65977583705526,225.13617741619998,8.659321271720938,50.31845403950149,1519.7469172400424
2024-09-01,245,9,True,True,3,15.717362651027559,70.27860981699664,232.03311017111338,7.2646222968827106,49.762437360777696,1367.5323398771054
2024-09-02,246,9,False,False,3,17.464574176110535,74.97650110662752,229.13685432854584,9.06614984696869,49.73350314028702,2111.9241012730645
2024-09-03,247,9,False,False,3,19.841370962441346,81.26476545161543,233.19338569940152,5.06689623023011,50.319951478576044,1188.701107524975
2024-09-04,248,9,False,False,3,15.70117448398801,75.24799651588567,229.6821323040694,7.485335814309268,50.35761829194561,1799.4329836159168
2024-09-05,249,9,False,False,3,13.944895089716555,77.37098373552907,222.74536054444388,9.186792443593559,49.803324437588564,2069.2972609989606
2024-09-06,250,9,False,False,3,18.038325077980012,82.39767312803367,230.37788186335018,6.893984986383662,49.206405965160776,1633.9020196392069
2024-09-07,251,9,True,True,3,15.516330450161869,80.90485157652071,235.2443207093768,7.001634410086084,49.89634195199588,1324.3540553016783
2024-09-08,252,9,True,True,3,11.347421597592135,80.24601973001987,229.85391797073007,7.503339898476401,50.311762899412926,1413.5208814875696
2024-09-09,253,9,False,False,3,17.32602989134653,77.32551892955289,233.87557560794542,6.630560142228748,50.90270842320989,1510.88700823339
2024-09-10,254,9,False,False,3,14.501732194187948,80.97500210818289,224.77235257162974,6.859644637776005,49.40102101882967,1518.9385448776377
2024-09-11,255,9,False,False,3,15.335317635269961,78.60393227694722,229.86869603365074,6.817100165772082,49.786714373584715,1584.5061035109318
2024-09-12,256,9,False,False,3,16.127150694833574,81.60382680272602,226.8774477245571,6.511536275682291,49.805298219237315,1494.425705070535
2024-09-13,257,9,False,False,3,15.79382118968517,76.91661831144025,233.73490420052354,8.35270309923867,50.67790266971575,1977.6988498631292
2024-09-14,258,9,True,True,3,16.78419814863659,78.5691642315507,230.15745781130997,7.57066638660399,49.982529249770685,1448.9759081965847
2024-09-15,259,9,True,True,3,14.449649428619672,74.60717786735307,233.45036838168306,7.346814883031109,49.54633672031387,1300.8447541097448
2024-09-16,260,9,False,True,3,16.305029630061554,79.451091355401,235.43855213078933,7.892216417002933,50.27934764146091,1437.7829776770984
2024-09-17,261,9,False,False,3,14.720801138508483,75.63447201689762,233.45809287560695,6.807612514899429,49.797680739979526,1600.7708668182477
2024-09-18,262,9,False,False,3,16.681484045320104,74.17675659706975,231.36559217146822,6.286955106710629,49.387806363321026,1418.3669096293677
2024-09-19,263,9,False,False,3,16.401469448226283,81.09195564102401,225.00893870744298,6.448596039445496,49.55361334636193,1619.8801630531193
2024-09-20,264,9,False,False,3,13.269641096272506,80.90814306764693,229.98606944666548,7.043938591213118,50.86702097721131,1645.793730975294
2024-09-21,265,9,True,True,3,17.28518833002666,83.79872681262191,227.33454798992082,5.974755520930077,50.19210461082473,1082.6981341142305
2024-09-22,266,9,True,True,3,14.016932469837357,77.7627520750681,228.27968021647888,6.526396791432961,50.05388002772627,1166.1015543571432
2024-09-23,267,9,False,False,3,16.68354710388815,81.98676369634688,228.12732924624873,6.504112810326323,49.875053132093974,1459.757770376405
2024-09-24,268,9,False,False,3,15.783521515795707,82.7226962844796,225.10037212608879,9.139240296526921,50.1460744210594,2058.753424763715
2024-09-25,269,9,False,False,3,18.709778336048544,82.20886926395164,220.21330705433004,4.236208354803573,50.140117973001246,938.4685478135405
2024-09-26,270,9,False,False,3,14.573896426602374,75.86710162558711,226.65928475836117,6.82662879599819,50.14608441410366,1524.4838429771064
2024-09-27,271,9,False,False,3,14.31256925191327,80.74663220607975,230.9668972596208,8.72905464605967,50.05742254513888,2002.465055284084
2024-09-28,272,9,True,True,3,14.965697981350962,81.81903465336805,223.25911477286255,7.123205622070382,50.434399169152776,1339.470693984539
2024-09-29,273,9,True,True,3,14.39447384778407,80.02681794828686,230.0784111823581,7.753667497456879,50.01155217300037,1496.3864470534875
2024-09-30,274,9,False,False,3,16.5999764065222,69.54520601984525,239.5013421215548,7.099854095891197,49.51103058222368,1713.0262838299036
2024-10-01,275,10,False,False,3,11.769693763327917,80.76079133717525,235.1152827762612,6.333361112843848,49.69378855454956,1422.0070026086207
2024-10-02,276,10,False,True,3,12.900135049310457,90.99583323206961,238.21770754560265,4.760334031772036,49.01049065325515,934.1218459919926
2024-10-03,277,10,False,False,3,12.880039945285972,78.10190987822904,231.95563938466364,7.21014942356961,51.0134085580212,1750.148941683604
2024-10-04,278,10,False,False,3,16.927365452865597,76.22475149607168,235.83754911493224,6.232418476073143,50.43137729597635,1538.3273535538299
2024-10-05,279,10,True,True,3,18.46203678369206,81.68902407842607,226.38017634766106,6.211907605393159,49.58496475243538,1161.7234839719076
2024-10-06,280,10,True,True,3,14.848922493985537,81.33544285697967,226.7782986648901,6.518359023339031,49.85907757530145,1253.6990432840992
2024-10-07,281,10,False,False,3,14.740134459440656,85.68263882635868,216.30429896931264,8.768194778369697,49.681561762896784,1899.2674383855958
2024-10-08,282,10,False,False,3,15.240779375352831,73.3691902600552,235.93072737021149,9.435040056991912,50.77127360568706,2257.421011904869
2024-10-09,283,10,False,False,3,17.450262181276518,83.24917509578476,237.70161989909943,7.255159610346442,49.290061417864536,1690.5244136896092
2024-10-10,284,10,False,False,3,13.300555564097928,82.47232131890468,227.23411377326366,6.581811325831995,50.05723802940939,1510.2253364560484
2024-10-11,285,10,False,False,3,15.663673262753477,78.7316312478785,228.73024146801382,5.878854171733961,49.94573607871757,1411.1484464544756
2024-10-12,286,10,True,True,3,17.171911844508294,81.05219225008973,226.2306894315452,7.534995137029099,50.41341931535456,1334.2465451964022
2024-10-13,287,10,True,True,3,16.261183788155485,84.41669837927476,231.91326775738744,8.860604234547882,49.947995386137656,1600.8411743979411
2024-10-14,288,10,False,False,3,15.678524014682417,83.53593323988818,235.6246627265162,6.8424678474203215,49.120895561672285,1617.1286257166294
2024-10-15,289,10,False,False,3,17.344692808585734,73.35852337224028,221.2861401305948,4.723784146282211,49.87444108267878,1033.9748503546875
2024-10-16,290,10,False,False,3,9.982237575278518,83.06802253402084,232.04719265321125,7.786660320198622,49.51391889102834,1839.3300534997663
2024-10-17,291,10,False,False,3,16.793402373142754,78.53177984264582,228.61664114140427,8.116695231674333,50.03978977327828,1832.9486247364862
2024-10-18,292,10,False,False,3,14.181283470793616,79.1019974159862,230.56697195983344,5.560984810728692,50.71708851826016,1368.1014097044776
2024-10-19,293,10,True,True,3,11.882770332015658,78.98046357576806,232.29497000837145,7.339695021381524,49.13028737788386,1299.4955829918788
2024-10-20,294,10,True,True,3,16.623844619631008,77.73459949987057,229.0589878061359,7.631657842310413,49.59988863230005,1461.1665958248925
2024-10-21,295,10,False,False,3,18.408944802096663,84.31021000672321,229.4820657329711,7.125381011522286,49.723653523108254,1596.9046922432162
2024-10-22,296,10,False,False,3,15.449686134952652,77.79350280263826,228.9306241622268,6.426604030177057,49.809184452293394,1381.4473351427146
2024-10-23,297,10,False,False,3,17.69603621723953,72.46938540457785,234.8515810089414,8.253023360413652,50.370062832052625,1950.129342114316
2024-10-24,298,10,False,False,3,19.083276634123955,75.94913653484954,232.09379980063747,6.854236289475316,49.913227791219306,1578.095345855054
2024-10-25,299,10,False,False,3,18.559690779141732,78.65462003664223,231.1029176886868,5.793772398892159,50.20790136286022,1283.4772374130087
2024-10-26,300,10,True,True,3,19.283620362220354,83.74631800095597,223.64524139453857,5.251632905373588,49.68711347813411,855.5333224844594
2024-10-27,301,10,True,True,3,17.5644415175483,80.4495997989306,228.10710128393424,8.584905480620662,50.11496217270897,1566.2042838211787
2024-10-28,302,10,False,False,3,16.310192178369547,73.01016616726301,234.49334580169588,7.964461446641027,50.38889881543886,1916.4050567126603
2024-10-29,303,10,False,False,3,13.037151324763233,89.51239297839099,230.18848286561962,7.460298431696439,49.633850225131454,1746.522452371287
2024-10-30,304,10,False,False,3,15.833311476444132,78.22885770195116,233.2976573479457,6.957356298960405,50.390679059903256,1625.9702583243995
2024-10-31,305,10,False,False,3,14.725867226609587,83.09546327836782,238.83255900163817,6.8947097109694635,50.02618638436378,1670.6235425051689
2024-11-01,306,11,False,True,3,20.84371451972035,75.76851180659204,235.19303034604408,6.374812076975805,50.52273012024113,1198.0883895975062
2024-11-02,307,11,True,True,3,16.24204431879054,78.99755725244556,230.4657916884987,7.04668913853668,49.899290049961515,1227.730420724962
2024-11-03,308,11,True,True,3,16.934703349910894,80.32694144901092,227.44505414902136,5.386400905782402,50.190622327581046,909.0434972860407
2024-11-04,309,11,False,False,3,17.88820521905679,82.0146308344236,217.2322520197205,6.799506686624242,49.97969688416074,1466.9137237092982
2024-11-05,310,11,False,False,3,16.971814302671298,80.99983862846541,229.15807538763573,7.254445306626823,49.95189386897971,1654.382060153166
2024-11-06,311,11,False,False,3,20.376491199114735,79.8586658277057,228.36993752091576,8.205796782666388,50.12946521411285,1916.506432492193
2024-11-07,312,11,False,False,3,15.845244708963323,73.70233859984032,231.95183097197688,7.587236566356304,50.26840373461245,1797.738624772617
2024-11-08,313,11,False,False,3,17.586256399766725,72.19460634085986,229.23047386512656,8.45403556066323,49.375217544037994,1968.1792284314106
2024-11-09,314,11,True,True,3,15.820910559764522,76.48747776859291,228.39807470281602,9.040890624461614,50.716816804408936,1637.923474126759
2024-11-10,315,11,True,True,3,14.776896892772962,79.25679144343509,221.1030053474639,8.783252668388414,49.0701684797251,1484.5702408599411
2024-11-11,316,11,False,False,3,16.306740941223875,73.23993476963619,225.30016085424967,8.229593584288892,49.65759394513055,1874.7323151586897
2024-11-12,317,11,False,False,3,17.571756176263317,79.43753203071549,232.38325520400278,7.805611610288827,49.95286546461755,1840.151900520184
2024-11-13,318,11,False,False,3,16.904955168006357,81.12870826517045,238.57953815566347,6.848279876698704,50.206177984542975,1514.4328770196164
2024-11-14,319,11,False,False,3,16.49859181743454,69.03386359417323,229.51237308127187,8.604974184533992,50.78808626387069,1933.2311360663457
2024-11-15,320,11,False,True,3,15.19278180213986,69.17667376528927,231.6390553678706,9.581372401066588,49.07085425588745,1740.9833228189857
2024-11-16,321,11,True,True,3,17.963261182505935,72.40125184965503,234.76239078476402,8.280947737979416,49.74615293580514,1561.1615812015568
2024-11-17,322,11,True,True,3,15.246123063608536,74.37915760567726,225.94553031899875,9.893928291927287,48.93658325610037,1748.2230782478405
2024-11-18,323,11,False,False,3,19.903765744956416,69.95242122308143,231.83407021642722,6.489524437212078,50.015810986955124,1502.5861356066134
2024-11-19,324,11,False,False,3,18.67858389551919,79.06670539360228,226.2975494683392,6.899947932115514,50.13584179225001,1550.9145614792258
2024-11-20,325,11,False,False,3,15.730573992168363,74.1528155720907,234.32412219245506,8.948904605077729,50.795397871085626,2088.986742591971
2024-11-21,326,11,False,False,3,18.16111436149159,71.95294028705317,230.75701523975866,8.398149964830646,50.060317380446726,1902.1123047351666
2024-11-22,327,11,False,False,3,17.410918487667573,64.29589773874385,231.4922590699072,9.488351566226429,50.52201256472119,2164.530686211914
2024-11-23,328,11,True,True,3,19.691082151230724,64.61270616606599,226.08700701290707,8.200348298390969,50.29191854076953,1429.1804096082449
2024-11-24,329,11,True,True,3,21.872898157508274,72.30985502222205,233.53516179805393,7.3896237571102645,49.78237590149742,1399.5929558234825
2024-11-25,330,11,False,False,3,15.582637497797327,59.951622832464494,240.42356460615508,8.086301488921602,49.29551962660398,1972.6925598761595
2024-11-26,331,11,False,False,3,19.705699026618632,75.38443486853741,224.96044152285896,6.810010089573406,50.137501149145905,1493.4519790192908
2024-11-27,332,11,False,False,3,19.299682693483728,69.23406704705393,228.30120496176238,7.257393812288067,49.253948991427315,1732.9037570282562
2024-11-28,333,11,False,False,3,21.10852407924543,85.94091899014747,231.15803737084045,9.402197175821358,50.64760353633482,2157.663373764422
2024-11-29,334,11,False,False,3,20.339683817954338,80.96277140655783,233.9320310599791,9.346774582913296,49.918968948981586,2263.0192432305244
2024-11-30,335,11,True,True,3,18.55830583492259,68.21088852393159,227.20226857355266,8.881677634326145,50.59758870575571,1582.2434871147275
2024-12-01,336,12,True,True,0,19.57455372750888,68.27869067435331,215.8348485492863,6.8427209586921665,49.759892782933804,1080.189224597509
2024-12-02,337,12,False,False,0,18.77244557736451,73.47791436940123,236.79594747082012,8.250945611778558,50.134425393200495,1973.9003749169267
2024-12-03,338,12,False,False,0,22.669720859793088,76.70298222590262,233.8025305979207,7.430312086118718,50.104674428667344,1749.653024122821
2024-12-04,339,12,False,False,0,20.714867371839567,59.681660245949246,221.2852623475667,9.87820647613647,49.97747794099454,2187.62120136067
2024-12-05,340,12,False,False,0,24.630445345382846,58.62228197730586,226.96215604110222,8.164697058600447,49.78367024330171,1820.9656239202036
2024-12-06,341,12,False,False,0,20.86379848031102,64.12410058682345,237.84091214763663,7.70978832160053,50.19622800923526,1831.9744756003756
2024-12-07,342,12,True,True,0,19.726552403743,69.82593416928398,237.23898209228932,8.872805946390603,49.5369183682584,1658.4173879258183
2024-12-08,343,12,True,True,0,18.27532578586761,69.07253759702859,234.6932001133947,8.250671914493369,49.39528233552047,1533.9837974419386
2024-12-09,344,12,False,False,0,17.856959425724387,71.6109980936358,229.1194378302007,10.42271554367459,50.62141344666341,2430.12833881907
2024-12-10,345,12,False,False,0,18.456499118047883,59.935768743643266,230.41493709406254,8.25262040368347,50.36358399444605,1910.7378726524082
2024-12-11,346,12,False,False,0,22.321556685099317,54.023894189139924,229.34537097436936,7.636962755698273,50.03294580430112,1781.9996256896613
2024-12-12,347,12,False,False,0,22.968237799896972,69.56338083107087,235.6411989163442,6.932322810273615,50.83257119127189,1621.9474329567056
2024-12-13,348,12,False,False,0,18.952794267129637,60.79946224479254,225.62078796752445,9.103766198944756,49.86611724063758,2036.8980359877921
2024-12-14,349,12,True,True,0,24.07049505281118,54.513674082669056,225.971001725579,8.622195413539758,50.66135160999449,1501.0187811925855
2024-12-15,350,12,True,True,0,21.48034494547124,64.99573703859284,235.05137293418008,7.805035508139708,50.087787042462914,1449.1656189622017
2024-12-16,351,12,False,False,0,22.9068583639116,67.89933623696491,229.77819272244218,10.473208163237935,49.4876246249618,2240.459115975284
2024-12-17,352,12,False,False,0,26.005226126469182,62.98504605390486,236.89233677726904,10.001480608416742,50.924020095885425,2339.7630142451026
2024-12-18,353,12,False,False,0,24.742633633044868,60.9668983278579,226.64243896509728,9.356468621456912,50.49535542331204,2116.4791596078544
2024-12-19,354,12,False,False,0,22.580671605755896,62.11917277766797,229.72610819830587,10.799646114641135,49.93948948449522,2509.144354548971
2024-12-20,355,12,False,False,0,21.50468410735465,60.72204973704771,225.38793507578023,10.14865660085418,50.36358562976697,2273.950861183462
2024-12-21,356,12,True,True,0,19.15328099069858,55.49294458273307,230.03681340711785,8.714217636488724,49.79814828300105,1621.0563622594277
2024-12-22,357,12,True,True,0,22.188905640382508,58.31733161139182,222.607265315006,8.548943519669438,50.41457451752977,1413.4561175273325
2024-12-23,358,12,False,False,0,23.375659073351084,64.15412910973834,227.5618328952252,10.457357409755803,48.80446071735802,2376.853576794147
2024-12-24,359,12,False,False,0,21.994623971223277,62.81265825419836,222.8187306753594,10.087061864125044,49.490099333152706,2163.611181162497
2024-12-25,360,12,False,True,0,23.877838078440924,61.700743689924714,233.4696161659563,9.911853371758323,50.48962987214348,1790.8781059751575
2024-12-26,361,12,False,False,0,24.46567949789433,55.54062639527576,233.58294669879825,8.947094916724131,49.87517223089054,2080.5305176490683
2024-12-27,362,12,False,False,0,24.0340913641513,59.26462412709544,221.34868634757828,10.45308856533599,50.10377114744437,2377.590621605691
2024-12-28,363,12,True,True,0,23.355778722125624,48.942534830011965,236.66942872750286,9.141236281997813,49.32660716894228,1749.3212731523386
2024-12-29,364,12,True,True,0,25.1651757823751,60.3760145148843,242.48707563209928,9.846373276938817,50.92393349785105,1911.0061590624114
2024-12-30,365,12,False,False,0,25.883881299138825,66.28384387897722,230.23003193368172,11.446944146386981,50.59526482185884,2634.4537968923905
2024-12-31,366,12,False,False,0,22.991335406672647,51.42507379247361,226.79442869887677,9.390805832657355,49.89965739081234,2094.1009991793812
2025-01-01,1,1,False,False,0,27.99399832105089,55.86609608609536,244.12165295501524,8.478650811394644,49.797652071568336,2042.6230802374073
2025-01-02,2,1,False,False,0,25.147039851658935,60.097804308881386,223.40515750848743,9.050717642998128,50.51480218070984,2043.3458028723828
2025-01-03,3,1,False,False,0,25.553895918122233,64.37347817579344,230.1005323343455,11.149157828357385,50.991235225084466,2496.159125462445
2025-01-04,4,1,True,True,0,27.104453114536312,55.52569677606535,230.89811136315961,10.46113841778717,50.47688012790568,1962.0183852146706
2025-01-05,5,1,True,True,0,26.32608024990147,53.963784804618896,236.72573810226208,10.129017017523585,51.0859013336983,1898.8138704229727
2025-01-06,6,1,False,False,0,27.937290242300836,47.239400349522086,231.79869487563394,9.800211287030734,49.538824335469045,2312.9540395826593
2025-01-07,7,1,False,False,0,26.776328779397176,57.26105038777019,227.50683052105774,10.84598404225125,49.59030658475061,2515.590126196156
2025-01-08,8,1,False,False,0,25.147912971851774,66.61504848620747,225.24407814806023,9.562731465349572,49.405529440973325,2070.2944328648264
2025-01-09,9,1,False,False,0,27.266095257055014,57.453334513951845,228.29089089876933,10.768592030635439,50.22088032482474,2429.292430237791
2025-01-10,10,1,False,False,0,24.425479027173452,55.61818679528551,224.96536319527428,9.782624863731476,50.08780177490218,2157.9753710754408
2025-01-11,11,1,True,True,0,27.09938650998549,57.004298149222684,230.2391265989234,9.667020744254678,49.924024438264006,1689.94473212304
2025-01-12,12,1,True,True,0,26.98458501739727,55.00409637063828,227.17901910069756,9.977826064780846,50.40462931406165,1761.7755267129583
2025-01-13,13,1,False,False,0,26.802981415496575,50.66161828413921,222.52981103355125,10.290357092528534,50.61616430260733,2411.9740115314057
2025-01-14,14,1,False,False,0,27.12965263718164,58.511786074404206,236.27572894187452,10.667188462084146,49.23716879535658,2550.873224449907
2025-01-15,15,1,False,False,0,23.789834860166593,55.194551230088955,227.51163738285481,11.001515680459676,49.70151398604944,2598.8372445848204
2025-01-16,16,1,False,False,0,26.622131759859133,53.82592544095175,223.65931597512343,7.127509181173873,50.41007179706153,1635.5887500686772
2025-01-17,17,1,False,False,0,28.07051413108832,48.535000219118146,229.1587043275623,10.057796740895062,49.76613065807071,2267.739511483068
2025-01-18,18,1,True,True,0,28.368925030557694,59.60529340625912,230.3418578298383,10.523193696612829,49.60089696182092,1920.0570292711323
2025-01-19,19,1,True,True,0,26.15734633507173,56.0892391120702,221.26766637210483,12.468871023685423,50.5092687138252,2236.5882039765206
2025-01-20,20,1,False,False,0,30.906644677670535,49.681236509084194,231.65823833562882,9.932566090400208,49.35524996513801,2322.836072827968
2025-01-21,21,1,False,False,0,26.804411525334714,57.13731873528035,224.76421215654867,11.223824984629028,49.84921009610445,2493.8470792677135
2025-01-22,22,1,False,False,0,30.636159829960203,49.32502663176154,238.55514404595394,12.604203938407856,50.1643220129024,2931.2980275825057
2025-01-23,23,1,False,False,0,29.71102278617944,47.58997573805373,232.61980256038368,9.844021688783547,49.71309004304494,2454.3024410144003
2025-01-24,24,1,False,False,0,27.722425272372124,47.391108725588666,228.00050004945342,11.59843919348232,50.39157782800659,2637.392452290008
2025-01-25,25,1,True,True,0,32.72255781134219,42.02652336439037,226.27416114841324,10.44930897390243,49.715561512401315,1875.2399534611561
2025-01-26,26,1,True,True,0,26.940482261991352,52.93452174861375,229.4751614621819,10.79369303536206,50.70430974672296,1987.1742848456147
2025-01-27,27,1,False,False,0,31.32060176462411,41.11882146613445,233.06395370791645,10.541577191267917,49.93712685125212,2444.7252290485426
2025-01-28,28,1,False,False,0,31.636667345114464,43.83294457475567,229.872529357074,10.658793504292666,50.33563506835268,2456.3002681117796
2025-01-29,29,1,False,False,0,28.446097983004595,39.30081213429028,228.91420596431573,14.158113668253858,50.373011976491405,3305.3407126266784
2025-01-30,30,1,False,False,0,32.72268610172843,48.95505057280687,230.29185145408948,12.325782522551599,49.686229998627965,2832.2998537545436
2025-01-31,31,1,False,False,0,29.58661640932314,48.34358892782762,226.98070534381523,12.627750693342522,48.97325672567206,2808.1202373143497
2025-02-01,32,2,True,True,0,30.811543332215216,47.17473368586465,228.28397036578482,12.062240308933147,50.18037787733192,2194.810697659645
2025-02-02,33,2,True,True,0,30.90069539292544,43.31166616856063,219.571037805475,10.007758726212941,50.036144173562434,1734.7110866266037
2025-02-03,34,2,False,False,0,30.2557356487351,42.38312618696733,234.86863115426183,12.052263909826166,50.27791301378756,2901.893673673126
2025-02-04,35,2,False,False,0,32.28863410923074,50.28936805323442,231.49398890160882,12.7730348833807,49.88673626380858,3015.4367487700724
2025-02-05,36,2,False,False,0,32.39498017564243,44.941548342191005,226.13272077983285,10.889001346322292,49.78478615059964,2467.7357510406628
2025-02-06,37,2,False,False,0,27.450202923131272,49.00653531576403,239.4936749067762,12.749506728043418,51.00423650549085,2989.4894268068233
2025-02-07,38,2,False,False,0,33.693449186907564,42.73266230464761,230.43508240196192,12.529766820199457,49.263822969244615,2826.003236518033
2025-02-08,39,2,True,True,0,27.89548350833733,47.80218656967371,224.81928214012402,13.718180290136273,50.36697523918212,2468.0453191570155
2025-02-09,40,2,True,True,0,33.419415417585085,53.15511290230965,234.28368710735228,11.488513890156915,49.71269907090831,2170.0732633220587
2025-02-10,41,2,False,False,0,33.73970588400498,49.31536081242359,231.9902410825463,10.848277700829216,49.83211069112979,2497.963418179478
2025-02-11,42,2,False,False,0,29.434413321992384,44.07230637117805,231.9728999274211,11.623275745354288,49.84144858371302,2672.27650209553
2025-02-12,43,2,False,False,0,30.922807612420286,47.174322649636075,227.87122197674205,13.458901849662459,49.598282862914374,3037.256449288686
2025-02-13,44,2,False,False,0,29.659118335264797,44.443135853829695,232.25247861889017,10.232752420829037,50.28561210511812,2375.4124148187952
2025-02-14,45,2,False,False,0,31.564741209939,45.448249841743895,228.69120854889454,10.029999265723909,50.69532179797498,2174.634536219272
2025-02-15,46,2,True,True,0,31.500497654446264,43.547504522285564,232.77970725822922,12.224365145776938,50.235006830623334,2221.4009806028394
2025-02-16,47,2,True,True,0,33.7957614474978,44.12498741993288,220.4752777299468,11.72834282211358,50.05169099810605,2037.2951705416483
2025-02-17,48,2,False,False,0,34.974787721879075,45.78269450956002,227.83063268510406,12.213978962067642,49.50677975045038,2843.0937142780176
2025-02-18,49,2,False,False,0,35.26108849854546,39.53552567474943,238.61077548904098,13.18622803432553,50.258412632912226,3105.685414949301
2025-02-19,50,2,False,False,0,31.458722031629023,39.20760876347581,226.1646627229985,11.722348079316834,51.07817481586465,2660.2043067718414
2025-02-20,51,2,False,False,0,32.27570452135032,37.13362995519163,226.98080851253405,10.435238649721192,49.80965268810245,2379.92604328151
2025-02-21,52,2,False,False,0,29.436082126265852,35.869045551062555,227.76019330775011,14.38536911041227,49.812008210324066,3341.310274673874
2025-02-22,53,2,True,True,0,31.297716434575396,37.58282550997929,223.9259693205568,11.375608682831555,49.7194554345095,2100.964231079726
2025-02-23,54,2,True,True,0,34.94331414794168,44.27022855954246,218.95859611885874,11.345046142511931,49.75529288275279,1984.4011525747233
2025-02-24,55,2,False,False,0,36.34655623717007,38.81755283416784,228.84706800738195,13.53833719074468,48.62735022316381,3074.4345347377443
2025-02-25,56,2,False,False,0,30.7460677892643,45.66309117409422,230.67929712040828,12.079940538865724,50.202517692927856,2753.400537620587
2025-02-26,57,2,False,True,0,32.12677774535229,43.08712534876627,229.73747465730673,12.430122027062612,49.57722391182269,2272.4787142203327
2025-02-27,58,2,False,False,0,33.35337254242693,32.8946363718115,229.27560719026056,13.004645340963751,49.1948684406041,2959.946289127277
2025-02-28,59,2,False,False,0,34.05849323291449,45.840751546922014,230.21520435425194,13.63303437769258,50.37659497486627,3166.213165696951
2025-03-01,60,3,True,True,1,31.968432542914737,46.45374914848784,235.11420735775383,12.242831181645636,49.45899110747903,2323.7863301441857
2025-03-02,61,3,True,True,1,34.522685636224146,37.26954017323587,229.04776907035392,14.12232107010309,49.83066547305812,2617.338967719144
2025-03-03,62,3,False,False,1,32.811238357300596,44.18417189977678,227.12958711456366,10.491875266697923,50.73322119559429,2445.97948295441
2025-03-04,63,3,False,False,1,33.81177055767708,37.650392766460314,228.59437257555956,13.411989766783169,49.29539210098774,3159.048841797633
2025-03-05,64,3,False,False,1,35.01238196060289,42.27625928185736,232.89673379878388,11.836416481360988,49.23370088270112,2762.895908061446
2025-03-06,65,3,False,False,1,34.00915323614431,35.3258354440373,237.06013439271624,14.07116392556472,50.13465309478117,3390.6851998260954
2025-03-07,66,3,False,False,1,33.19736634697322,32.54865329346525,226.8592813041541,12.863085917238454,50.574743682005185,2900.5274173465905
2025-03-08,67,3,True,True,1,33.92206027400167,39.47143543117557,230.49466893514443,12.0694786325466,49.212829141134016,2284.8107344820537
2025-03-09,68,3,True,True,1,34.03298695875568,40.64372834271719,231.6917872096798,13.425754956171538,50.203844868418585,2541.5851862064724
2025-03-10,69,3,False,False,1,33.53539477602771,39.15637866411856,225.0371099663559,13.675813397944841,50.29049976998085,3127.986322009826
2025-03-11,70,3,False,False,1,33.82078016289505,35.11261560864377,230.1020858360646,13.443405809327412,48.97041975815384,3098.0592095264815
2025-03-12,71,3,False,False,1,37.59585492042839,38.926884756735404,222.67163071328952,11.789871934192625,50.39925066895361,2591.8521012879723
2025-03-13,72,3,False,False,1,35.5778027701539,42.172117423157744,221.15474848130302,12.352772038659342,50.43830293992109,2662.1477713633058
2025-03-14,73,3,False,False,1,33.91960452689322,40.50612387810433,231.8337320394613,12.849096711764027,49.844107213371984,2976.8521836481696
2025-03-15,74,3,True,True,1,35.956257074940524,41.55374949251479,228.08062629334609,12.827444827125657,50.62617318114901,2417.203947043789
2025-03-16,75,3,True,True,1,33.943658859210984,37.20706006514761,231.0114020381061,13.63313482705525,50.56822778716242,2504.0354273898492
2025-03-17,76,3,False,False,1,37.00364865172183,46.338378560933435,229.91052511495826,10.882318580457957,50.0515589628586,2541.2159085743588
2025-03-18,77,3,False,False,1,35.43992360291126,34.5268594843163,225.117999756681,13.244518820108025,49.77427730483753,3023.7771545483815
2025-03-19,78,3,False,False,1,34.52640026371574,42.77927044583395,229.7737284901783,12.632320011080623,49.51358605370852,2888.3909573807264
2025-03-20,79,3,False,False,1,35.67391726667712,46.19049246552319,223.83449347492572,12.095044408133019,49.9812182453169,2773.105380527163
2025-03-21,80,3,False,False,1,31.67131239857909,42.63098865909766,236.95486179000702,12.20143263304523,50.28487945985209,2745.7557459792883
2025-03-22,81,3,True,True,1,32.591203229701314,39.16509758480675,223.22014827570018,12.738883785738313,49.83791156947968,2213.7229080786265
2025-03-23,82,3,True,True,1,32.48564441114175,37.49337778133682,229.0210736451571,9.360963222722441,48.90124949736899,1669.3046632786557
2025-03-24,83,3,False,False,1,35.185211140400945,45.278332033217325,224.78864205976376,12.26850791447051,50.63435694728828,2716.835483049921
2025-03-25,84,3,False,False,1,38.3872520931495,32.951947338608235,232.85210586680398,12.100851803607505,50.095111610922444,2834.5219728114157
2025-03-26,85,3,False,False,1,39.404779361324785,35.19103548079394,228.3428431435925,13.51543693000448,49.81018775166158,3100.655185077825
2025-03-27,86,3,False,False,1,36.23529216435331,38.03461686084072,227.40666640189394,12.182230305931018,50.42857919421164,2790.019911820648
2025-03-28,87,3,False,False,1,35.97493868097047,46.19734317381285,234.26600772525777,12.776861119153976,50.76231929824138,3022.9883203508953
2025-03-29,88,3,True,True,1,31.382238743250163,41.90050500710972,230.14715295838775,14.537582891127995,48.59904421525606,2629.121422174458
2025-03-30,89,3,True,True,1,33.90715251292879,35.159956412724966,232.58322222967985,13.992101553534473,50.21713182496104,2542.5536487284
2025-03-31,90,3,False,True,1,33.42211751598243,38.45309143347767,225.09337031741268,13.901576905883125,49.28667539459482,2523.138222877947
2025-04-01,91,4,False,False,1,33.75821220085967,36.94338405472486,222.97591528036247,12.50009978879772,50.24955525339947,2755.709587820715
2025-04-02,92,4,False,False,1,34.6628789493778,36.48234661572104,230.53603981020066,13.542782255253867,50.06396360118729,3043.575636869686
2025-04-03,93,4,False,False,1,34.05128165147932,44.94794833062078,228.40576822252635,12.764741041608477,50.317863263220275,2964.1076979972695
2025-04-04,94,4,False,False,1,31.03019753509876,33.22290443073889,233.13217336226973,12.800545936078162,49.750376192752675,3053.974189626586
2025-04-05,95,4,True,True,1,36.47499212088899,48.15954614079283,229.60045773668725,13.403436826342725,49.06337994409042,2539.8062289433815
2025-04-06,96,4,True,True,1,32.821102966062085,44.29670426256447,231.02537669617314,12.392983116841577,49.774815904371664,2299.8252604398476
